1791524407 01-normal-main ae1f9c8b09dd hwm_kb=31136 rss_kb=31136 cgroup_peak=17764352
1791524408 01-normal-main ae1f9c8b09dd hwm_kb=31136 rss_kb=31136 cgroup_peak=17764352
1791524408 01-normal-main ae1f9c8b09dd hwm_kb=31136 rss_kb=31136 cgroup_peak=17764352
1791524409 01-normal-main ae1f9c8b09dd hwm_kb=31136 rss_kb=31136 cgroup_peak=17764352
1791524409 01-normal-main ae1f9c8b09dd hwm_kb=31136 rss_kb=31136 cgroup_peak=17764352
1791524410 01-normal-main ae1f9c8b09dd hwm_kb=31136 rss_kb=31136 cgroup_peak=17764352
1791524411 01-normal-main ae1f9c8b09dd hwm_kb=35556 rss_kb=35556 cgroup_peak=17764352
1791524411 01-normal-main ae1f9c8b09dd hwm_kb=46616 rss_kb=41304 cgroup_peak=31035392
1791524412 01-normal-main ae1f9c8b09dd hwm_kb=46616 rss_kb=41184 cgroup_peak=31035392
1791524412 01-normal-main ae1f9c8b09dd hwm_kb=46616 rss_kb=40896 cgroup_peak=31035392
1791524413 01-normal-main ae1f9c8b09dd hwm_kb=46616 rss_kb=40744 cgroup_peak=31035392
1791524413 01-normal-main ae1f9c8b09dd hwm_kb=46616 rss_kb=41828 cgroup_peak=32747520
1791524414 01-normal-main ae1f9c8b09dd hwm_kb=46616 rss_kb=42184 cgroup_peak=33587200
1791524414 01-normal-main ae1f9c8b09dd hwm_kb=46616 rss_kb=43352 cgroup_peak=33587200
1791524415 01-normal-main ae1f9c8b09dd hwm_kb=46616 rss_kb=43784 cgroup_peak=33587200
1791524415 01-normal-main ae1f9c8b09dd hwm_kb=46616 rss_kb=43920 cgroup_peak=33587200
1791524416 01-normal-main ae1f9c8b09dd hwm_kb=46616 rss_kb=43752 cgroup_peak=33587200
1791524416 01-normal-main ae1f9c8b09dd hwm_kb=46616 rss_kb=42752 cgroup_peak=33587200
1791524417 01-normal-main ae1f9c8b09dd hwm_kb=46616 rss_kb=42284 cgroup_peak=33587200
1791524417 01-normal-main ae1f9c8b09dd hwm_kb=46616 rss_kb=43628 cgroup_peak=33587200
1791524418 01-normal-main ae1f9c8b09dd hwm_kb=46616 rss_kb=43404 cgroup_peak=33587200
1791524418 01-normal-main ae1f9c8b09dd hwm_kb=46616 rss_kb=43456 cgroup_peak=33587200
1791524419 01-normal-main ae1f9c8b09dd hwm_kb=46616 rss_kb=45156 cgroup_peak=33587200
1791524420 01-normal-main ae1f9c8b09dd hwm_kb=46616 rss_kb=43180 cgroup_peak=33587200
1791524420 01-normal-main ae1f9c8b09dd hwm_kb=46616 rss_kb=43896 cgroup_peak=33587200
1791524421 01-normal-main ae1f9c8b09dd hwm_kb=46616 rss_kb=45520 cgroup_peak=34041856
1791524421 01-normal-main ae1f9c8b09dd hwm_kb=46616 rss_kb=42000 cgroup_peak=34041856
1791524422 01-normal-main ae1f9c8b09dd hwm_kb=46616 rss_kb=41132 cgroup_peak=34041856
1791524422 01-normal-main ae1f9c8b09dd hwm_kb=46616 rss_kb=42108 cgroup_peak=34041856
1791524423 01-normal-main ae1f9c8b09dd hwm_kb=46616 rss_kb=43724 cgroup_peak=34041856
1791524423 01-normal-main ae1f9c8b09dd hwm_kb=46616 rss_kb=43444 cgroup_peak=34041856
1791524424 01-normal-main ae1f9c8b09dd hwm_kb=46616 rss_kb=44420 cgroup_peak=34041856
1791524424 01-normal-main ae1f9c8b09dd hwm_kb=46616 rss_kb=42756 cgroup_peak=34041856
1791524425 01-normal-main ae1f9c8b09dd hwm_kb=46616 rss_kb=43048 cgroup_peak=34041856
1791524425 01-normal-main ae1f9c8b09dd hwm_kb=46616 rss_kb=42940 cgroup_peak=34041856
1791524426 01-normal-main ae1f9c8b09dd hwm_kb=46616 rss_kb=43188 cgroup_peak=34041856
1791524426 01-normal-main ae1f9c8b09dd hwm_kb=46616 rss_kb=43792 cgroup_peak=34041856
1791524427 01-normal-main ae1f9c8b09dd hwm_kb=46616 rss_kb=43528 cgroup_peak=34041856
1791524428 01-normal-main ae1f9c8b09dd hwm_kb=46616 rss_kb=42368 cgroup_peak=34041856
1791524428 01-normal-main ae1f9c8b09dd hwm_kb=46616 rss_kb=42224 cgroup_peak=34041856
1791524429 01-normal-main ae1f9c8b09dd hwm_kb=46616 rss_kb=44280 cgroup_peak=34041856
1791524429 01-normal-main ae1f9c8b09dd hwm_kb=46616 rss_kb=43008 cgroup_peak=34041856
1791524430 01-normal-main ae1f9c8b09dd hwm_kb=46616 rss_kb=44888 cgroup_peak=34041856
1791524430 01-normal-main ae1f9c8b09dd hwm_kb=46616 rss_kb=45532 cgroup_peak=34041856
1791524431 01-normal-main ae1f9c8b09dd hwm_kb=47460 rss_kb=41904 cgroup_peak=35622912
1791524431 01-normal-main ae1f9c8b09dd hwm_kb=47460 rss_kb=42468 cgroup_peak=35622912
1791524432 01-normal-main ae1f9c8b09dd hwm_kb=47460 rss_kb=42460 cgroup_peak=35622912
1791524432 01-normal-main ae1f9c8b09dd hwm_kb=47460 rss_kb=42100 cgroup_peak=35622912
1791524433 01-normal-main ae1f9c8b09dd hwm_kb=47460 rss_kb=43572 cgroup_peak=35622912
1791524433 01-normal-main ae1f9c8b09dd hwm_kb=47460 rss_kb=43620 cgroup_peak=35622912
1791524434 01-normal-main ae1f9c8b09dd hwm_kb=47460 rss_kb=44228 cgroup_peak=35622912
1791524434 01-normal-main ae1f9c8b09dd hwm_kb=47460 rss_kb=43372 cgroup_peak=35622912
1791524435 01-normal-main ae1f9c8b09dd hwm_kb=47460 rss_kb=43296 cgroup_peak=35622912
1791524435 01-normal-main ae1f9c8b09dd hwm_kb=47460 rss_kb=43412 cgroup_peak=35622912
1791524436 01-normal-main ae1f9c8b09dd hwm_kb=47460 rss_kb=43324 cgroup_peak=35622912
1791524437 01-normal-main ae1f9c8b09dd hwm_kb=47460 rss_kb=44692 cgroup_peak=35622912
1791524437 01-normal-main ae1f9c8b09dd hwm_kb=47460 rss_kb=44192 cgroup_peak=35622912
1791524438 01-normal-main ae1f9c8b09dd hwm_kb=47460 rss_kb=42592 cgroup_peak=35622912
1791524438 01-normal-main ae1f9c8b09dd hwm_kb=47460 rss_kb=42940 cgroup_peak=35622912
1791524439 01-normal-main ae1f9c8b09dd hwm_kb=47460 rss_kb=44284 cgroup_peak=35622912
1791524439 01-normal-main ae1f9c8b09dd hwm_kb=47460 rss_kb=42772 cgroup_peak=35622912
1791524440 01-normal-main ae1f9c8b09dd hwm_kb=47460 rss_kb=43920 cgroup_peak=35622912
1791524440 01-normal-main ae1f9c8b09dd hwm_kb=47460 rss_kb=42260 cgroup_peak=35622912
1791524441 01-normal-main ae1f9c8b09dd hwm_kb=47460 rss_kb=41252 cgroup_peak=35622912
1791524441 01-normal-main ae1f9c8b09dd hwm_kb=47460 rss_kb=41844 cgroup_peak=35622912
1791524442 01-normal-main ae1f9c8b09dd hwm_kb=47460 rss_kb=41716 cgroup_peak=35622912
1791524442 01-normal-main ae1f9c8b09dd hwm_kb=47460 rss_kb=42484 cgroup_peak=35622912
1791524443 01-normal-main ae1f9c8b09dd hwm_kb=47460 rss_kb=43088 cgroup_peak=35622912
1791524444 01-normal-main ae1f9c8b09dd hwm_kb=47460 rss_kb=44120 cgroup_peak=35622912
1791524444 01-normal-main ae1f9c8b09dd hwm_kb=47460 rss_kb=43376 cgroup_peak=35622912
1791524445 01-normal-main ae1f9c8b09dd hwm_kb=47460 rss_kb=44408 cgroup_peak=35622912
1791524445 01-normal-main ae1f9c8b09dd hwm_kb=47460 rss_kb=44676 cgroup_peak=35622912
1791524446 01-normal-main ae1f9c8b09dd hwm_kb=47460 rss_kb=43428 cgroup_peak=35622912
1791524447 01-normal-main ae1f9c8b09dd hwm_kb=47460 rss_kb=42572 cgroup_peak=35622912
1791524447 01-normal-main ae1f9c8b09dd hwm_kb=47460 rss_kb=42380 cgroup_peak=35622912
1791524448 01-normal-main ae1f9c8b09dd hwm_kb=47460 rss_kb=44288 cgroup_peak=35622912
1791524448 01-normal-main ae1f9c8b09dd hwm_kb=47460 rss_kb=43000 cgroup_peak=35622912
1791524449 01-normal-main ae1f9c8b09dd hwm_kb=47460 rss_kb=43964 cgroup_peak=35622912
1791524450 01-normal-main ae1f9c8b09dd hwm_kb=47460 rss_kb=44256 cgroup_peak=35622912
1791524450 01-normal-main ae1f9c8b09dd hwm_kb=47460 rss_kb=43472 cgroup_peak=35622912
1791524451 01-normal-main ae1f9c8b09dd hwm_kb=47460 rss_kb=47004 cgroup_peak=36605952
1791524451 01-normal-main ae1f9c8b09dd hwm_kb=61852 rss_kb=62004 cgroup_peak=54317056
1791524452 01-normal-main ae1f9c8b09dd hwm_kb=75544 rss_kb=75548 cgroup_peak=68280320
1791524453 01-normal-main ae1f9c8b09dd hwm_kb=84276 rss_kb=84276 cgroup_peak=78970880
1791524453 01-normal-main ae1f9c8b09dd hwm_kb=102756 rss_kb=102756 cgroup_peak=96890880
1791524454 01-normal-main ae1f9c8b09dd hwm_kb=115664 rss_kb=115920 cgroup_peak=112623616
1791524455 01-normal-main ae1f9c8b09dd hwm_kb=124844 rss_kb=124856 cgroup_peak=120238080
1791524455 01-normal-main ae1f9c8b09dd hwm_kb=126100 rss_kb=126100 cgroup_peak=121765888
1791524456 01-normal-main ae1f9c8b09dd hwm_kb=128540 rss_kb=128540 cgroup_peak=124751872
1791524457 01-normal-main ae1f9c8b09dd hwm_kb=131184 rss_kb=131192 cgroup_peak=130134016
1791524458 01-normal-main ae1f9c8b09dd hwm_kb=131020 rss_kb=126272 cgroup_peak=130584576
1791524458 01-normal-main ae1f9c8b09dd hwm_kb=131020 rss_kb=130064 cgroup_peak=130584576
1791524459 01-normal-main ae1f9c8b09dd hwm_kb=132356 rss_kb=132376 cgroup_peak=132476928
1791524460 01-normal-main ae1f9c8b09dd hwm_kb=132156 rss_kb=125948 cgroup_peak=133246976
1791524460 01-normal-main ae1f9c8b09dd hwm_kb=132156 rss_kb=127244 cgroup_peak=133246976
1791524461 01-normal-main ae1f9c8b09dd hwm_kb= rss_kb= cgroup_peak=2776834048
1791524466 01-normal-main 7faafcd4505d hwm_kb=30732 rss_kb=30732 cgroup_peak=17481728
1791524467 01-normal-main 7faafcd4505d hwm_kb=30732 rss_kb=30732 cgroup_peak=17481728
1791524467 01-normal-main 7faafcd4505d hwm_kb=30732 rss_kb=30732 cgroup_peak=17481728
1791524468 01-normal-main 7faafcd4505d hwm_kb=30732 rss_kb=30732 cgroup_peak=17481728
1791524468 01-normal-main 7faafcd4505d hwm_kb=30732 rss_kb=30732 cgroup_peak=17481728
1791524469 01-normal-main 7faafcd4505d hwm_kb=30732 rss_kb=30732 cgroup_peak=17481728
1791524469 01-normal-main 7faafcd4505d hwm_kb=31056 rss_kb=31056 cgroup_peak=17481728
1791524470 01-normal-main 7faafcd4505d hwm_kb=43012 rss_kb=41372 cgroup_peak=27226112
1791524470 01-normal-main 7faafcd4505d hwm_kb=43012 rss_kb=40520 cgroup_peak=27226112
1791524471 01-normal-main 7faafcd4505d hwm_kb=43012 rss_kb=42132 cgroup_peak=27226112
1791524471 01-normal-main 7faafcd4505d hwm_kb=43012 rss_kb=41828 cgroup_peak=27226112
1791524472 01-normal-main 7faafcd4505d hwm_kb=43916 rss_kb=42996 cgroup_peak=28012544
1791524473 01-normal-main 7faafcd4505d hwm_kb=44956 rss_kb=42664 cgroup_peak=29089792
1791524473 01-normal-main 7faafcd4505d hwm_kb=44956 rss_kb=43564 cgroup_peak=29089792
1791524474 01-normal-main 7faafcd4505d hwm_kb=44956 rss_kb=43592 cgroup_peak=29089792
1791524474 01-normal-main 7faafcd4505d hwm_kb=44956 rss_kb=42464 cgroup_peak=29089792
1791524475 01-normal-main 7faafcd4505d hwm_kb=44956 rss_kb=42456 cgroup_peak=29089792
1791524475 01-normal-main 7faafcd4505d hwm_kb=46120 rss_kb=43220 cgroup_peak=30072832
1791524476 01-normal-main 7faafcd4505d hwm_kb=46120 rss_kb=43728 cgroup_peak=30072832
1791524476 01-normal-main 7faafcd4505d hwm_kb=46120 rss_kb=43096 cgroup_peak=30072832
1791524477 01-normal-main 7faafcd4505d hwm_kb=46120 rss_kb=44572 cgroup_peak=30072832
1791524477 01-normal-main 7faafcd4505d hwm_kb=46120 rss_kb=45120 cgroup_peak=30072832
1791524478 01-normal-main 7faafcd4505d hwm_kb=46120 rss_kb=42468 cgroup_peak=30072832
1791524478 01-normal-main 7faafcd4505d hwm_kb=46120 rss_kb=43264 cgroup_peak=30072832
1791524479 01-normal-main 7faafcd4505d hwm_kb=46120 rss_kb=44096 cgroup_peak=30072832
1791524480 01-normal-main 7faafcd4505d hwm_kb=46120 rss_kb=45560 cgroup_peak=30072832
1791524480 01-normal-main 7faafcd4505d hwm_kb=46120 rss_kb=42164 cgroup_peak=30072832
1791524481 01-normal-main 7faafcd4505d hwm_kb=46120 rss_kb=42676 cgroup_peak=30072832
1791524481 01-normal-main 7faafcd4505d hwm_kb=46120 rss_kb=41544 cgroup_peak=30072832
1791524482 01-normal-main 7faafcd4505d hwm_kb=46120 rss_kb=43432 cgroup_peak=30072832
1791524482 01-normal-main 7faafcd4505d hwm_kb=46120 rss_kb=43120 cgroup_peak=30072832
1791524483 01-normal-main 7faafcd4505d hwm_kb=46120 rss_kb=43040 cgroup_peak=30072832
1791524483 01-normal-main 7faafcd4505d hwm_kb=46120 rss_kb=43172 cgroup_peak=30072832
1791524484 01-normal-main 7faafcd4505d hwm_kb=46120 rss_kb=42348 cgroup_peak=30072832
1791524484 01-normal-main 7faafcd4505d hwm_kb=46120 rss_kb=43448 cgroup_peak=30072832
1791524485 01-normal-main 7faafcd4505d hwm_kb=46120 rss_kb=41868 cgroup_peak=30072832
1791524485 01-normal-main 7faafcd4505d hwm_kb=46120 rss_kb=43612 cgroup_peak=30072832
1791524486 01-normal-main 7faafcd4505d hwm_kb=46120 rss_kb=42796 cgroup_peak=30072832
1791524486 01-normal-main 7faafcd4505d hwm_kb=46120 rss_kb=43596 cgroup_peak=30072832
1791524487 01-normal-main 7faafcd4505d hwm_kb=46120 rss_kb=42864 cgroup_peak=30072832
1791524488 01-normal-main 7faafcd4505d hwm_kb=46120 rss_kb=42760 cgroup_peak=30072832
1791524488 01-normal-main 7faafcd4505d hwm_kb=46120 rss_kb=43024 cgroup_peak=30072832
1791524489 01-normal-main 7faafcd4505d hwm_kb=46204 rss_kb=42804 cgroup_peak=30248960
1791524489 01-normal-main 7faafcd4505d hwm_kb=46204 rss_kb=43636 cgroup_peak=30248960
1791524490 01-normal-main 7faafcd4505d hwm_kb=46204 rss_kb=42988 cgroup_peak=30248960
1791524490 01-normal-main 7faafcd4505d hwm_kb=46204 rss_kb=42592 cgroup_peak=30248960
1791524491 01-normal-main 7faafcd4505d hwm_kb=46204 rss_kb=42096 cgroup_peak=30248960
1791524491 01-normal-main 7faafcd4505d hwm_kb=46204 rss_kb=40944 cgroup_peak=30248960
1791524492 01-normal-main 7faafcd4505d hwm_kb=46204 rss_kb=42800 cgroup_peak=30248960
1791524492 01-normal-main 7faafcd4505d hwm_kb=46204 rss_kb=43920 cgroup_peak=30248960
1791524493 01-normal-main 7faafcd4505d hwm_kb=46220 rss_kb=42456 cgroup_peak=30248960
1791524493 01-normal-main 7faafcd4505d hwm_kb=46220 rss_kb=43544 cgroup_peak=30248960
1791524494 01-normal-main 7faafcd4505d hwm_kb=46220 rss_kb=43244 cgroup_peak=30248960
1791524494 01-normal-main 7faafcd4505d hwm_kb=46220 rss_kb=43256 cgroup_peak=30248960
1791524495 01-normal-main 7faafcd4505d hwm_kb=46220 rss_kb=42956 cgroup_peak=30248960
1791524496 01-normal-main 7faafcd4505d hwm_kb=46220 rss_kb=42664 cgroup_peak=30248960
1791524496 01-normal-main 7faafcd4505d hwm_kb=46220 rss_kb=43680 cgroup_peak=30248960
1791524497 01-normal-main 7faafcd4505d hwm_kb=46220 rss_kb=43080 cgroup_peak=30248960
1791524497 01-normal-main 7faafcd4505d hwm_kb=46264 rss_kb=44020 cgroup_peak=30248960
1791524498 01-normal-main 7faafcd4505d hwm_kb=46264 rss_kb=44564 cgroup_peak=30248960
1791524498 01-normal-main 7faafcd4505d hwm_kb=46264 rss_kb=43236 cgroup_peak=30248960
1791524499 01-normal-main 7faafcd4505d hwm_kb=46264 rss_kb=43988 cgroup_peak=30248960
1791524499 01-normal-main 7faafcd4505d hwm_kb=46264 rss_kb=43668 cgroup_peak=30248960
1791524500 01-normal-main 7faafcd4505d hwm_kb=46264 rss_kb=41228 cgroup_peak=30248960
1791524500 01-normal-main 7faafcd4505d hwm_kb=46264 rss_kb=43204 cgroup_peak=30248960
1791524501 01-normal-main 7faafcd4505d hwm_kb=46264 rss_kb=43384 cgroup_peak=30248960
1791524501 01-normal-main 7faafcd4505d hwm_kb=46264 rss_kb=42100 cgroup_peak=30248960
1791524502 01-normal-main 7faafcd4505d hwm_kb=46264 rss_kb=44220 cgroup_peak=30248960
1791524502 01-normal-main 7faafcd4505d hwm_kb=46264 rss_kb=43196 cgroup_peak=30248960
1791524503 01-normal-main 7faafcd4505d hwm_kb=46508 rss_kb=43236 cgroup_peak=30334976
1791524504 01-normal-main 7faafcd4505d hwm_kb=46508 rss_kb=44160 cgroup_peak=30334976
1791524504 01-normal-main 7faafcd4505d hwm_kb=46508 rss_kb=43240 cgroup_peak=30334976
1791524505 01-normal-main 7faafcd4505d hwm_kb=48004 rss_kb=43564 cgroup_peak=32043008
1791524505 01-normal-main 7faafcd4505d hwm_kb=48004 rss_kb=43036 cgroup_peak=32043008
1791524506 01-normal-main 7faafcd4505d hwm_kb=48004 rss_kb=43224 cgroup_peak=32043008
1791524506 01-normal-main 7faafcd4505d hwm_kb=48004 rss_kb=43372 cgroup_peak=32043008
1791524507 01-normal-main 7faafcd4505d hwm_kb=48004 rss_kb=43684 cgroup_peak=32043008
1791524507 01-normal-main 7faafcd4505d hwm_kb=48004 rss_kb=43376 cgroup_peak=32043008
1791524508 01-normal-main 7faafcd4505d hwm_kb=48004 rss_kb=44988 cgroup_peak=32043008
1791524508 01-normal-main 7faafcd4505d hwm_kb=48004 rss_kb=44012 cgroup_peak=32043008
1791524509 01-normal-main 7faafcd4505d hwm_kb=48004 rss_kb=43564 cgroup_peak=32043008
1791524509 01-normal-main 7faafcd4505d hwm_kb=48004 rss_kb=43084 cgroup_peak=32043008
1791524510 01-normal-main 7faafcd4505d hwm_kb=72704 rss_kb=72704 cgroup_peak=60334080
1791524510 01-normal-main 7faafcd4505d hwm_kb=104620 rss_kb=104620 cgroup_peak=93847552
1791524511 01-normal-main 7faafcd4505d hwm_kb=121416 rss_kb=121428 cgroup_peak=111804416
1791524511 01-normal-main 7faafcd4505d hwm_kb=123764 rss_kb=123196 cgroup_peak=115277824
1791524512 01-normal-main 7faafcd4505d hwm_kb=127860 rss_kb=125516 cgroup_peak=120418304
1791524513 01-normal-main 7faafcd4505d hwm_kb=129544 rss_kb=129544 cgroup_peak=122695680
1791524513 01-normal-main 7faafcd4505d hwm_kb=130160 rss_kb=130160 cgroup_peak=124239872
1791524514 01-normal-main 7faafcd4505d hwm_kb=131636 rss_kb=131556 cgroup_peak=127193088
1791524514 01-normal-main 7faafcd4505d hwm_kb=132860 rss_kb=132860 cgroup_peak=128647168
1791524515 01-normal-main 7faafcd4505d hwm_kb=133992 rss_kb=130644 cgroup_peak=130338816
1791524515 01-normal-main 7faafcd4505d hwm_kb=134384 rss_kb=134072 cgroup_peak=132190208
1791524516 01-normal-main 7faafcd4505d hwm_kb=135268 rss_kb=133568 cgroup_peak=134406144
1791524516 01-normal-main 7faafcd4505d hwm_kb=135268 rss_kb=131064 cgroup_peak=134406144
1791524517 01-normal-main 7faafcd4505d hwm_kb=135372 rss_kb=134616 cgroup_peak=136896512
1791524517 01-normal-main 7faafcd4505d hwm_kb=135372 rss_kb=133052 cgroup_peak=136896512
1791524518 01-normal-main 7faafcd4505d hwm_kb=136392 rss_kb=130680 cgroup_peak=139730944
1791524518 01-normal-main 7faafcd4505d hwm_kb=136392 rss_kb=130372 cgroup_peak=139730944
1791524519 01-normal-main 7faafcd4505d hwm_kb=136392 rss_kb=131952 cgroup_peak=139730944
1791524519 01-normal-main 7faafcd4505d hwm_kb=136392 rss_kb=130524 cgroup_peak=139907072
1791524523 02-normal-a 0570a374c5d8 hwm_kb=19360 rss_kb=19360 cgroup_peak=16863232
1791524523 02-normal-a 0570a374c5d8 hwm_kb=31104 rss_kb=31104 cgroup_peak=31559680
1791524524 02-normal-a 0570a374c5d8 hwm_kb=31104 rss_kb=31104 cgroup_peak=31559680
1791524524 02-normal-a 0570a374c5d8 hwm_kb=31104 rss_kb=31104 cgroup_peak=31559680
1791524525 02-normal-a 0570a374c5d8 hwm_kb=31104 rss_kb=31104 cgroup_peak=31559680
1791524525 02-normal-a 0570a374c5d8 hwm_kb=31104 rss_kb=31104 cgroup_peak=31559680
1791524526 02-normal-a 0570a374c5d8 hwm_kb=31104 rss_kb=31104 cgroup_peak=31559680
1791524526 02-normal-a 0570a374c5d8 hwm_kb=47112 rss_kb=40500 cgroup_peak=45338624
1791524527 02-normal-a 0570a374c5d8 hwm_kb=47112 rss_kb=40576 cgroup_peak=45338624
1791524527 02-normal-a 0570a374c5d8 hwm_kb=47112 rss_kb=41864 cgroup_peak=45338624
1791524528 02-normal-a 0570a374c5d8 hwm_kb=47112 rss_kb=41528 cgroup_peak=45338624
1791524529 02-normal-a 0570a374c5d8 hwm_kb=47112 rss_kb=42776 cgroup_peak=45338624
1791524529 02-normal-a 0570a374c5d8 hwm_kb=47112 rss_kb=42856 cgroup_peak=45338624
1791524530 02-normal-a 0570a374c5d8 hwm_kb=47112 rss_kb=44408 cgroup_peak=45338624
1791524530 02-normal-a 0570a374c5d8 hwm_kb=47112 rss_kb=43660 cgroup_peak=45338624
1791524531 02-normal-a 0570a374c5d8 hwm_kb=47112 rss_kb=42816 cgroup_peak=45338624
1791524531 02-normal-a 0570a374c5d8 hwm_kb=47112 rss_kb=43248 cgroup_peak=45338624
1791524532 02-normal-a 0570a374c5d8 hwm_kb=47112 rss_kb=42092 cgroup_peak=45338624
1791524532 02-normal-a 0570a374c5d8 hwm_kb=47112 rss_kb=43120 cgroup_peak=45338624
1791524533 02-normal-a 0570a374c5d8 hwm_kb=47112 rss_kb=43152 cgroup_peak=45338624
1791524533 02-normal-a 0570a374c5d8 hwm_kb=47112 rss_kb=42872 cgroup_peak=45338624
1791524534 02-normal-a 0570a374c5d8 hwm_kb=47112 rss_kb=42192 cgroup_peak=45338624
1791524534 02-normal-a 0570a374c5d8 hwm_kb=47112 rss_kb=43376 cgroup_peak=45338624
1791524535 02-normal-a 0570a374c5d8 hwm_kb=47112 rss_kb=43392 cgroup_peak=45338624
1791524535 02-normal-a 0570a374c5d8 hwm_kb=47112 rss_kb=43376 cgroup_peak=45338624
1791524536 02-normal-a 0570a374c5d8 hwm_kb=47112 rss_kb=43040 cgroup_peak=45338624
1791524536 02-normal-a 0570a374c5d8 hwm_kb=47112 rss_kb=42188 cgroup_peak=45338624
1791524537 02-normal-a 0570a374c5d8 hwm_kb=47112 rss_kb=41932 cgroup_peak=45338624
1791524538 02-normal-a 0570a374c5d8 hwm_kb=47112 rss_kb=41536 cgroup_peak=45338624
1791524538 02-normal-a 0570a374c5d8 hwm_kb=47112 rss_kb=42704 cgroup_peak=45338624
1791524539 02-normal-a 0570a374c5d8 hwm_kb=47112 rss_kb=43824 cgroup_peak=45338624
1791524539 02-normal-a 0570a374c5d8 hwm_kb=47112 rss_kb=43232 cgroup_peak=45338624
1791524540 02-normal-a 0570a374c5d8 hwm_kb=47112 rss_kb=43940 cgroup_peak=45338624
1791524540 02-normal-a 0570a374c5d8 hwm_kb=47112 rss_kb=42972 cgroup_peak=45338624
1791524541 02-normal-a 0570a374c5d8 hwm_kb=47112 rss_kb=43244 cgroup_peak=45338624
1791524541 02-normal-a 0570a374c5d8 hwm_kb=47112 rss_kb=43348 cgroup_peak=45338624
1791524542 02-normal-a 0570a374c5d8 hwm_kb=47112 rss_kb=43552 cgroup_peak=45338624
1791524542 02-normal-a 0570a374c5d8 hwm_kb=47112 rss_kb=43468 cgroup_peak=45338624
1791524543 02-normal-a 0570a374c5d8 hwm_kb=47112 rss_kb=43552 cgroup_peak=45338624
1791524543 02-normal-a 0570a374c5d8 hwm_kb=47112 rss_kb=42840 cgroup_peak=45338624
1791524544 02-normal-a 0570a374c5d8 hwm_kb=47112 rss_kb=42872 cgroup_peak=45338624
1791524544 02-normal-a 0570a374c5d8 hwm_kb=47112 rss_kb=44392 cgroup_peak=45338624
1791524545 02-normal-a 0570a374c5d8 hwm_kb=47112 rss_kb=43100 cgroup_peak=45338624
1791524546 02-normal-a 0570a374c5d8 hwm_kb=47112 rss_kb=45324 cgroup_peak=45338624
1791524546 02-normal-a 0570a374c5d8 hwm_kb=47112 rss_kb=43012 cgroup_peak=45338624
1791524547 02-normal-a 0570a374c5d8 hwm_kb=47112 rss_kb=43032 cgroup_peak=45338624
1791524547 02-normal-a 0570a374c5d8 hwm_kb=47112 rss_kb=43016 cgroup_peak=45338624
1791524548 02-normal-a 0570a374c5d8 hwm_kb=47112 rss_kb=42512 cgroup_peak=45338624
1791524548 02-normal-a 0570a374c5d8 hwm_kb=47112 rss_kb=41784 cgroup_peak=45338624
1791524549 02-normal-a 0570a374c5d8 hwm_kb=47112 rss_kb=43472 cgroup_peak=45338624
1791524549 02-normal-a 0570a374c5d8 hwm_kb=47112 rss_kb=42364 cgroup_peak=45338624
1791524550 02-normal-a 0570a374c5d8 hwm_kb=47112 rss_kb=43776 cgroup_peak=45338624
1791524550 02-normal-a 0570a374c5d8 hwm_kb=47112 rss_kb=43152 cgroup_peak=45338624
1791524551 02-normal-a 0570a374c5d8 hwm_kb=47112 rss_kb=45636 cgroup_peak=45338624
1791524551 02-normal-a 0570a374c5d8 hwm_kb=47112 rss_kb=42720 cgroup_peak=45338624
1791524552 02-normal-a 0570a374c5d8 hwm_kb=47112 rss_kb=42068 cgroup_peak=45338624
1791524552 02-normal-a 0570a374c5d8 hwm_kb=47112 rss_kb=43420 cgroup_peak=45338624
1791524553 02-normal-a 0570a374c5d8 hwm_kb=47112 rss_kb=42528 cgroup_peak=45338624
1791524553 02-normal-a 0570a374c5d8 hwm_kb=47112 rss_kb=43968 cgroup_peak=45338624
1791524554 02-normal-a 0570a374c5d8 hwm_kb=47112 rss_kb=42584 cgroup_peak=45338624
1791524555 02-normal-a 0570a374c5d8 hwm_kb=47112 rss_kb=45408 cgroup_peak=45338624
1791524555 02-normal-a 0570a374c5d8 hwm_kb=47488 rss_kb=42980 cgroup_peak=45768704
1791524556 02-normal-a 0570a374c5d8 hwm_kb=47488 rss_kb=44820 cgroup_peak=45768704
1791524556 02-normal-a 0570a374c5d8 hwm_kb=47968 rss_kb=44900 cgroup_peak=46514176
1791524557 02-normal-a 0570a374c5d8 hwm_kb=47968 rss_kb=42896 cgroup_peak=46514176
1791524557 02-normal-a 0570a374c5d8 hwm_kb=47968 rss_kb=42556 cgroup_peak=46514176
1791524558 02-normal-a 0570a374c5d8 hwm_kb=47968 rss_kb=43384 cgroup_peak=46514176
1791524558 02-normal-a 0570a374c5d8 hwm_kb=47968 rss_kb=42916 cgroup_peak=46514176
1791524559 02-normal-a 0570a374c5d8 hwm_kb=47968 rss_kb=46700 cgroup_peak=46514176
1791524559 02-normal-a 0570a374c5d8 hwm_kb=47968 rss_kb=43788 cgroup_peak=46514176
1791524560 02-normal-a 0570a374c5d8 hwm_kb=47968 rss_kb=43552 cgroup_peak=46514176
1791524560 02-normal-a 0570a374c5d8 hwm_kb=47968 rss_kb=44032 cgroup_peak=46514176
1791524561 02-normal-a 0570a374c5d8 hwm_kb=47968 rss_kb=44064 cgroup_peak=46514176
1791524561 02-normal-a 0570a374c5d8 hwm_kb=47968 rss_kb=43916 cgroup_peak=46514176
1791524562 02-normal-a 0570a374c5d8 hwm_kb=47968 rss_kb=43604 cgroup_peak=46514176
1791524563 02-normal-a 0570a374c5d8 hwm_kb=47968 rss_kb=44212 cgroup_peak=46514176
1791524563 02-normal-a 0570a374c5d8 hwm_kb=48400 rss_kb=43884 cgroup_peak=46936064
1791524564 02-normal-a 0570a374c5d8 hwm_kb=48400 rss_kb=43216 cgroup_peak=46936064
1791524564 02-normal-a 0570a374c5d8 hwm_kb=48400 rss_kb=44320 cgroup_peak=46936064
1791524565 02-normal-a 0570a374c5d8 hwm_kb=48400 rss_kb=44300 cgroup_peak=46936064
1791524565 02-normal-a 0570a374c5d8 hwm_kb=48400 rss_kb=42952 cgroup_peak=46936064
1791524566 02-normal-a 0570a374c5d8 hwm_kb=48400 rss_kb=43108 cgroup_peak=46936064
1791524566 02-normal-a 0570a374c5d8 hwm_kb=48400 rss_kb=43776 cgroup_peak=46936064
1791524567 02-normal-a 0570a374c5d8 hwm_kb=80228 rss_kb=80228 cgroup_peak=82825216
1791524567 02-normal-a 0570a374c5d8 hwm_kb=108456 rss_kb=108552 cgroup_peak=112455680
1791524568 02-normal-a 0570a374c5d8 hwm_kb=124176 rss_kb=124176 cgroup_peak=129388544
1791524568 02-normal-a 0570a374c5d8 hwm_kb=129572 rss_kb=129572 cgroup_peak=135852032
1791524569 02-normal-a 0570a374c5d8 hwm_kb=129264 rss_kb=125896 cgroup_peak=135970816
1791524569 02-normal-a 0570a374c5d8 hwm_kb=129996 rss_kb=126216 cgroup_peak=138432512
1791524570 02-normal-a 0570a374c5d8 hwm_kb=129996 rss_kb=127188 cgroup_peak=138432512
1791524571 02-normal-a 0570a374c5d8 hwm_kb=129996 rss_kb=127372 cgroup_peak=139534336
1791524571 02-normal-a 0570a374c5d8 hwm_kb=133920 rss_kb=130736 cgroup_peak=144547840
1791524572 02-normal-a 0570a374c5d8 hwm_kb=133920 rss_kb=132268 cgroup_peak=144941056
1791524572 02-normal-a 0570a374c5d8 hwm_kb=133920 rss_kb=133816 cgroup_peak=145817600
1791524573 02-normal-a 0570a374c5d8 hwm_kb=136052 rss_kb=136052 cgroup_peak=148881408
1791524573 02-normal-a 0570a374c5d8 hwm_kb=135868 rss_kb=133812 cgroup_peak=149118976
1791524574 02-normal-a 0570a374c5d8 hwm_kb=135868 rss_kb=133536 cgroup_peak=149262336
1791524574 02-normal-a 0570a374c5d8 hwm_kb=135868 rss_kb=131528 cgroup_peak=149262336
1791524575 02-normal-a 0570a374c5d8 hwm_kb=135868 rss_kb=130600 cgroup_peak=149262336
1791524575 02-normal-a 0570a374c5d8 hwm_kb=135868 rss_kb=132972 cgroup_peak=149585920
1791524576 02-normal-a 0570a374c5d8 hwm_kb=135868 rss_kb=135508 cgroup_peak=152616960
1791524576 02-normal-a 0570a374c5d8 hwm_kb=135868 rss_kb=126612 cgroup_peak=152752128
1791524579 02-normal-a 6147ebbb8caa hwm_kb=30504 rss_kb=30504 cgroup_peak=17350656
1791524579 02-normal-a 6147ebbb8caa hwm_kb=30504 rss_kb=30504 cgroup_peak=17350656
1791524580 02-normal-a 6147ebbb8caa hwm_kb=30504 rss_kb=30504 cgroup_peak=17350656
1791524580 02-normal-a 6147ebbb8caa hwm_kb=30504 rss_kb=30504 cgroup_peak=17350656
1791524581 02-normal-a 6147ebbb8caa hwm_kb=30504 rss_kb=30504 cgroup_peak=17350656
1791524581 02-normal-a 6147ebbb8caa hwm_kb=30504 rss_kb=30504 cgroup_peak=17350656
1791524582 02-normal-a 6147ebbb8caa hwm_kb=47132 rss_kb=39636 cgroup_peak=31473664
1791524582 02-normal-a 6147ebbb8caa hwm_kb=47132 rss_kb=40936 cgroup_peak=31473664
1791524583 02-normal-a 6147ebbb8caa hwm_kb=47132 rss_kb=41996 cgroup_peak=31473664
1791524583 02-normal-a 6147ebbb8caa hwm_kb=47132 rss_kb=42312 cgroup_peak=31473664
1791524584 02-normal-a 6147ebbb8caa hwm_kb=47132 rss_kb=44616 cgroup_peak=31473664
1791524584 02-normal-a 6147ebbb8caa hwm_kb=47132 rss_kb=43284 cgroup_peak=31473664
1791524585 02-normal-a 6147ebbb8caa hwm_kb=47132 rss_kb=43588 cgroup_peak=31473664
1791524586 02-normal-a 6147ebbb8caa hwm_kb=47132 rss_kb=42236 cgroup_peak=31473664
1791524586 02-normal-a 6147ebbb8caa hwm_kb=47132 rss_kb=43148 cgroup_peak=31473664
1791524587 02-normal-a 6147ebbb8caa hwm_kb=47132 rss_kb=42852 cgroup_peak=31473664
1791524587 02-normal-a 6147ebbb8caa hwm_kb=47132 rss_kb=45348 cgroup_peak=31473664
1791524588 02-normal-a 6147ebbb8caa hwm_kb=47132 rss_kb=41904 cgroup_peak=31473664
1791524588 02-normal-a 6147ebbb8caa hwm_kb=47132 rss_kb=43324 cgroup_peak=31473664
1791524589 02-normal-a 6147ebbb8caa hwm_kb=47132 rss_kb=43256 cgroup_peak=31473664
1791524589 02-normal-a 6147ebbb8caa hwm_kb=47588 rss_kb=47588 cgroup_peak=31473664
1791524590 02-normal-a 6147ebbb8caa hwm_kb=47132 rss_kb=45056 cgroup_peak=31473664
1791524590 02-normal-a 6147ebbb8caa hwm_kb=47132 rss_kb=44180 cgroup_peak=31473664
1791524591 02-normal-a 6147ebbb8caa hwm_kb=47132 rss_kb=44600 cgroup_peak=31473664
1791524591 02-normal-a 6147ebbb8caa hwm_kb=47132 rss_kb=43168 cgroup_peak=31473664
1791524592 02-normal-a 6147ebbb8caa hwm_kb=48640 rss_kb=43532 cgroup_peak=32595968
1791524593 02-normal-a 6147ebbb8caa hwm_kb=48640 rss_kb=42952 cgroup_peak=32595968
1791524593 02-normal-a 6147ebbb8caa hwm_kb=48640 rss_kb=43080 cgroup_peak=32595968
1791524594 02-normal-a 6147ebbb8caa hwm_kb=48640 rss_kb=42888 cgroup_peak=32595968
1791524594 02-normal-a 6147ebbb8caa hwm_kb=48640 rss_kb=43628 cgroup_peak=32595968
1791524595 02-normal-a 6147ebbb8caa hwm_kb=48640 rss_kb=44652 cgroup_peak=32595968
1791524596 02-normal-a 6147ebbb8caa hwm_kb=48640 rss_kb=46328 cgroup_peak=32595968
1791524596 02-normal-a 6147ebbb8caa hwm_kb=48640 rss_kb=45464 cgroup_peak=32595968
1791524597 02-normal-a 6147ebbb8caa hwm_kb=48640 rss_kb=43796 cgroup_peak=32595968
1791524598 02-normal-a 6147ebbb8caa hwm_kb=48640 rss_kb=45380 cgroup_peak=32595968
1791524598 02-normal-a 6147ebbb8caa hwm_kb=48640 rss_kb=43652 cgroup_peak=32595968
1791524599 02-normal-a 6147ebbb8caa hwm_kb=48640 rss_kb=44196 cgroup_peak=32595968
1791524599 02-normal-a 6147ebbb8caa hwm_kb=48640 rss_kb=43452 cgroup_peak=32595968
1791524600 02-normal-a 6147ebbb8caa hwm_kb=48640 rss_kb=45332 cgroup_peak=32595968
1791524600 02-normal-a 6147ebbb8caa hwm_kb=48640 rss_kb=44224 cgroup_peak=32595968
1791524601 02-normal-a 6147ebbb8caa hwm_kb=48640 rss_kb=45920 cgroup_peak=32595968
1791524602 02-normal-a 6147ebbb8caa hwm_kb=48640 rss_kb=43256 cgroup_peak=32882688
1791524602 02-normal-a 6147ebbb8caa hwm_kb=48640 rss_kb=43816 cgroup_peak=32882688
1791524603 02-normal-a 6147ebbb8caa hwm_kb=48640 rss_kb=43424 cgroup_peak=32882688
1791524603 02-normal-a 6147ebbb8caa hwm_kb=48640 rss_kb=44112 cgroup_peak=32882688
1791524604 02-normal-a 6147ebbb8caa hwm_kb=48640 rss_kb=43904 cgroup_peak=32882688
1791524604 02-normal-a 6147ebbb8caa hwm_kb=48640 rss_kb=46944 cgroup_peak=32882688
1791524605 02-normal-a 6147ebbb8caa hwm_kb=48640 rss_kb=45468 cgroup_peak=32882688
1791524605 02-normal-a 6147ebbb8caa hwm_kb=48640 rss_kb=45036 cgroup_peak=32882688
1791524606 02-normal-a 6147ebbb8caa hwm_kb=48640 rss_kb=45012 cgroup_peak=32882688
1791524607 02-normal-a 6147ebbb8caa hwm_kb=48640 rss_kb=46932 cgroup_peak=32882688
1791524607 02-normal-a 6147ebbb8caa hwm_kb=48928 rss_kb=45756 cgroup_peak=33210368
1791524608 02-normal-a 6147ebbb8caa hwm_kb=48928 rss_kb=47056 cgroup_peak=33521664
1791524608 02-normal-a 6147ebbb8caa hwm_kb=48928 rss_kb=44208 cgroup_peak=33521664
1791524609 02-normal-a 6147ebbb8caa hwm_kb=48928 rss_kb=45372 cgroup_peak=33521664
1791524609 02-normal-a 6147ebbb8caa hwm_kb=48928 rss_kb=45444 cgroup_peak=33521664
1791524610 02-normal-a 6147ebbb8caa hwm_kb=48928 rss_kb=44828 cgroup_peak=33521664
1791524610 02-normal-a 6147ebbb8caa hwm_kb=48928 rss_kb=43892 cgroup_peak=33521664
1791524611 02-normal-a 6147ebbb8caa hwm_kb=48928 rss_kb=44676 cgroup_peak=33521664
1791524611 02-normal-a 6147ebbb8caa hwm_kb=48928 rss_kb=43820 cgroup_peak=33521664
1791524612 02-normal-a 6147ebbb8caa hwm_kb=48928 rss_kb=42404 cgroup_peak=33521664
1791524613 02-normal-a 6147ebbb8caa hwm_kb=48928 rss_kb=43220 cgroup_peak=33521664
1791524613 02-normal-a 6147ebbb8caa hwm_kb=48928 rss_kb=44028 cgroup_peak=33521664
1791524614 02-normal-a 6147ebbb8caa hwm_kb=48928 rss_kb=42876 cgroup_peak=33521664
1791524614 02-normal-a 6147ebbb8caa hwm_kb=48928 rss_kb=45268 cgroup_peak=33521664
1791524615 02-normal-a 6147ebbb8caa hwm_kb=48928 rss_kb=44636 cgroup_peak=33521664
1791524615 02-normal-a 6147ebbb8caa hwm_kb=48928 rss_kb=46612 cgroup_peak=33521664
1791524616 02-normal-a 6147ebbb8caa hwm_kb=48928 rss_kb=45564 cgroup_peak=33521664
1791524616 02-normal-a 6147ebbb8caa hwm_kb=48928 rss_kb=45156 cgroup_peak=33521664
1791524617 02-normal-a 6147ebbb8caa hwm_kb=48928 rss_kb=44980 cgroup_peak=33521664
1791524618 02-normal-a 6147ebbb8caa hwm_kb=48928 rss_kb=46108 cgroup_peak=33521664
1791524618 02-normal-a 6147ebbb8caa hwm_kb=48928 rss_kb=44416 cgroup_peak=33521664
1791524619 02-normal-a 6147ebbb8caa hwm_kb=48928 rss_kb=44412 cgroup_peak=33521664
1791524619 02-normal-a 6147ebbb8caa hwm_kb=48928 rss_kb=45424 cgroup_peak=33521664
1791524620 02-normal-a 6147ebbb8caa hwm_kb=48928 rss_kb=44960 cgroup_peak=33521664
1791524620 02-normal-a 6147ebbb8caa hwm_kb=48928 rss_kb=45596 cgroup_peak=33521664
1791524621 02-normal-a 6147ebbb8caa hwm_kb=48928 rss_kb=45336 cgroup_peak=33521664
1791524622 02-normal-a 6147ebbb8caa hwm_kb=48928 rss_kb=45148 cgroup_peak=33521664
1791524622 02-normal-a 6147ebbb8caa hwm_kb=58068 rss_kb=58164 cgroup_peak=46452736
1791524623 02-normal-a 6147ebbb8caa hwm_kb=73444 rss_kb=73444 cgroup_peak=62132224
1791524623 02-normal-a 6147ebbb8caa hwm_kb=79332 rss_kb=79420 cgroup_peak=68481024
1791524624 02-normal-a 6147ebbb8caa hwm_kb=89520 rss_kb=89520 cgroup_peak=78856192
1791524625 02-normal-a 6147ebbb8caa hwm_kb=108272 rss_kb=108272 cgroup_peak=99172352
1791524625 02-normal-a 6147ebbb8caa hwm_kb=123644 rss_kb=123644 cgroup_peak=115355648
1791524626 02-normal-a 6147ebbb8caa hwm_kb=125504 rss_kb=125692 cgroup_peak=117981184
1791524626 02-normal-a 6147ebbb8caa hwm_kb=127144 rss_kb=126164 cgroup_peak=119984128
1791524627 02-normal-a 6147ebbb8caa hwm_kb=129132 rss_kb=127784 cgroup_peak=122642432
1791524628 02-normal-a 6147ebbb8caa hwm_kb=129132 rss_kb=128040 cgroup_peak=123494400
1791524628 02-normal-a 6147ebbb8caa hwm_kb=129600 rss_kb=129200 cgroup_peak=124985344
1791524629 02-normal-a 6147ebbb8caa hwm_kb=133564 rss_kb=131372 cgroup_peak=129675264
1791524629 02-normal-a 6147ebbb8caa hwm_kb=133564 rss_kb=132028 cgroup_peak=129675264
1791524630 02-normal-a 6147ebbb8caa hwm_kb=133564 rss_kb=130464 cgroup_peak=129675264
1791524630 02-normal-a 6147ebbb8caa hwm_kb=133564 rss_kb=131988 cgroup_peak=129675264
1791524631 02-normal-a 6147ebbb8caa hwm_kb=133564 rss_kb=130116 cgroup_peak=129675264
1791524631 02-normal-a 6147ebbb8caa hwm_kb=134800 rss_kb=134064 cgroup_peak=134787072
1791524632 02-normal-a 6147ebbb8caa hwm_kb= rss_kb= cgroup_peak=134787072
1791524639 03-normal-a b11df0f8d2a1 hwm_kb=31356 rss_kb=31356 cgroup_peak=14688256
1791524640 03-normal-a b11df0f8d2a1 hwm_kb=31744 rss_kb=31744 cgroup_peak=19189760
1791524641 03-normal-a b11df0f8d2a1 hwm_kb=31744 rss_kb=31744 cgroup_peak=19189760
1791524641 03-normal-a b11df0f8d2a1 hwm_kb=31744 rss_kb=31744 cgroup_peak=19189760
1791524642 03-normal-a b11df0f8d2a1 hwm_kb=31744 rss_kb=31744 cgroup_peak=19189760
1791524642 03-normal-a b11df0f8d2a1 hwm_kb=31744 rss_kb=31744 cgroup_peak=19189760
1791524643 03-normal-a b11df0f8d2a1 hwm_kb=32720 rss_kb=32720 cgroup_peak=19189760
1791524643 03-normal-a b11df0f8d2a1 hwm_kb=49036 rss_kb=41768 cgroup_peak=33497088
1791524644 03-normal-a b11df0f8d2a1 hwm_kb=49036 rss_kb=41488 cgroup_peak=33497088
1791524644 03-normal-a b11df0f8d2a1 hwm_kb=49036 rss_kb=41500 cgroup_peak=33497088
1791524645 03-normal-a b11df0f8d2a1 hwm_kb=49036 rss_kb=41500 cgroup_peak=33497088
1791524646 03-normal-a b11df0f8d2a1 hwm_kb=49036 rss_kb=42824 cgroup_peak=33497088
1791524646 03-normal-a b11df0f8d2a1 hwm_kb=49036 rss_kb=42332 cgroup_peak=33497088
1791524647 03-normal-a b11df0f8d2a1 hwm_kb=49036 rss_kb=43356 cgroup_peak=33497088
1791524647 03-normal-a b11df0f8d2a1 hwm_kb=49036 rss_kb=43644 cgroup_peak=33497088
1791524648 03-normal-a b11df0f8d2a1 hwm_kb=49036 rss_kb=42856 cgroup_peak=33497088
1791524649 03-normal-a b11df0f8d2a1 hwm_kb=49036 rss_kb=43140 cgroup_peak=33497088
1791524649 03-normal-a b11df0f8d2a1 hwm_kb=49036 rss_kb=44468 cgroup_peak=33497088
1791524650 03-normal-a b11df0f8d2a1 hwm_kb=49036 rss_kb=42568 cgroup_peak=33497088
1791524650 03-normal-a b11df0f8d2a1 hwm_kb=49036 rss_kb=43756 cgroup_peak=33497088
1791524651 03-normal-a b11df0f8d2a1 hwm_kb=49036 rss_kb=44692 cgroup_peak=33497088
1791524652 03-normal-a b11df0f8d2a1 hwm_kb=49036 rss_kb=45720 cgroup_peak=33497088
1791524652 03-normal-a b11df0f8d2a1 hwm_kb=49036 rss_kb=42272 cgroup_peak=33497088
1791524653 03-normal-a b11df0f8d2a1 hwm_kb=49036 rss_kb=44788 cgroup_peak=33497088
1791524653 03-normal-a b11df0f8d2a1 hwm_kb=49036 rss_kb=41552 cgroup_peak=33497088
1791524654 03-normal-a b11df0f8d2a1 hwm_kb=49036 rss_kb=44244 cgroup_peak=33497088
1791524655 03-normal-a b11df0f8d2a1 hwm_kb=49036 rss_kb=41940 cgroup_peak=33497088
1791524655 03-normal-a b11df0f8d2a1 hwm_kb=49036 rss_kb=44364 cgroup_peak=33497088
1791524656 03-normal-a b11df0f8d2a1 hwm_kb=49036 rss_kb=45064 cgroup_peak=33497088
1791524657 03-normal-a b11df0f8d2a1 hwm_kb=49036 rss_kb=42476 cgroup_peak=33497088
1791524657 03-normal-a b11df0f8d2a1 hwm_kb=49036 rss_kb=43500 cgroup_peak=33497088
1791524658 03-normal-a b11df0f8d2a1 hwm_kb=49036 rss_kb=43168 cgroup_peak=33497088
1791524659 03-normal-a b11df0f8d2a1 hwm_kb=49036 rss_kb=42672 cgroup_peak=33497088
1791524659 03-normal-a b11df0f8d2a1 hwm_kb=49036 rss_kb=44304 cgroup_peak=33497088
1791524660 03-normal-a b11df0f8d2a1 hwm_kb=49036 rss_kb=43284 cgroup_peak=33497088
1791524661 03-normal-a b11df0f8d2a1 hwm_kb=49036 rss_kb=44812 cgroup_peak=33497088
1791524661 03-normal-a b11df0f8d2a1 hwm_kb=49036 rss_kb=44152 cgroup_peak=33497088
1791524662 03-normal-a b11df0f8d2a1 hwm_kb=49036 rss_kb=43328 cgroup_peak=33497088
1791524663 03-normal-a b11df0f8d2a1 hwm_kb=49036 rss_kb=44116 cgroup_peak=33497088
1791524663 03-normal-a b11df0f8d2a1 hwm_kb=49036 rss_kb=41724 cgroup_peak=33497088
1791524664 03-normal-a b11df0f8d2a1 hwm_kb=49036 rss_kb=42980 cgroup_peak=33497088
1791524665 03-normal-a b11df0f8d2a1 hwm_kb=49036 rss_kb=42564 cgroup_peak=33497088
1791524665 03-normal-a b11df0f8d2a1 hwm_kb=49036 rss_kb=43540 cgroup_peak=33497088
1791524666 03-normal-a b11df0f8d2a1 hwm_kb=49036 rss_kb=45856 cgroup_peak=33497088
1791524666 03-normal-a b11df0f8d2a1 hwm_kb=49036 rss_kb=42968 cgroup_peak=33497088
1791524667 03-normal-a b11df0f8d2a1 hwm_kb=49036 rss_kb=44892 cgroup_peak=33497088
1791524667 03-normal-a b11df0f8d2a1 hwm_kb=49036 rss_kb=43960 cgroup_peak=33497088
1791524668 03-normal-a b11df0f8d2a1 hwm_kb=49036 rss_kb=44060 cgroup_peak=33497088
1791524669 03-normal-a b11df0f8d2a1 hwm_kb=49036 rss_kb=45644 cgroup_peak=33497088
1791524669 03-normal-a b11df0f8d2a1 hwm_kb=49036 rss_kb=44640 cgroup_peak=33497088
1791524670 03-normal-a b11df0f8d2a1 hwm_kb=49036 rss_kb=44568 cgroup_peak=33497088
1791524670 03-normal-a b11df0f8d2a1 hwm_kb=49036 rss_kb=42472 cgroup_peak=33497088
1791524671 03-normal-a b11df0f8d2a1 hwm_kb=49036 rss_kb=45360 cgroup_peak=33497088
1791524671 03-normal-a b11df0f8d2a1 hwm_kb=49036 rss_kb=43300 cgroup_peak=33497088
1791524672 03-normal-a b11df0f8d2a1 hwm_kb=49036 rss_kb=43436 cgroup_peak=33497088
1791524672 03-normal-a b11df0f8d2a1 hwm_kb=49036 rss_kb=44520 cgroup_peak=33497088
1791524673 03-normal-a b11df0f8d2a1 hwm_kb=49036 rss_kb=44436 cgroup_peak=33497088
1791524673 03-normal-a b11df0f8d2a1 hwm_kb=49036 rss_kb=43156 cgroup_peak=33497088
1791524674 03-normal-a b11df0f8d2a1 hwm_kb=49036 rss_kb=42044 cgroup_peak=33497088
1791524675 03-normal-a b11df0f8d2a1 hwm_kb=49036 rss_kb=42888 cgroup_peak=33497088
1791524675 03-normal-a b11df0f8d2a1 hwm_kb=49036 rss_kb=43264 cgroup_peak=33497088
1791524676 03-normal-a b11df0f8d2a1 hwm_kb=49036 rss_kb=44380 cgroup_peak=33497088
1791524676 03-normal-a b11df0f8d2a1 hwm_kb=49036 rss_kb=44952 cgroup_peak=33497088
1791524677 03-normal-a b11df0f8d2a1 hwm_kb=49036 rss_kb=46188 cgroup_peak=33497088
1791524677 03-normal-a b11df0f8d2a1 hwm_kb=49036 rss_kb=46176 cgroup_peak=33497088
1791524678 03-normal-a b11df0f8d2a1 hwm_kb=49036 rss_kb=42888 cgroup_peak=33497088
1791524679 03-normal-a b11df0f8d2a1 hwm_kb=49036 rss_kb=45140 cgroup_peak=33497088
1791524679 03-normal-a b11df0f8d2a1 hwm_kb=49036 rss_kb=45160 cgroup_peak=33497088
1791524680 03-normal-a b11df0f8d2a1 hwm_kb=49036 rss_kb=42816 cgroup_peak=33497088
1791524680 03-normal-a b11df0f8d2a1 hwm_kb=49036 rss_kb=44256 cgroup_peak=33497088
1791524681 03-normal-a b11df0f8d2a1 hwm_kb=49036 rss_kb=44440 cgroup_peak=33497088
1791524682 03-normal-a b11df0f8d2a1 hwm_kb=49036 rss_kb=45672 cgroup_peak=33497088
1791524682 03-normal-a b11df0f8d2a1 hwm_kb=49036 rss_kb=44704 cgroup_peak=33497088
1791524683 03-normal-a b11df0f8d2a1 hwm_kb=49036 rss_kb=44060 cgroup_peak=33497088
1791524683 03-normal-a b11df0f8d2a1 hwm_kb=51236 rss_kb=51236 cgroup_peak=37552128
1791524684 03-normal-a b11df0f8d2a1 hwm_kb=58072 rss_kb=58072 cgroup_peak=44838912
1791524685 03-normal-a b11df0f8d2a1 hwm_kb=68084 rss_kb=68084 cgroup_peak=55214080
1791524685 03-normal-a b11df0f8d2a1 hwm_kb=83456 rss_kb=83456 cgroup_peak=71606272
1791524686 03-normal-a b11df0f8d2a1 hwm_kb=111200 rss_kb=111208 cgroup_peak=101048320
1791524686 03-normal-a b11df0f8d2a1 hwm_kb=125640 rss_kb=123908 cgroup_peak=117415936
1791524687 03-normal-a b11df0f8d2a1 hwm_kb=125684 rss_kb=125292 cgroup_peak=118554624
1791524687 03-normal-a b11df0f8d2a1 hwm_kb=128980 rss_kb=126252 cgroup_peak=122687488
1791524688 03-normal-a b11df0f8d2a1 hwm_kb=128980 rss_kb=126676 cgroup_peak=122687488
1791524689 03-normal-a b11df0f8d2a1 hwm_kb=132580 rss_kb=130308 cgroup_peak=127995904
1791524689 03-normal-a b11df0f8d2a1 hwm_kb=134424 rss_kb=131396 cgroup_peak=130256896
1791524690 03-normal-a b11df0f8d2a1 hwm_kb=133820 rss_kb=131056 cgroup_peak=130256896
1791524690 03-normal-a b11df0f8d2a1 hwm_kb=134756 rss_kb=134176 cgroup_peak=132927488
1791524691 03-normal-a b11df0f8d2a1 hwm_kb=136008 rss_kb=132816 cgroup_peak=135090176
1791524691 03-normal-a b11df0f8d2a1 hwm_kb=136408 rss_kb=136408 cgroup_peak=136617984
1791524692 03-normal-a b11df0f8d2a1 hwm_kb=137408 rss_kb=137408 cgroup_peak=138469376
1791524692 03-normal-a b11df0f8d2a1 hwm_kb=137976 rss_kb=132800 cgroup_peak=139366400
1791524693 03-normal-a b11df0f8d2a1 hwm_kb=137976 rss_kb=135536 cgroup_peak=139366400
1791524696 03-normal-a 774599dc9748 hwm_kb=31092 rss_kb=31092 cgroup_peak=17965056
1791524696 03-normal-a 774599dc9748 hwm_kb=31092 rss_kb=31092 cgroup_peak=17965056
1791524697 03-normal-a 774599dc9748 hwm_kb=31092 rss_kb=31092 cgroup_peak=17965056
1791524697 03-normal-a 774599dc9748 hwm_kb=31092 rss_kb=31092 cgroup_peak=17965056
1791524698 03-normal-a 774599dc9748 hwm_kb=31092 rss_kb=31092 cgroup_peak=17965056
1791524698 03-normal-a 774599dc9748 hwm_kb=31184 rss_kb=31184 cgroup_peak=17965056
1791524699 03-normal-a 774599dc9748 hwm_kb=41760 rss_kb=41208 cgroup_peak=25935872
1791524699 03-normal-a 774599dc9748 hwm_kb=42596 rss_kb=40728 cgroup_peak=26578944
1791524700 03-normal-a 774599dc9748 hwm_kb=42996 rss_kb=42996 cgroup_peak=26578944
1791524700 03-normal-a 774599dc9748 hwm_kb=42628 rss_kb=41236 cgroup_peak=26578944
1791524701 03-normal-a 774599dc9748 hwm_kb=46620 rss_kb=43996 cgroup_peak=30846976
1791524701 03-normal-a 774599dc9748 hwm_kb=46620 rss_kb=45468 cgroup_peak=31080448
1791524702 03-normal-a 774599dc9748 hwm_kb=46620 rss_kb=42284 cgroup_peak=31977472
1791524702 03-normal-a 774599dc9748 hwm_kb=46620 rss_kb=44000 cgroup_peak=31977472
1791524703 03-normal-a 774599dc9748 hwm_kb=46620 rss_kb=44472 cgroup_peak=31977472
1791524704 03-normal-a 774599dc9748 hwm_kb=46620 rss_kb=43568 cgroup_peak=31977472
1791524704 03-normal-a 774599dc9748 hwm_kb=46620 rss_kb=45140 cgroup_peak=31977472
1791524705 03-normal-a 774599dc9748 hwm_kb=46620 rss_kb=42804 cgroup_peak=31977472
1791524705 03-normal-a 774599dc9748 hwm_kb=46620 rss_kb=43296 cgroup_peak=31977472
1791524706 03-normal-a 774599dc9748 hwm_kb=46620 rss_kb=44000 cgroup_peak=31977472
1791524706 03-normal-a 774599dc9748 hwm_kb=46620 rss_kb=42972 cgroup_peak=31977472
1791524707 03-normal-a 774599dc9748 hwm_kb=46620 rss_kb=44548 cgroup_peak=31977472
1791524707 03-normal-a 774599dc9748 hwm_kb=46620 rss_kb=43220 cgroup_peak=31977472
1791524708 03-normal-a 774599dc9748 hwm_kb=46620 rss_kb=43540 cgroup_peak=31977472
1791524709 03-normal-a 774599dc9748 hwm_kb=46620 rss_kb=43748 cgroup_peak=31977472
1791524709 03-normal-a 774599dc9748 hwm_kb=46620 rss_kb=42212 cgroup_peak=31977472
1791524710 03-normal-a 774599dc9748 hwm_kb=46620 rss_kb=42844 cgroup_peak=31977472
1791524710 03-normal-a 774599dc9748 hwm_kb=46620 rss_kb=41356 cgroup_peak=31977472
1791524711 03-normal-a 774599dc9748 hwm_kb=46620 rss_kb=41980 cgroup_peak=31977472
1791524711 03-normal-a 774599dc9748 hwm_kb=46620 rss_kb=41972 cgroup_peak=31977472
1791524712 03-normal-a 774599dc9748 hwm_kb=46620 rss_kb=43560 cgroup_peak=31977472
1791524712 03-normal-a 774599dc9748 hwm_kb=46620 rss_kb=43648 cgroup_peak=31977472
1791524713 03-normal-a 774599dc9748 hwm_kb=46620 rss_kb=42884 cgroup_peak=31977472
1791524713 03-normal-a 774599dc9748 hwm_kb=46620 rss_kb=43548 cgroup_peak=31977472
1791524714 03-normal-a 774599dc9748 hwm_kb=46620 rss_kb=42816 cgroup_peak=31977472
1791524714 03-normal-a 774599dc9748 hwm_kb=46620 rss_kb=43360 cgroup_peak=31977472
1791524715 03-normal-a 774599dc9748 hwm_kb=46620 rss_kb=44020 cgroup_peak=31977472
1791524715 03-normal-a 774599dc9748 hwm_kb=46620 rss_kb=42932 cgroup_peak=31977472
1791524716 03-normal-a 774599dc9748 hwm_kb=46620 rss_kb=41724 cgroup_peak=31977472
1791524717 03-normal-a 774599dc9748 hwm_kb=46620 rss_kb=43600 cgroup_peak=31977472
1791524717 03-normal-a 774599dc9748 hwm_kb=46620 rss_kb=43328 cgroup_peak=31977472
1791524718 03-normal-a 774599dc9748 hwm_kb=46620 rss_kb=43440 cgroup_peak=31977472
1791524718 03-normal-a 774599dc9748 hwm_kb=46620 rss_kb=43628 cgroup_peak=31977472
1791524719 03-normal-a 774599dc9748 hwm_kb=46620 rss_kb=43924 cgroup_peak=31977472
1791524719 03-normal-a 774599dc9748 hwm_kb=46620 rss_kb=41724 cgroup_peak=31977472
1791524720 03-normal-a 774599dc9748 hwm_kb=46620 rss_kb=43264 cgroup_peak=31977472
1791524720 03-normal-a 774599dc9748 hwm_kb=46620 rss_kb=42632 cgroup_peak=31977472
1791524721 03-normal-a 774599dc9748 hwm_kb=46620 rss_kb=43360 cgroup_peak=31977472
1791524721 03-normal-a 774599dc9748 hwm_kb=46620 rss_kb=43300 cgroup_peak=31977472
1791524722 03-normal-a 774599dc9748 hwm_kb=46620 rss_kb=44256 cgroup_peak=31977472
1791524722 03-normal-a 774599dc9748 hwm_kb=46620 rss_kb=42656 cgroup_peak=31977472
1791524723 03-normal-a 774599dc9748 hwm_kb=46620 rss_kb=42576 cgroup_peak=31977472
1791524723 03-normal-a 774599dc9748 hwm_kb=46620 rss_kb=41624 cgroup_peak=31977472
1791524724 03-normal-a 774599dc9748 hwm_kb=46620 rss_kb=44604 cgroup_peak=31977472
1791524725 03-normal-a 774599dc9748 hwm_kb=46620 rss_kb=44100 cgroup_peak=31977472
1791524725 03-normal-a 774599dc9748 hwm_kb=46620 rss_kb=42884 cgroup_peak=31977472
1791524726 03-normal-a 774599dc9748 hwm_kb=46620 rss_kb=42860 cgroup_peak=31977472
1791524726 03-normal-a 774599dc9748 hwm_kb=46620 rss_kb=42208 cgroup_peak=31977472
1791524727 03-normal-a 774599dc9748 hwm_kb=46620 rss_kb=42352 cgroup_peak=31977472
1791524727 03-normal-a 774599dc9748 hwm_kb=46620 rss_kb=42324 cgroup_peak=31977472
1791524728 03-normal-a 774599dc9748 hwm_kb=46620 rss_kb=44116 cgroup_peak=31977472
1791524728 03-normal-a 774599dc9748 hwm_kb=47664 rss_kb=43088 cgroup_peak=31977472
1791524729 03-normal-a 774599dc9748 hwm_kb=47664 rss_kb=42016 cgroup_peak=31977472
1791524729 03-normal-a 774599dc9748 hwm_kb=47664 rss_kb=42952 cgroup_peak=31977472
1791524730 03-normal-a 774599dc9748 hwm_kb=47664 rss_kb=43328 cgroup_peak=31977472
1791524730 03-normal-a 774599dc9748 hwm_kb=47664 rss_kb=41680 cgroup_peak=31977472
1791524731 03-normal-a 774599dc9748 hwm_kb=47664 rss_kb=43332 cgroup_peak=31977472
1791524731 03-normal-a 774599dc9748 hwm_kb=47664 rss_kb=43112 cgroup_peak=31977472
1791524732 03-normal-a 774599dc9748 hwm_kb=47664 rss_kb=43776 cgroup_peak=31977472
1791524733 03-normal-a 774599dc9748 hwm_kb=47664 rss_kb=44952 cgroup_peak=31977472
1791524733 03-normal-a 774599dc9748 hwm_kb=47664 rss_kb=43516 cgroup_peak=31977472
1791524734 03-normal-a 774599dc9748 hwm_kb=47664 rss_kb=45280 cgroup_peak=31977472
1791524734 03-normal-a 774599dc9748 hwm_kb=47664 rss_kb=43708 cgroup_peak=31977472
1791524735 03-normal-a 774599dc9748 hwm_kb=47664 rss_kb=43580 cgroup_peak=31977472
1791524735 03-normal-a 774599dc9748 hwm_kb=47664 rss_kb=44676 cgroup_peak=31977472
1791524736 03-normal-a 774599dc9748 hwm_kb=47664 rss_kb=43496 cgroup_peak=31977472
1791524736 03-normal-a 774599dc9748 hwm_kb=47664 rss_kb=46240 cgroup_peak=31977472
1791524737 03-normal-a 774599dc9748 hwm_kb=47664 rss_kb=43452 cgroup_peak=31977472
1791524737 03-normal-a 774599dc9748 hwm_kb=47664 rss_kb=43880 cgroup_peak=31977472
1791524738 03-normal-a 774599dc9748 hwm_kb=47664 rss_kb=43876 cgroup_peak=31977472
1791524738 03-normal-a 774599dc9748 hwm_kb=47664 rss_kb=43836 cgroup_peak=31977472
1791524739 03-normal-a 774599dc9748 hwm_kb=69856 rss_kb=69856 cgroup_peak=58302464
1791524739 03-normal-a 774599dc9748 hwm_kb=102828 rss_kb=102988 cgroup_peak=93347840
1791524740 03-normal-a 774599dc9748 hwm_kb=120196 rss_kb=120204 cgroup_peak=114020352
1791524740 03-normal-a 774599dc9748 hwm_kb=124044 rss_kb=121828 cgroup_peak=116162560
1791524741 03-normal-a 774599dc9748 hwm_kb=125380 rss_kb=125380 cgroup_peak=119074816
1791524742 03-normal-a 774599dc9748 hwm_kb=128172 rss_kb=123100 cgroup_peak=123707392
1791524742 03-normal-a 774599dc9748 hwm_kb=129552 rss_kb=127488 cgroup_peak=125980672
1791524743 03-normal-a 774599dc9748 hwm_kb=130736 rss_kb=130764 cgroup_peak=127524864
1791524743 03-normal-a 774599dc9748 hwm_kb=131800 rss_kb=129872 cgroup_peak=129765376
1791524744 03-normal-a 774599dc9748 hwm_kb=135300 rss_kb=135300 cgroup_peak=134352896
1791524744 03-normal-a 774599dc9748 hwm_kb=139036 rss_kb=134512 cgroup_peak=139173888
1791524745 03-normal-a 774599dc9748 hwm_kb=139612 rss_kb=139612 cgroup_peak=141217792
1791524746 03-normal-a 774599dc9748 hwm_kb=141296 rss_kb=140184 cgroup_peak=143896576
1791524746 03-normal-a 774599dc9748 hwm_kb=141296 rss_kb=140644 cgroup_peak=144609280
1791524747 03-normal-a 774599dc9748 hwm_kb=141296 rss_kb=133924 cgroup_peak=144719872
1791524747 03-normal-a 774599dc9748 hwm_kb=141296 rss_kb=134236 cgroup_peak=144719872
1791524748 03-normal-a 774599dc9748 hwm_kb=141296 rss_kb=135156 cgroup_peak=144719872
1791524748 03-normal-a 774599dc9748 hwm_kb=141296 rss_kb=131992 cgroup_peak=144719872
1791524752 04-normal-main 63daf10d1b8d hwm_kb=33036 rss_kb=33036 cgroup_peak=19742720
1791524752 04-normal-main 63daf10d1b8d hwm_kb=33036 rss_kb=33036 cgroup_peak=19742720
1791524753 04-normal-main 63daf10d1b8d hwm_kb=33036 rss_kb=33036 cgroup_peak=19742720
1791524753 04-normal-main 63daf10d1b8d hwm_kb=33036 rss_kb=33036 cgroup_peak=19742720
1791524754 04-normal-main 63daf10d1b8d hwm_kb=33036 rss_kb=33036 cgroup_peak=19742720
1791524754 04-normal-main 63daf10d1b8d hwm_kb=33036 rss_kb=33036 cgroup_peak=19742720
1791524755 04-normal-main 63daf10d1b8d hwm_kb=44448 rss_kb=43956 cgroup_peak=28733440
1791524755 04-normal-main 63daf10d1b8d hwm_kb=44480 rss_kb=44424 cgroup_peak=29564928
1791524756 04-normal-main 63daf10d1b8d hwm_kb=44732 rss_kb=44696 cgroup_peak=30633984
1791524756 04-normal-main 63daf10d1b8d hwm_kb=45244 rss_kb=44412 cgroup_peak=31404032
1791524757 04-normal-main 63daf10d1b8d hwm_kb=45548 rss_kb=44744 cgroup_peak=31698944
1791524758 04-normal-main 63daf10d1b8d hwm_kb=45548 rss_kb=45424 cgroup_peak=32219136
1791524758 04-normal-main 63daf10d1b8d hwm_kb=47412 rss_kb=45400 cgroup_peak=33931264
1791524759 04-normal-main 63daf10d1b8d hwm_kb=47412 rss_kb=44748 cgroup_peak=34123776
1791524759 04-normal-main 63daf10d1b8d hwm_kb=47412 rss_kb=45092 cgroup_peak=34123776
1791524760 04-normal-main 63daf10d1b8d hwm_kb=47412 rss_kb=44668 cgroup_peak=34123776
1791524760 04-normal-main 63daf10d1b8d hwm_kb=47412 rss_kb=44716 cgroup_peak=34123776
1791524761 04-normal-main 63daf10d1b8d hwm_kb=47412 rss_kb=45236 cgroup_peak=34123776
1791524761 04-normal-main 63daf10d1b8d hwm_kb=49696 rss_kb=46752 cgroup_peak=34701312
1791524762 04-normal-main 63daf10d1b8d hwm_kb=49696 rss_kb=47708 cgroup_peak=34701312
1791524762 04-normal-main 63daf10d1b8d hwm_kb=49696 rss_kb=46208 cgroup_peak=34701312
1791524763 04-normal-main 63daf10d1b8d hwm_kb=49696 rss_kb=46580 cgroup_peak=34701312
1791524763 04-normal-main 63daf10d1b8d hwm_kb=49696 rss_kb=46088 cgroup_peak=34701312
1791524764 04-normal-main 63daf10d1b8d hwm_kb=49696 rss_kb=46116 cgroup_peak=34701312
1791524764 04-normal-main 63daf10d1b8d hwm_kb=49696 rss_kb=46800 cgroup_peak=34701312
1791524765 04-normal-main 63daf10d1b8d hwm_kb=49696 rss_kb=45252 cgroup_peak=34701312
1791524765 04-normal-main 63daf10d1b8d hwm_kb=49696 rss_kb=44764 cgroup_peak=34701312
1791524766 04-normal-main 63daf10d1b8d hwm_kb=49696 rss_kb=46336 cgroup_peak=34701312
1791524767 04-normal-main 63daf10d1b8d hwm_kb=49696 rss_kb=44944 cgroup_peak=34701312
1791524767 04-normal-main 63daf10d1b8d hwm_kb=49696 rss_kb=46392 cgroup_peak=34701312
1791524768 04-normal-main 63daf10d1b8d hwm_kb=49696 rss_kb=46320 cgroup_peak=34701312
1791524768 04-normal-main 63daf10d1b8d hwm_kb=49696 rss_kb=46336 cgroup_peak=34918400
1791524769 04-normal-main 63daf10d1b8d hwm_kb=49696 rss_kb=47324 cgroup_peak=34918400
1791524769 04-normal-main 63daf10d1b8d hwm_kb=49696 rss_kb=47008 cgroup_peak=34918400
1791524770 04-normal-main 63daf10d1b8d hwm_kb=49696 rss_kb=46820 cgroup_peak=34918400
1791524770 04-normal-main 63daf10d1b8d hwm_kb=49776 rss_kb=46736 cgroup_peak=36028416
1791524771 04-normal-main 63daf10d1b8d hwm_kb=49776 rss_kb=47248 cgroup_peak=36028416
1791524771 04-normal-main 63daf10d1b8d hwm_kb=49776 rss_kb=46712 cgroup_peak=36028416
1791524772 04-normal-main 63daf10d1b8d hwm_kb=49776 rss_kb=46040 cgroup_peak=36028416
1791524772 04-normal-main 63daf10d1b8d hwm_kb=49776 rss_kb=46064 cgroup_peak=36028416
1791524773 04-normal-main 63daf10d1b8d hwm_kb=49776 rss_kb=46872 cgroup_peak=36028416
1791524773 04-normal-main 63daf10d1b8d hwm_kb=49776 rss_kb=46176 cgroup_peak=36028416
1791524774 04-normal-main 63daf10d1b8d hwm_kb=49776 rss_kb=45616 cgroup_peak=36028416
1791524775 04-normal-main 63daf10d1b8d hwm_kb=49776 rss_kb=47808 cgroup_peak=36028416
1791524775 04-normal-main 63daf10d1b8d hwm_kb=49776 rss_kb=45680 cgroup_peak=36028416
1791524776 04-normal-main 63daf10d1b8d hwm_kb=49776 rss_kb=44816 cgroup_peak=36028416
1791524776 04-normal-main 63daf10d1b8d hwm_kb=49776 rss_kb=45032 cgroup_peak=36028416
1791524777 04-normal-main 63daf10d1b8d hwm_kb=49776 rss_kb=45472 cgroup_peak=36028416
1791524777 04-normal-main 63daf10d1b8d hwm_kb=49776 rss_kb=47336 cgroup_peak=36028416
1791524778 04-normal-main 63daf10d1b8d hwm_kb=49776 rss_kb=47332 cgroup_peak=36028416
1791524778 04-normal-main 63daf10d1b8d hwm_kb=49776 rss_kb=47072 cgroup_peak=36028416
1791524779 04-normal-main 63daf10d1b8d hwm_kb=49776 rss_kb=47280 cgroup_peak=36028416
1791524779 04-normal-main 63daf10d1b8d hwm_kb=49776 rss_kb=47088 cgroup_peak=36028416
1791524780 04-normal-main 63daf10d1b8d hwm_kb=49776 rss_kb=47380 cgroup_peak=36028416
1791524780 04-normal-main 63daf10d1b8d hwm_kb=49776 rss_kb=47160 cgroup_peak=36028416
1791524781 04-normal-main 63daf10d1b8d hwm_kb=49776 rss_kb=48084 cgroup_peak=36028416
1791524781 04-normal-main 63daf10d1b8d hwm_kb=49776 rss_kb=46612 cgroup_peak=36028416
1791524782 04-normal-main 63daf10d1b8d hwm_kb=49776 rss_kb=47184 cgroup_peak=36028416
1791524782 04-normal-main 63daf10d1b8d hwm_kb=49776 rss_kb=47560 cgroup_peak=36028416
1791524783 04-normal-main 63daf10d1b8d hwm_kb=49776 rss_kb=47008 cgroup_peak=36028416
1791524784 04-normal-main 63daf10d1b8d hwm_kb=49776 rss_kb=46488 cgroup_peak=36028416
1791524784 04-normal-main 63daf10d1b8d hwm_kb=49776 rss_kb=47148 cgroup_peak=36028416
1791524785 04-normal-main 63daf10d1b8d hwm_kb=49776 rss_kb=46876 cgroup_peak=36028416
1791524785 04-normal-main 63daf10d1b8d hwm_kb=49776 rss_kb=45884 cgroup_peak=36028416
1791524786 04-normal-main 63daf10d1b8d hwm_kb=49776 rss_kb=45420 cgroup_peak=36028416
1791524786 04-normal-main 63daf10d1b8d hwm_kb=49776 rss_kb=46620 cgroup_peak=36028416
1791524787 04-normal-main 63daf10d1b8d hwm_kb=49776 rss_kb=47164 cgroup_peak=36028416
1791524787 04-normal-main 63daf10d1b8d hwm_kb=49776 rss_kb=47304 cgroup_peak=36028416
1791524788 04-normal-main 63daf10d1b8d hwm_kb=49776 rss_kb=47164 cgroup_peak=36028416
1791524788 04-normal-main 63daf10d1b8d hwm_kb=49776 rss_kb=46808 cgroup_peak=36028416
1791524789 04-normal-main 63daf10d1b8d hwm_kb=49776 rss_kb=46752 cgroup_peak=36028416
1791524789 04-normal-main 63daf10d1b8d hwm_kb=49776 rss_kb=47044 cgroup_peak=36028416
1791524790 04-normal-main 63daf10d1b8d hwm_kb=49776 rss_kb=46732 cgroup_peak=36028416
1791524790 04-normal-main 63daf10d1b8d hwm_kb=49776 rss_kb=48592 cgroup_peak=36028416
1791524791 04-normal-main 63daf10d1b8d hwm_kb=49776 rss_kb=46900 cgroup_peak=36028416
1791524791 04-normal-main 63daf10d1b8d hwm_kb=49776 rss_kb=46212 cgroup_peak=36028416
1791524792 04-normal-main 63daf10d1b8d hwm_kb=49776 rss_kb=47244 cgroup_peak=36028416
1791524792 04-normal-main 63daf10d1b8d hwm_kb=49776 rss_kb=46760 cgroup_peak=36028416
1791524793 04-normal-main 63daf10d1b8d hwm_kb=49776 rss_kb=46764 cgroup_peak=36028416
1791524794 04-normal-main 63daf10d1b8d hwm_kb=49776 rss_kb=47292 cgroup_peak=36028416
1791524794 04-normal-main 63daf10d1b8d hwm_kb=49776 rss_kb=48700 cgroup_peak=36028416
1791524795 04-normal-main 63daf10d1b8d hwm_kb=49776 rss_kb=47496 cgroup_peak=36028416
1791524795 04-normal-main 63daf10d1b8d hwm_kb=69440 rss_kb=69480 cgroup_peak=59273216
1791524796 04-normal-main 63daf10d1b8d hwm_kb=104400 rss_kb=104416 cgroup_peak=95641600
1791524796 04-normal-main 63daf10d1b8d hwm_kb=127700 rss_kb=127708 cgroup_peak=120516608
1791524797 04-normal-main 63daf10d1b8d hwm_kb=127012 rss_kb=125208 cgroup_peak=120643584
1791524797 04-normal-main 63daf10d1b8d hwm_kb=127012 rss_kb=124980 cgroup_peak=120643584
1791524798 04-normal-main 63daf10d1b8d hwm_kb=131004 rss_kb=131004 cgroup_peak=126513152
1791524798 04-normal-main 63daf10d1b8d hwm_kb=132360 rss_kb=132360 cgroup_peak=128933888
1791524799 04-normal-main 63daf10d1b8d hwm_kb=133200 rss_kb=131144 cgroup_peak=130732032
1791524799 04-normal-main 63daf10d1b8d hwm_kb=133200 rss_kb=132868 cgroup_peak=131624960
1791524800 04-normal-main 63daf10d1b8d hwm_kb=135876 rss_kb=133948 cgroup_peak=135372800
1791524800 04-normal-main 63daf10d1b8d hwm_kb=135876 rss_kb=135816 cgroup_peak=135372800
1791524801 04-normal-main 63daf10d1b8d hwm_kb=136672 rss_kb=136672 cgroup_peak=136998912
1791524801 04-normal-main 63daf10d1b8d hwm_kb=138224 rss_kb=132128 cgroup_peak=139214848
1791524802 04-normal-main 63daf10d1b8d hwm_kb=138224 rss_kb=136092 cgroup_peak=139214848
1791524803 04-normal-main 63daf10d1b8d hwm_kb=138224 rss_kb=133064 cgroup_peak=139214848
1791524803 04-normal-main 63daf10d1b8d hwm_kb=138224 rss_kb=130916 cgroup_peak=139214848
1791524804 04-normal-main 63daf10d1b8d hwm_kb=138224 rss_kb=133144 cgroup_peak=139214848
1791524804 04-normal-main 63daf10d1b8d hwm_kb=138224 rss_kb=135020 cgroup_peak=141406208
1791524805 04-normal-main 63daf10d1b8d hwm_kb=138224 rss_kb=135520 cgroup_peak=141639680
1791524807 04-normal-main ca12620012dc hwm_kb=30772 rss_kb=30772 cgroup_peak=18026496
1791524807 04-normal-main ca12620012dc hwm_kb=30772 rss_kb=30772 cgroup_peak=18026496
1791524808 04-normal-main ca12620012dc hwm_kb=30772 rss_kb=30772 cgroup_peak=18026496
1791524808 04-normal-main ca12620012dc hwm_kb=30772 rss_kb=30772 cgroup_peak=18026496
1791524809 04-normal-main ca12620012dc hwm_kb=30772 rss_kb=30772 cgroup_peak=18026496
1791524809 04-normal-main ca12620012dc hwm_kb=30772 rss_kb=30772 cgroup_peak=18026496
1791524810 04-normal-main ca12620012dc hwm_kb=44384 rss_kb=43176 cgroup_peak=28651520
1791524810 04-normal-main ca12620012dc hwm_kb=44384 rss_kb=43108 cgroup_peak=29704192
1791524811 04-normal-main ca12620012dc hwm_kb=44384 rss_kb=42848 cgroup_peak=30531584
1791524812 04-normal-main ca12620012dc hwm_kb=44384 rss_kb=41904 cgroup_peak=30531584
1791524812 04-normal-main ca12620012dc hwm_kb=44868 rss_kb=44480 cgroup_peak=31518720
1791524813 04-normal-main ca12620012dc hwm_kb=46096 rss_kb=46096 cgroup_peak=32157696
1791524813 04-normal-main ca12620012dc hwm_kb=45800 rss_kb=43620 cgroup_peak=32157696
1791524814 04-normal-main ca12620012dc hwm_kb=48164 rss_kb=48164 cgroup_peak=34267136
1791524814 04-normal-main ca12620012dc hwm_kb=47800 rss_kb=44412 cgroup_peak=34267136
1791524815 04-normal-main ca12620012dc hwm_kb=47800 rss_kb=44348 cgroup_peak=34267136
1791524815 04-normal-main ca12620012dc hwm_kb=47800 rss_kb=43976 cgroup_peak=34267136
1791524816 04-normal-main ca12620012dc hwm_kb=47800 rss_kb=44288 cgroup_peak=34287616
1791524816 04-normal-main ca12620012dc hwm_kb=47800 rss_kb=43452 cgroup_peak=34287616
1791524817 04-normal-main ca12620012dc hwm_kb=47800 rss_kb=44240 cgroup_peak=34287616
1791524817 04-normal-main ca12620012dc hwm_kb=47800 rss_kb=44124 cgroup_peak=34287616
1791524818 04-normal-main ca12620012dc hwm_kb=47800 rss_kb=44060 cgroup_peak=34287616
1791524819 04-normal-main ca12620012dc hwm_kb=47800 rss_kb=43256 cgroup_peak=34287616
1791524819 04-normal-main ca12620012dc hwm_kb=47800 rss_kb=44468 cgroup_peak=34287616
1791524820 04-normal-main ca12620012dc hwm_kb=47800 rss_kb=47116 cgroup_peak=34562048
1791524820 04-normal-main ca12620012dc hwm_kb=47800 rss_kb=42380 cgroup_peak=34562048
1791524821 04-normal-main ca12620012dc hwm_kb=47800 rss_kb=42548 cgroup_peak=34562048
1791524821 04-normal-main ca12620012dc hwm_kb=47800 rss_kb=42824 cgroup_peak=34562048
1791524822 04-normal-main ca12620012dc hwm_kb=47800 rss_kb=43948 cgroup_peak=34562048
1791524822 04-normal-main ca12620012dc hwm_kb=47800 rss_kb=43948 cgroup_peak=34562048
1791524823 04-normal-main ca12620012dc hwm_kb=47800 rss_kb=43224 cgroup_peak=34562048
1791524823 04-normal-main ca12620012dc hwm_kb=47800 rss_kb=44972 cgroup_peak=34562048
1791524824 04-normal-main ca12620012dc hwm_kb=47800 rss_kb=43324 cgroup_peak=34562048
1791524824 04-normal-main ca12620012dc hwm_kb=47800 rss_kb=44280 cgroup_peak=34562048
1791524825 04-normal-main ca12620012dc hwm_kb=47800 rss_kb=43380 cgroup_peak=34562048
1791524825 04-normal-main ca12620012dc hwm_kb=47800 rss_kb=43396 cgroup_peak=34562048
1791524826 04-normal-main ca12620012dc hwm_kb=47800 rss_kb=44824 cgroup_peak=34562048
1791524827 04-normal-main ca12620012dc hwm_kb=48156 rss_kb=43748 cgroup_peak=36683776
1791524827 04-normal-main ca12620012dc hwm_kb=48156 rss_kb=44388 cgroup_peak=36683776
1791524828 04-normal-main ca12620012dc hwm_kb=48156 rss_kb=43940 cgroup_peak=36683776
1791524828 04-normal-main ca12620012dc hwm_kb=48156 rss_kb=43516 cgroup_peak=36683776
1791524829 04-normal-main ca12620012dc hwm_kb=48156 rss_kb=42940 cgroup_peak=36683776
1791524829 04-normal-main ca12620012dc hwm_kb=48156 rss_kb=43908 cgroup_peak=36683776
1791524830 04-normal-main ca12620012dc hwm_kb=48156 rss_kb=43944 cgroup_peak=36683776
1791524830 04-normal-main ca12620012dc hwm_kb=48156 rss_kb=42404 cgroup_peak=36683776
1791524831 04-normal-main ca12620012dc hwm_kb=48156 rss_kb=44112 cgroup_peak=36683776
1791524831 04-normal-main ca12620012dc hwm_kb=48156 rss_kb=42420 cgroup_peak=36683776
1791524832 04-normal-main ca12620012dc hwm_kb=48156 rss_kb=43192 cgroup_peak=36683776
1791524832 04-normal-main ca12620012dc hwm_kb=48156 rss_kb=44164 cgroup_peak=36683776
1791524833 04-normal-main ca12620012dc hwm_kb=48156 rss_kb=45636 cgroup_peak=36683776
1791524833 04-normal-main ca12620012dc hwm_kb=48156 rss_kb=44228 cgroup_peak=36683776
1791524834 04-normal-main ca12620012dc hwm_kb=48156 rss_kb=44424 cgroup_peak=36683776
1791524834 04-normal-main ca12620012dc hwm_kb=48156 rss_kb=44080 cgroup_peak=36683776
1791524835 04-normal-main ca12620012dc hwm_kb=48156 rss_kb=44356 cgroup_peak=36683776
1791524836 04-normal-main ca12620012dc hwm_kb=48156 rss_kb=45980 cgroup_peak=36683776
1791524836 04-normal-main ca12620012dc hwm_kb=48156 rss_kb=44828 cgroup_peak=36683776
1791524837 04-normal-main ca12620012dc hwm_kb=48156 rss_kb=43364 cgroup_peak=36683776
1791524837 04-normal-main ca12620012dc hwm_kb=48156 rss_kb=43788 cgroup_peak=36683776
1791524838 04-normal-main ca12620012dc hwm_kb=48156 rss_kb=43320 cgroup_peak=36683776
1791524838 04-normal-main ca12620012dc hwm_kb=48156 rss_kb=44392 cgroup_peak=36732928
1791524839 04-normal-main ca12620012dc hwm_kb=48156 rss_kb=43716 cgroup_peak=36732928
1791524839 04-normal-main ca12620012dc hwm_kb=48156 rss_kb=43124 cgroup_peak=36732928
1791524840 04-normal-main ca12620012dc hwm_kb=48156 rss_kb=44264 cgroup_peak=36732928
1791524840 04-normal-main ca12620012dc hwm_kb=48156 rss_kb=43284 cgroup_peak=36732928
1791524841 04-normal-main ca12620012dc hwm_kb=48156 rss_kb=42948 cgroup_peak=36732928
1791524841 04-normal-main ca12620012dc hwm_kb=48156 rss_kb=42304 cgroup_peak=36732928
1791524842 04-normal-main ca12620012dc hwm_kb=48156 rss_kb=42700 cgroup_peak=36732928
1791524842 04-normal-main ca12620012dc hwm_kb=48156 rss_kb=43512 cgroup_peak=36732928
1791524843 04-normal-main ca12620012dc hwm_kb=48156 rss_kb=44224 cgroup_peak=36732928
1791524843 04-normal-main ca12620012dc hwm_kb=48156 rss_kb=44304 cgroup_peak=36732928
1791524844 04-normal-main ca12620012dc hwm_kb=48156 rss_kb=44916 cgroup_peak=36732928
1791524845 04-normal-main ca12620012dc hwm_kb=48156 rss_kb=45152 cgroup_peak=36732928
1791524845 04-normal-main ca12620012dc hwm_kb=48156 rss_kb=44656 cgroup_peak=36732928
1791524846 04-normal-main ca12620012dc hwm_kb=48156 rss_kb=44668 cgroup_peak=36732928
1791524846 04-normal-main ca12620012dc hwm_kb=48156 rss_kb=43768 cgroup_peak=36732928
1791524847 04-normal-main ca12620012dc hwm_kb=48480 rss_kb=42988 cgroup_peak=37773312
1791524847 04-normal-main ca12620012dc hwm_kb=48480 rss_kb=44760 cgroup_peak=37773312
1791524848 04-normal-main ca12620012dc hwm_kb=48480 rss_kb=44892 cgroup_peak=37773312
1791524848 04-normal-main ca12620012dc hwm_kb=48480 rss_kb=42536 cgroup_peak=37773312
1791524849 04-normal-main ca12620012dc hwm_kb=48480 rss_kb=44692 cgroup_peak=37773312
1791524849 04-normal-main ca12620012dc hwm_kb=48480 rss_kb=43300 cgroup_peak=37773312
1791524850 04-normal-main ca12620012dc hwm_kb=48480 rss_kb=43552 cgroup_peak=37773312
1791524850 04-normal-main ca12620012dc hwm_kb=77760 rss_kb=77760 cgroup_peak=69603328
1791524851 04-normal-main ca12620012dc hwm_kb=119584 rss_kb=119584 cgroup_peak=113434624
1791524851 04-normal-main ca12620012dc hwm_kb=126232 rss_kb=121820 cgroup_peak=121143296
1791524852 04-normal-main ca12620012dc hwm_kb=126232 rss_kb=122712 cgroup_peak=121143296
1791524852 04-normal-main ca12620012dc hwm_kb=131292 rss_kb=128184 cgroup_peak=128454656
1791524853 04-normal-main ca12620012dc hwm_kb=131292 rss_kb=129240 cgroup_peak=128454656
1791524854 04-normal-main ca12620012dc hwm_kb=131292 rss_kb=130756 cgroup_peak=129454080
1791524854 04-normal-main ca12620012dc hwm_kb=131636 rss_kb=130108 cgroup_peak=131489792
1791524855 04-normal-main ca12620012dc hwm_kb=132780 rss_kb=130404 cgroup_peak=133791744
1791524855 04-normal-main ca12620012dc hwm_kb=137584 rss_kb=134464 cgroup_peak=139235328
1791524856 04-normal-main ca12620012dc hwm_kb=137584 rss_kb=131928 cgroup_peak=139235328
1791524856 04-normal-main ca12620012dc hwm_kb=137584 rss_kb=129460 cgroup_peak=139235328
1791524857 04-normal-main ca12620012dc hwm_kb=137584 rss_kb=127924 cgroup_peak=139235328
1791524857 04-normal-main ca12620012dc hwm_kb=137584 rss_kb=134836 cgroup_peak=141279232
1791524858 04-normal-main ca12620012dc hwm_kb=137584 rss_kb=132332 cgroup_peak=143085568
1791524858 04-normal-main ca12620012dc hwm_kb=137584 rss_kb=134356 cgroup_peak=143085568
1791524859 04-normal-main ca12620012dc hwm_kb=137584 rss_kb=133288 cgroup_peak=143085568
1791524859 04-normal-main ca12620012dc hwm_kb=137584 rss_kb=131320 cgroup_peak=143085568
1791524860 04-normal-main ca12620012dc hwm_kb=137584 rss_kb=131124 cgroup_peak=143085568
1791524862 05-normal-main fad719584b6c hwm_kb=31192 rss_kb=31192 cgroup_peak=14098432
1791524863 05-normal-main fad719584b6c hwm_kb=31192 rss_kb=31192 cgroup_peak=17858560
1791524863 05-normal-main fad719584b6c hwm_kb=31192 rss_kb=31192 cgroup_peak=17858560
1791524864 05-normal-main fad719584b6c hwm_kb=31192 rss_kb=31192 cgroup_peak=17858560
1791524864 05-normal-main fad719584b6c hwm_kb=31192 rss_kb=31192 cgroup_peak=17858560
1791524865 05-normal-main fad719584b6c hwm_kb=31192 rss_kb=31192 cgroup_peak=17858560
1791524865 05-normal-main fad719584b6c hwm_kb=31452 rss_kb=31452 cgroup_peak=17858560
1791524866 05-normal-main fad719584b6c hwm_kb=41912 rss_kb=40900 cgroup_peak=26165248
1791524866 05-normal-main fad719584b6c hwm_kb=42204 rss_kb=40608 cgroup_peak=26292224
1791524867 05-normal-main fad719584b6c hwm_kb=42956 rss_kb=41232 cgroup_peak=26832896
1791524868 05-normal-main fad719584b6c hwm_kb=43248 rss_kb=40464 cgroup_peak=26832896
1791524868 05-normal-main fad719584b6c hwm_kb=44116 rss_kb=44116 cgroup_peak=27799552
1791524869 05-normal-main fad719584b6c hwm_kb=43816 rss_kb=43276 cgroup_peak=27799552
1791524869 05-normal-main fad719584b6c hwm_kb=45928 rss_kb=44496 cgroup_peak=29769728
1791524870 05-normal-main fad719584b6c hwm_kb=45928 rss_kb=44508 cgroup_peak=30306304
1791524870 05-normal-main fad719584b6c hwm_kb=45928 rss_kb=44036 cgroup_peak=30380032
1791524871 05-normal-main fad719584b6c hwm_kb=45928 rss_kb=43016 cgroup_peak=30924800
1791524871 05-normal-main fad719584b6c hwm_kb=45928 rss_kb=44104 cgroup_peak=30924800
1791524872 05-normal-main fad719584b6c hwm_kb=45928 rss_kb=43692 cgroup_peak=30924800
1791524872 05-normal-main fad719584b6c hwm_kb=46384 rss_kb=46388 cgroup_peak=30941184
1791524873 05-normal-main fad719584b6c hwm_kb=46088 rss_kb=42436 cgroup_peak=30941184
1791524873 05-normal-main fad719584b6c hwm_kb=46088 rss_kb=43104 cgroup_peak=30941184
1791524874 05-normal-main fad719584b6c hwm_kb=46088 rss_kb=43356 cgroup_peak=30941184
1791524875 05-normal-main fad719584b6c hwm_kb=47928 rss_kb=44488 cgroup_peak=31944704
1791524875 05-normal-main fad719584b6c hwm_kb=47928 rss_kb=44812 cgroup_peak=31944704
1791524876 05-normal-main fad719584b6c hwm_kb=47928 rss_kb=44028 cgroup_peak=31944704
1791524876 05-normal-main fad719584b6c hwm_kb=47928 rss_kb=43332 cgroup_peak=31944704
1791524877 05-normal-main fad719584b6c hwm_kb=47928 rss_kb=43896 cgroup_peak=31944704
1791524877 05-normal-main fad719584b6c hwm_kb=47928 rss_kb=43644 cgroup_peak=31944704
1791524878 05-normal-main fad719584b6c hwm_kb=47928 rss_kb=45740 cgroup_peak=31944704
1791524878 05-normal-main fad719584b6c hwm_kb=47928 rss_kb=45036 cgroup_peak=31944704
1791524879 05-normal-main fad719584b6c hwm_kb=47928 rss_kb=43164 cgroup_peak=31944704
1791524879 05-normal-main fad719584b6c hwm_kb=47928 rss_kb=44708 cgroup_peak=31944704
1791524880 05-normal-main fad719584b6c hwm_kb=47928 rss_kb=46004 cgroup_peak=31944704
1791524881 05-normal-main fad719584b6c hwm_kb=47928 rss_kb=46048 cgroup_peak=31944704
1791524881 05-normal-main fad719584b6c hwm_kb=47928 rss_kb=44600 cgroup_peak=31944704
1791524882 05-normal-main fad719584b6c hwm_kb=47928 rss_kb=44288 cgroup_peak=31944704
1791524882 05-normal-main fad719584b6c hwm_kb=47928 rss_kb=43404 cgroup_peak=31944704
1791524883 05-normal-main fad719584b6c hwm_kb=47928 rss_kb=44736 cgroup_peak=31944704
1791524883 05-normal-main fad719584b6c hwm_kb=47928 rss_kb=44736 cgroup_peak=31944704
1791524884 05-normal-main fad719584b6c hwm_kb=47928 rss_kb=45080 cgroup_peak=31944704
1791524884 05-normal-main fad719584b6c hwm_kb=47928 rss_kb=44160 cgroup_peak=31944704
1791524885 05-normal-main fad719584b6c hwm_kb=47928 rss_kb=44336 cgroup_peak=31944704
1791524885 05-normal-main fad719584b6c hwm_kb=47928 rss_kb=43960 cgroup_peak=31944704
1791524886 05-normal-main fad719584b6c hwm_kb=47928 rss_kb=43988 cgroup_peak=31944704
1791524886 05-normal-main fad719584b6c hwm_kb=47928 rss_kb=42880 cgroup_peak=31944704
1791524887 05-normal-main fad719584b6c hwm_kb=47928 rss_kb=43184 cgroup_peak=31944704
1791524887 05-normal-main fad719584b6c hwm_kb=47928 rss_kb=44012 cgroup_peak=31944704
1791524888 05-normal-main fad719584b6c hwm_kb=47928 rss_kb=44720 cgroup_peak=31944704
1791524888 05-normal-main fad719584b6c hwm_kb=47928 rss_kb=44912 cgroup_peak=31944704
1791524889 05-normal-main fad719584b6c hwm_kb=47928 rss_kb=45440 cgroup_peak=31944704
1791524890 05-normal-main fad719584b6c hwm_kb=47928 rss_kb=44984 cgroup_peak=31944704
1791524890 05-normal-main fad719584b6c hwm_kb=47928 rss_kb=45044 cgroup_peak=31944704
1791524891 05-normal-main fad719584b6c hwm_kb=47928 rss_kb=44760 cgroup_peak=31944704
1791524891 05-normal-main fad719584b6c hwm_kb=47928 rss_kb=45912 cgroup_peak=31944704
1791524892 05-normal-main fad719584b6c hwm_kb=47928 rss_kb=44488 cgroup_peak=31944704
1791524892 05-normal-main fad719584b6c hwm_kb=47928 rss_kb=45980 cgroup_peak=31944704
1791524893 05-normal-main fad719584b6c hwm_kb=47928 rss_kb=44348 cgroup_peak=31944704
1791524893 05-normal-main fad719584b6c hwm_kb=48036 rss_kb=43748 cgroup_peak=33005568
1791524894 05-normal-main fad719584b6c hwm_kb=48036 rss_kb=43812 cgroup_peak=33005568
1791524894 05-normal-main fad719584b6c hwm_kb=48036 rss_kb=44012 cgroup_peak=33005568
1791524895 05-normal-main fad719584b6c hwm_kb=48036 rss_kb=47372 cgroup_peak=33005568
1791524895 05-normal-main fad719584b6c hwm_kb=48036 rss_kb=44300 cgroup_peak=33005568
1791524896 05-normal-main fad719584b6c hwm_kb=48036 rss_kb=43068 cgroup_peak=33005568
1791524896 05-normal-main fad719584b6c hwm_kb=48036 rss_kb=43308 cgroup_peak=33005568
1791524897 05-normal-main fad719584b6c hwm_kb=48036 rss_kb=42596 cgroup_peak=33005568
1791524897 05-normal-main fad719584b6c hwm_kb=48036 rss_kb=42116 cgroup_peak=33005568
1791524898 05-normal-main fad719584b6c hwm_kb=48036 rss_kb=44488 cgroup_peak=33005568
1791524899 05-normal-main fad719584b6c hwm_kb=48036 rss_kb=44860 cgroup_peak=33005568
1791524899 05-normal-main fad719584b6c hwm_kb=48036 rss_kb=44740 cgroup_peak=33005568
1791524900 05-normal-main fad719584b6c hwm_kb=48036 rss_kb=43332 cgroup_peak=33005568
1791524900 05-normal-main fad719584b6c hwm_kb=48036 rss_kb=43648 cgroup_peak=33005568
1791524901 05-normal-main fad719584b6c hwm_kb=48036 rss_kb=44480 cgroup_peak=33005568
1791524901 05-normal-main fad719584b6c hwm_kb=48036 rss_kb=44328 cgroup_peak=33005568
1791524902 05-normal-main fad719584b6c hwm_kb=48036 rss_kb=46080 cgroup_peak=33005568
1791524902 05-normal-main fad719584b6c hwm_kb=48036 rss_kb=44088 cgroup_peak=33005568
1791524903 05-normal-main fad719584b6c hwm_kb=48036 rss_kb=44136 cgroup_peak=33005568
1791524903 05-normal-main fad719584b6c hwm_kb=48036 rss_kb=44624 cgroup_peak=33005568
1791524904 05-normal-main fad719584b6c hwm_kb=48036 rss_kb=43568 cgroup_peak=33005568
1791524904 05-normal-main fad719584b6c hwm_kb=48036 rss_kb=43660 cgroup_peak=33005568
1791524905 05-normal-main fad719584b6c hwm_kb=48036 rss_kb=44668 cgroup_peak=33005568
1791524905 05-normal-main fad719584b6c hwm_kb=48036 rss_kb=45024 cgroup_peak=33005568
1791524906 05-normal-main fad719584b6c hwm_kb=67352 rss_kb=67352 cgroup_peak=56274944
1791524906 05-normal-main fad719584b6c hwm_kb=99100 rss_kb=99112 cgroup_peak=90124288
1791524907 05-normal-main fad719584b6c hwm_kb=121796 rss_kb=121796 cgroup_peak=113950720
1791524908 05-normal-main fad719584b6c hwm_kb=128360 rss_kb=125280 cgroup_peak=121856000
1791524908 05-normal-main fad719584b6c hwm_kb=128360 rss_kb=127024 cgroup_peak=121856000
1791524909 05-normal-main fad719584b6c hwm_kb=129272 rss_kb=129272 cgroup_peak=124252160
1791524909 05-normal-main fad719584b6c hwm_kb=133432 rss_kb=131452 cgroup_peak=129380352
1791524910 05-normal-main fad719584b6c hwm_kb=134460 rss_kb=131428 cgroup_peak=131215360
1791524910 05-normal-main fad719584b6c hwm_kb=134460 rss_kb=134056 cgroup_peak=133779456
1791524911 05-normal-main fad719584b6c hwm_kb=134564 rss_kb=129116 cgroup_peak=135356416
1791524911 05-normal-main fad719584b6c hwm_kb=134564 rss_kb=133740 cgroup_peak=135356416
1791524912 05-normal-main fad719584b6c hwm_kb=134564 rss_kb=132756 cgroup_peak=135794688
1791524912 05-normal-main fad719584b6c hwm_kb=134564 rss_kb=134080 cgroup_peak=137334784
1791524913 05-normal-main fad719584b6c hwm_kb=134860 rss_kb=132992 cgroup_peak=138776576
1791524913 05-normal-main fad719584b6c hwm_kb=135332 rss_kb=134960 cgroup_peak=140664832
1791524914 05-normal-main fad719584b6c hwm_kb=137052 rss_kb=134144 cgroup_peak=143233024
1791524914 05-normal-main fad719584b6c hwm_kb=137052 rss_kb=134172 cgroup_peak=143233024
1791524915 05-normal-main fad719584b6c hwm_kb=137052 rss_kb=133468 cgroup_peak=143233024
1791524915 05-normal-main fad719584b6c hwm_kb=137052 rss_kb=129716 cgroup_peak=143233024
1791524916 05-normal-main fad719584b6c hwm_kb=137052 rss_kb=133808 cgroup_peak=143233024
1791524918 05-normal-main 2a76731b2d93 hwm_kb=31028 rss_kb=31028 cgroup_peak=17653760
1791524918 05-normal-main 2a76731b2d93 hwm_kb=31028 rss_kb=31028 cgroup_peak=17653760
1791524919 05-normal-main 2a76731b2d93 hwm_kb=31028 rss_kb=31028 cgroup_peak=17653760
1791524919 05-normal-main 2a76731b2d93 hwm_kb=31028 rss_kb=31028 cgroup_peak=17653760
1791524920 05-normal-main 2a76731b2d93 hwm_kb=31028 rss_kb=31028 cgroup_peak=17653760
1791524920 05-normal-main 2a76731b2d93 hwm_kb=31028 rss_kb=31028 cgroup_peak=17653760
1791524921 05-normal-main 2a76731b2d93 hwm_kb=43876 rss_kb=43920 cgroup_peak=27611136
1791524921 05-normal-main 2a76731b2d93 hwm_kb=43612 rss_kb=40664 cgroup_peak=28069888
1791524922 05-normal-main 2a76731b2d93 hwm_kb=43612 rss_kb=41812 cgroup_peak=29380608
1791524922 05-normal-main 2a76731b2d93 hwm_kb=43612 rss_kb=42180 cgroup_peak=29380608
1791524923 05-normal-main 2a76731b2d93 hwm_kb=44036 rss_kb=42008 cgroup_peak=30834688
1791524923 05-normal-main 2a76731b2d93 hwm_kb=44036 rss_kb=42144 cgroup_peak=30834688
1791524924 05-normal-main 2a76731b2d93 hwm_kb=44036 rss_kb=42304 cgroup_peak=30834688
1791524924 05-normal-main 2a76731b2d93 hwm_kb=45456 rss_kb=41772 cgroup_peak=32256000
1791524925 05-normal-main 2a76731b2d93 hwm_kb=45456 rss_kb=42784 cgroup_peak=32256000
1791524925 05-normal-main 2a76731b2d93 hwm_kb=45456 rss_kb=42956 cgroup_peak=32256000
1791524926 05-normal-main 2a76731b2d93 hwm_kb=45456 rss_kb=43256 cgroup_peak=32256000
1791524927 05-normal-main 2a76731b2d93 hwm_kb=45456 rss_kb=43552 cgroup_peak=32256000
1791524927 05-normal-main 2a76731b2d93 hwm_kb=45456 rss_kb=42460 cgroup_peak=32256000
1791524928 05-normal-main 2a76731b2d93 hwm_kb=45456 rss_kb=43808 cgroup_peak=32256000
1791524928 05-normal-main 2a76731b2d93 hwm_kb=47728 rss_kb=44460 cgroup_peak=34672640
1791524929 05-normal-main 2a76731b2d93 hwm_kb=47728 rss_kb=44412 cgroup_peak=34672640
1791524929 05-normal-main 2a76731b2d93 hwm_kb=47728 rss_kb=44664 cgroup_peak=34672640
1791524930 05-normal-main 2a76731b2d93 hwm_kb=47728 rss_kb=44724 cgroup_peak=34672640
1791524930 05-normal-main 2a76731b2d93 hwm_kb=47728 rss_kb=44528 cgroup_peak=34672640
1791524931 05-normal-main 2a76731b2d93 hwm_kb=47728 rss_kb=43360 cgroup_peak=34672640
1791524931 05-normal-main 2a76731b2d93 hwm_kb=47728 rss_kb=43080 cgroup_peak=34672640
1791524932 05-normal-main 2a76731b2d93 hwm_kb=47728 rss_kb=43640 cgroup_peak=34672640
1791524932 05-normal-main 2a76731b2d93 hwm_kb=47728 rss_kb=42464 cgroup_peak=34672640
1791524933 05-normal-main 2a76731b2d93 hwm_kb=47728 rss_kb=44640 cgroup_peak=34672640
1791524933 05-normal-main 2a76731b2d93 hwm_kb=47728 rss_kb=44436 cgroup_peak=34672640
1791524934 05-normal-main 2a76731b2d93 hwm_kb=47728 rss_kb=44680 cgroup_peak=34672640
1791524934 05-normal-main 2a76731b2d93 hwm_kb=47728 rss_kb=44596 cgroup_peak=34672640
1791524935 05-normal-main 2a76731b2d93 hwm_kb=47728 rss_kb=44144 cgroup_peak=34672640
1791524935 05-normal-main 2a76731b2d93 hwm_kb=47728 rss_kb=44224 cgroup_peak=34672640
1791524936 05-normal-main 2a76731b2d93 hwm_kb=47728 rss_kb=43856 cgroup_peak=34672640
1791524937 05-normal-main 2a76731b2d93 hwm_kb=47728 rss_kb=43912 cgroup_peak=34672640
1791524937 05-normal-main 2a76731b2d93 hwm_kb=47728 rss_kb=44816 cgroup_peak=34672640
1791524938 05-normal-main 2a76731b2d93 hwm_kb=47728 rss_kb=44024 cgroup_peak=34672640
1791524938 05-normal-main 2a76731b2d93 hwm_kb=47728 rss_kb=46580 cgroup_peak=34672640
1791524939 05-normal-main 2a76731b2d93 hwm_kb=47728 rss_kb=44240 cgroup_peak=34672640
1791524939 05-normal-main 2a76731b2d93 hwm_kb=47728 rss_kb=44212 cgroup_peak=34672640
1791524940 05-normal-main 2a76731b2d93 hwm_kb=47728 rss_kb=44816 cgroup_peak=34672640
1791524940 05-normal-main 2a76731b2d93 hwm_kb=47728 rss_kb=44664 cgroup_peak=34672640
1791524941 05-normal-main 2a76731b2d93 hwm_kb=47728 rss_kb=42880 cgroup_peak=34672640
1791524941 05-normal-main 2a76731b2d93 hwm_kb=47728 rss_kb=43560 cgroup_peak=34672640
1791524942 05-normal-main 2a76731b2d93 hwm_kb=47728 rss_kb=42800 cgroup_peak=34672640
1791524942 05-normal-main 2a76731b2d93 hwm_kb=47728 rss_kb=43048 cgroup_peak=34672640
1791524943 05-normal-main 2a76731b2d93 hwm_kb=47728 rss_kb=44720 cgroup_peak=34672640
1791524943 05-normal-main 2a76731b2d93 hwm_kb=47728 rss_kb=44864 cgroup_peak=34672640
1791524944 05-normal-main 2a76731b2d93 hwm_kb=47728 rss_kb=44336 cgroup_peak=34672640
1791524944 05-normal-main 2a76731b2d93 hwm_kb=47728 rss_kb=43832 cgroup_peak=34672640
1791524945 05-normal-main 2a76731b2d93 hwm_kb=47728 rss_kb=44800 cgroup_peak=34672640
1791524945 05-normal-main 2a76731b2d93 hwm_kb=47728 rss_kb=44620 cgroup_peak=34672640
1791524946 05-normal-main 2a76731b2d93 hwm_kb=47728 rss_kb=44384 cgroup_peak=34672640
1791524947 05-normal-main 2a76731b2d93 hwm_kb=47728 rss_kb=43376 cgroup_peak=35225600
1791524947 05-normal-main 2a76731b2d93 hwm_kb=47728 rss_kb=42304 cgroup_peak=35225600
1791524948 05-normal-main 2a76731b2d93 hwm_kb=47728 rss_kb=44588 cgroup_peak=35225600
1791524948 05-normal-main 2a76731b2d93 hwm_kb=47728 rss_kb=44464 cgroup_peak=35225600
1791524949 05-normal-main 2a76731b2d93 hwm_kb=47728 rss_kb=44544 cgroup_peak=35225600
1791524949 05-normal-main 2a76731b2d93 hwm_kb=47728 rss_kb=43912 cgroup_peak=35225600
1791524950 05-normal-main 2a76731b2d93 hwm_kb=47728 rss_kb=44512 cgroup_peak=35225600
1791524950 05-normal-main 2a76731b2d93 hwm_kb=47728 rss_kb=44004 cgroup_peak=35225600
1791524951 05-normal-main 2a76731b2d93 hwm_kb=47728 rss_kb=43800 cgroup_peak=35225600
1791524951 05-normal-main 2a76731b2d93 hwm_kb=47728 rss_kb=43644 cgroup_peak=35225600
1791524952 05-normal-main 2a76731b2d93 hwm_kb=47728 rss_kb=44920 cgroup_peak=35225600
1791524952 05-normal-main 2a76731b2d93 hwm_kb=47728 rss_kb=44204 cgroup_peak=35225600
1791524953 05-normal-main 2a76731b2d93 hwm_kb=47728 rss_kb=44412 cgroup_peak=35225600
1791524953 05-normal-main 2a76731b2d93 hwm_kb=47728 rss_kb=42600 cgroup_peak=36712448
1791524954 05-normal-main 2a76731b2d93 hwm_kb=47728 rss_kb=46924 cgroup_peak=36712448
1791524954 05-normal-main 2a76731b2d93 hwm_kb=47728 rss_kb=45204 cgroup_peak=36712448
1791524955 05-normal-main 2a76731b2d93 hwm_kb=47840 rss_kb=44968 cgroup_peak=36880384
1791524956 05-normal-main 2a76731b2d93 hwm_kb=47840 rss_kb=43592 cgroup_peak=36880384
1791524956 05-normal-main 2a76731b2d93 hwm_kb=47840 rss_kb=44392 cgroup_peak=36880384
1791524957 05-normal-main 2a76731b2d93 hwm_kb=47840 rss_kb=43668 cgroup_peak=36880384
1791524957 05-normal-main 2a76731b2d93 hwm_kb=47840 rss_kb=45060 cgroup_peak=36880384
1791524958 05-normal-main 2a76731b2d93 hwm_kb=47840 rss_kb=44308 cgroup_peak=36880384
1791524958 05-normal-main 2a76731b2d93 hwm_kb=47840 rss_kb=44136 cgroup_peak=36941824
1791524959 05-normal-main 2a76731b2d93 hwm_kb=47840 rss_kb=46420 cgroup_peak=36941824
1791524959 05-normal-main 2a76731b2d93 hwm_kb=47840 rss_kb=43600 cgroup_peak=36941824
1791524960 05-normal-main 2a76731b2d93 hwm_kb=47840 rss_kb=44684 cgroup_peak=36941824
1791524960 05-normal-main 2a76731b2d93 hwm_kb=47840 rss_kb=43872 cgroup_peak=36941824
1791524961 05-normal-main 2a76731b2d93 hwm_kb=52860 rss_kb=52864 cgroup_peak=44683264
1791524961 05-normal-main 2a76731b2d93 hwm_kb=91248 rss_kb=91280 cgroup_peak=85401600
1791524962 05-normal-main 2a76731b2d93 hwm_kb=117972 rss_kb=117972 cgroup_peak=113192960
1791524962 05-normal-main 2a76731b2d93 hwm_kb=123344 rss_kb=118940 cgroup_peak=120012800
1791524963 05-normal-main 2a76731b2d93 hwm_kb=126972 rss_kb=122244 cgroup_peak=124170240
1791524963 05-normal-main 2a76731b2d93 hwm_kb=131656 rss_kb=131656 cgroup_peak=130260992
1791524964 05-normal-main 2a76731b2d93 hwm_kb=132024 rss_kb=129364 cgroup_peak=130826240
1791524964 05-normal-main 2a76731b2d93 hwm_kb=132024 rss_kb=128164 cgroup_peak=131772416
1791524965 05-normal-main 2a76731b2d93 hwm_kb=132024 rss_kb=130944 cgroup_peak=131878912
1791524965 05-normal-main 2a76731b2d93 hwm_kb=132024 rss_kb=131388 cgroup_peak=133517312
1791524966 05-normal-main 2a76731b2d93 hwm_kb=133216 rss_kb=133004 cgroup_peak=136507392
1791524967 05-normal-main 2a76731b2d93 hwm_kb=133216 rss_kb=131068 cgroup_peak=136671232
1791524967 05-normal-main 2a76731b2d93 hwm_kb=133280 rss_kb=133280 cgroup_peak=137887744
1791524968 05-normal-main 2a76731b2d93 hwm_kb=133216 rss_kb=130364 cgroup_peak=137904128
1791524968 05-normal-main 2a76731b2d93 hwm_kb=133216 rss_kb=131432 cgroup_peak=139919360
1791524969 05-normal-main 2a76731b2d93 hwm_kb=133216 rss_kb=130044 cgroup_peak=139939840
1791524969 05-normal-main 2a76731b2d93 hwm_kb=134384 rss_kb=133900 cgroup_peak=142569472
1791524970 05-normal-main 2a76731b2d93 hwm_kb=134824 rss_kb=131216 cgroup_peak=144711680
1791524970 05-normal-main 2a76731b2d93 hwm_kb=134824 rss_kb=133132 cgroup_peak=145338368
1791524971 05-normal-main 2a76731b2d93 hwm_kb=134824 rss_kb=132116 cgroup_peak=145338368
1791524973 06-normal-b 84b41c06a6be hwm_kb=32388 rss_kb=32388 cgroup_peak=33071104
1791524974 06-normal-b 84b41c06a6be hwm_kb=32388 rss_kb=32388 cgroup_peak=33071104
1791524974 06-normal-b 84b41c06a6be hwm_kb=32388 rss_kb=32388 cgroup_peak=33071104
1791524975 06-normal-b 84b41c06a6be hwm_kb=32388 rss_kb=32388 cgroup_peak=33071104
1791524975 06-normal-b 84b41c06a6be hwm_kb=32388 rss_kb=32388 cgroup_peak=33071104
1791524976 06-normal-b 84b41c06a6be hwm_kb=32388 rss_kb=32388 cgroup_peak=33071104
1791524976 06-normal-b 84b41c06a6be hwm_kb=34468 rss_kb=34468 cgroup_peak=33071104
1791524977 06-normal-b 84b41c06a6be hwm_kb=48888 rss_kb=41844 cgroup_peak=47124480
1791524977 06-normal-b 84b41c06a6be hwm_kb=48888 rss_kb=41624 cgroup_peak=47124480
1791524978 06-normal-b 84b41c06a6be hwm_kb=48888 rss_kb=42360 cgroup_peak=47124480
1791524978 06-normal-b 84b41c06a6be hwm_kb=48888 rss_kb=42144 cgroup_peak=47124480
1791524979 06-normal-b 84b41c06a6be hwm_kb=48888 rss_kb=43928 cgroup_peak=48459776
1791524979 06-normal-b 84b41c06a6be hwm_kb=48888 rss_kb=43696 cgroup_peak=48459776
1791524980 06-normal-b 84b41c06a6be hwm_kb=48888 rss_kb=43120 cgroup_peak=48459776
1791524980 06-normal-b 84b41c06a6be hwm_kb=48888 rss_kb=43736 cgroup_peak=48459776
1791524981 06-normal-b 84b41c06a6be hwm_kb=48888 rss_kb=43068 cgroup_peak=48459776
1791524981 06-normal-b 84b41c06a6be hwm_kb=48888 rss_kb=43732 cgroup_peak=48459776
1791524982 06-normal-b 84b41c06a6be hwm_kb=48888 rss_kb=43200 cgroup_peak=48459776
1791524983 06-normal-b 84b41c06a6be hwm_kb=48888 rss_kb=44732 cgroup_peak=48459776
1791524983 06-normal-b 84b41c06a6be hwm_kb=48888 rss_kb=44608 cgroup_peak=50544640
1791524984 06-normal-b 84b41c06a6be hwm_kb=48888 rss_kb=44016 cgroup_peak=50544640
1791524984 06-normal-b 84b41c06a6be hwm_kb=48888 rss_kb=44156 cgroup_peak=50544640
1791524985 06-normal-b 84b41c06a6be hwm_kb=48888 rss_kb=42552 cgroup_peak=50544640
1791524985 06-normal-b 84b41c06a6be hwm_kb=48888 rss_kb=43908 cgroup_peak=50544640
1791524986 06-normal-b 84b41c06a6be hwm_kb=48888 rss_kb=43436 cgroup_peak=50544640
1791524986 06-normal-b 84b41c06a6be hwm_kb=48888 rss_kb=44060 cgroup_peak=50544640
1791524987 06-normal-b 84b41c06a6be hwm_kb=48888 rss_kb=42348 cgroup_peak=50544640
1791524987 06-normal-b 84b41c06a6be hwm_kb=48888 rss_kb=43336 cgroup_peak=50544640
1791524988 06-normal-b 84b41c06a6be hwm_kb=48888 rss_kb=42792 cgroup_peak=50544640
1791524988 06-normal-b 84b41c06a6be hwm_kb=48888 rss_kb=43176 cgroup_peak=50544640
1791524989 06-normal-b 84b41c06a6be hwm_kb=48888 rss_kb=44068 cgroup_peak=50544640
1791524989 06-normal-b 84b41c06a6be hwm_kb=48888 rss_kb=43960 cgroup_peak=50544640
1791524990 06-normal-b 84b41c06a6be hwm_kb=48888 rss_kb=44544 cgroup_peak=50544640
1791524990 06-normal-b 84b41c06a6be hwm_kb=48888 rss_kb=44484 cgroup_peak=50544640
1791524991 06-normal-b 84b41c06a6be hwm_kb=48888 rss_kb=44244 cgroup_peak=50544640
1791524991 06-normal-b 84b41c06a6be hwm_kb=48888 rss_kb=44220 cgroup_peak=50544640
1791524992 06-normal-b 84b41c06a6be hwm_kb=48888 rss_kb=44192 cgroup_peak=50544640
1791524993 06-normal-b 84b41c06a6be hwm_kb=48888 rss_kb=43904 cgroup_peak=50544640
1791524993 06-normal-b 84b41c06a6be hwm_kb=48888 rss_kb=44196 cgroup_peak=50544640
1791524994 06-normal-b 84b41c06a6be hwm_kb=48888 rss_kb=42916 cgroup_peak=50544640
1791524994 06-normal-b 84b41c06a6be hwm_kb=48888 rss_kb=44112 cgroup_peak=50544640
1791524995 06-normal-b 84b41c06a6be hwm_kb=48888 rss_kb=42640 cgroup_peak=50544640
1791524995 06-normal-b 84b41c06a6be hwm_kb=48888 rss_kb=43716 cgroup_peak=50544640
1791524996 06-normal-b 84b41c06a6be hwm_kb=48888 rss_kb=44156 cgroup_peak=50544640
1791524996 06-normal-b 84b41c06a6be hwm_kb=48888 rss_kb=44220 cgroup_peak=50544640
1791524997 06-normal-b 84b41c06a6be hwm_kb=48888 rss_kb=43312 cgroup_peak=50544640
1791524997 06-normal-b 84b41c06a6be hwm_kb=48888 rss_kb=42728 cgroup_peak=50544640
1791524998 06-normal-b 84b41c06a6be hwm_kb=48888 rss_kb=43384 cgroup_peak=50544640
1791524998 06-normal-b 84b41c06a6be hwm_kb=48888 rss_kb=43296 cgroup_peak=50544640
1791524999 06-normal-b 84b41c06a6be hwm_kb=48888 rss_kb=44256 cgroup_peak=50544640
1791524999 06-normal-b 84b41c06a6be hwm_kb=48888 rss_kb=45784 cgroup_peak=50544640
1791525000 06-normal-b 84b41c06a6be hwm_kb=48888 rss_kb=44536 cgroup_peak=50544640
1791525000 06-normal-b 84b41c06a6be hwm_kb=48888 rss_kb=45344 cgroup_peak=50544640
1791525001 06-normal-b 84b41c06a6be hwm_kb=48888 rss_kb=44136 cgroup_peak=50544640
1791525001 06-normal-b 84b41c06a6be hwm_kb=48888 rss_kb=44652 cgroup_peak=50544640
1791525002 06-normal-b 84b41c06a6be hwm_kb=48888 rss_kb=44384 cgroup_peak=50544640
1791525003 06-normal-b 84b41c06a6be hwm_kb=48888 rss_kb=43888 cgroup_peak=50544640
1791525003 06-normal-b 84b41c06a6be hwm_kb=48888 rss_kb=44040 cgroup_peak=50544640
1791525004 06-normal-b 84b41c06a6be hwm_kb=48888 rss_kb=44384 cgroup_peak=50544640
1791525004 06-normal-b 84b41c06a6be hwm_kb=48888 rss_kb=44508 cgroup_peak=50544640
1791525005 06-normal-b 84b41c06a6be hwm_kb=48888 rss_kb=44476 cgroup_peak=50544640
1791525005 06-normal-b 84b41c06a6be hwm_kb=48888 rss_kb=44180 cgroup_peak=50544640
1791525006 06-normal-b 84b41c06a6be hwm_kb=48888 rss_kb=44304 cgroup_peak=50544640
1791525006 06-normal-b 84b41c06a6be hwm_kb=48888 rss_kb=44996 cgroup_peak=50544640
1791525007 06-normal-b 84b41c06a6be hwm_kb=48888 rss_kb=44616 cgroup_peak=50544640
1791525007 06-normal-b 84b41c06a6be hwm_kb=48888 rss_kb=44128 cgroup_peak=50544640
1791525008 06-normal-b 84b41c06a6be hwm_kb=48888 rss_kb=43504 cgroup_peak=50544640
1791525008 06-normal-b 84b41c06a6be hwm_kb=48888 rss_kb=44324 cgroup_peak=50544640
1791525009 06-normal-b 84b41c06a6be hwm_kb=48888 rss_kb=44560 cgroup_peak=50544640
1791525009 06-normal-b 84b41c06a6be hwm_kb=48888 rss_kb=43032 cgroup_peak=50544640
1791525010 06-normal-b 84b41c06a6be hwm_kb=48888 rss_kb=44648 cgroup_peak=50544640
1791525010 06-normal-b 84b41c06a6be hwm_kb=48888 rss_kb=46088 cgroup_peak=50544640
1791525011 06-normal-b 84b41c06a6be hwm_kb=48888 rss_kb=45076 cgroup_peak=50544640
1791525012 06-normal-b 84b41c06a6be hwm_kb=48888 rss_kb=44568 cgroup_peak=50544640
1791525012 06-normal-b 84b41c06a6be hwm_kb=48888 rss_kb=44136 cgroup_peak=50544640
1791525013 06-normal-b 84b41c06a6be hwm_kb=48888 rss_kb=44624 cgroup_peak=50544640
1791525013 06-normal-b 84b41c06a6be hwm_kb=48888 rss_kb=43712 cgroup_peak=50544640
1791525014 06-normal-b 84b41c06a6be hwm_kb=48888 rss_kb=44016 cgroup_peak=50544640
1791525014 06-normal-b 84b41c06a6be hwm_kb=48888 rss_kb=43840 cgroup_peak=50544640
1791525015 06-normal-b 84b41c06a6be hwm_kb=48888 rss_kb=45424 cgroup_peak=50982912
1791525015 06-normal-b 84b41c06a6be hwm_kb=48888 rss_kb=44808 cgroup_peak=50982912
1791525016 06-normal-b 84b41c06a6be hwm_kb=48888 rss_kb=47064 cgroup_peak=50982912
1791525016 06-normal-b 84b41c06a6be hwm_kb=48888 rss_kb=44580 cgroup_peak=50982912
1791525017 06-normal-b 84b41c06a6be hwm_kb=85320 rss_kb=85496 cgroup_peak=93560832
1791525017 06-normal-b 84b41c06a6be hwm_kb=121376 rss_kb=121376 cgroup_peak=130928640
1791525018 06-normal-b 84b41c06a6be hwm_kb=131196 rss_kb=121840 cgroup_peak=142233600
1791525018 06-normal-b 84b41c06a6be hwm_kb=131196 rss_kb=127396 cgroup_peak=143208448
1791525019 06-normal-b 84b41c06a6be hwm_kb=131196 rss_kb=130684 cgroup_peak=147644416
1791525019 06-normal-b 84b41c06a6be hwm_kb=132636 rss_kb=132636 cgroup_peak=150560768
1791525020 06-normal-b 84b41c06a6be hwm_kb=132364 rss_kb=130668 cgroup_peak=151117824
1791525020 06-normal-b 84b41c06a6be hwm_kb=132364 rss_kb=131676 cgroup_peak=151842816
1791525021 06-normal-b 84b41c06a6be hwm_kb=132964 rss_kb=131316 cgroup_peak=152944640
1791525022 06-normal-b 84b41c06a6be hwm_kb=134164 rss_kb=134164 cgroup_peak=155144192
1791525022 06-normal-b 84b41c06a6be hwm_kb=133960 rss_kb=131356 cgroup_peak=155648000
1791525023 06-normal-b 84b41c06a6be hwm_kb=134032 rss_kb=132812 cgroup_peak=156995584
1791525023 06-normal-b 84b41c06a6be hwm_kb=134032 rss_kb=133996 cgroup_peak=158040064
1791525024 06-normal-b 84b41c06a6be hwm_kb=135620 rss_kb=132996 cgroup_peak=160854016
1791525024 06-normal-b 84b41c06a6be hwm_kb=135620 rss_kb=134260 cgroup_peak=161734656
1791525025 06-normal-b 84b41c06a6be hwm_kb=135620 rss_kb=133964 cgroup_peak=162693120
1791525025 06-normal-b 84b41c06a6be hwm_kb=137456 rss_kb=131116 cgroup_peak=166080512
1791525026 06-normal-b 84b41c06a6be hwm_kb=138172 rss_kb=132940 cgroup_peak=167903232
1791525026 06-normal-b 84b41c06a6be hwm_kb=138172 rss_kb=130752 cgroup_peak=167903232
1791525028 06-normal-b 4875e4801054 hwm_kb=32632 rss_kb=32632 cgroup_peak=15994880
1791525028 06-normal-b 4875e4801054 hwm_kb=32996 rss_kb=32996 cgroup_peak=20205568
1791525029 06-normal-b 4875e4801054 hwm_kb=32996 rss_kb=32996 cgroup_peak=20205568
1791525029 06-normal-b 4875e4801054 hwm_kb=32996 rss_kb=32996 cgroup_peak=20205568
1791525030 06-normal-b 4875e4801054 hwm_kb=32996 rss_kb=32996 cgroup_peak=20205568
1791525030 06-normal-b 4875e4801054 hwm_kb=32996 rss_kb=32996 cgroup_peak=20205568
1791525031 06-normal-b 4875e4801054 hwm_kb=33428 rss_kb=33428 cgroup_peak=20205568
1791525032 06-normal-b 4875e4801054 hwm_kb=44496 rss_kb=42448 cgroup_peak=29696000
1791525032 06-normal-b 4875e4801054 hwm_kb=44496 rss_kb=43240 cgroup_peak=30019584
1791525033 06-normal-b 4875e4801054 hwm_kb=44836 rss_kb=43216 cgroup_peak=31088640
1791525033 06-normal-b 4875e4801054 hwm_kb=44836 rss_kb=42636 cgroup_peak=31088640
1791525034 06-normal-b 4875e4801054 hwm_kb=47776 rss_kb=45104 cgroup_peak=34410496
1791525034 06-normal-b 4875e4801054 hwm_kb=47776 rss_kb=45256 cgroup_peak=34410496
1791525035 06-normal-b 4875e4801054 hwm_kb=47776 rss_kb=45556 cgroup_peak=34410496
1791525035 06-normal-b 4875e4801054 hwm_kb=47900 rss_kb=45436 cgroup_peak=35397632
1791525036 06-normal-b 4875e4801054 hwm_kb=47900 rss_kb=45880 cgroup_peak=35397632
1791525036 06-normal-b 4875e4801054 hwm_kb=47900 rss_kb=46320 cgroup_peak=35397632
1791525037 06-normal-b 4875e4801054 hwm_kb=47900 rss_kb=45856 cgroup_peak=35397632
1791525037 06-normal-b 4875e4801054 hwm_kb=47900 rss_kb=44928 cgroup_peak=36065280
1791525038 06-normal-b 4875e4801054 hwm_kb=47900 rss_kb=45376 cgroup_peak=36065280
1791525038 06-normal-b 4875e4801054 hwm_kb=49956 rss_kb=46620 cgroup_peak=38834176
1791525039 06-normal-b 4875e4801054 hwm_kb=49956 rss_kb=45748 cgroup_peak=38834176
1791525039 06-normal-b 4875e4801054 hwm_kb=49956 rss_kb=46932 cgroup_peak=38834176
1791525040 06-normal-b 4875e4801054 hwm_kb=49956 rss_kb=46436 cgroup_peak=38834176
1791525040 06-normal-b 4875e4801054 hwm_kb=49956 rss_kb=47060 cgroup_peak=38834176
1791525041 06-normal-b 4875e4801054 hwm_kb=49956 rss_kb=45492 cgroup_peak=38834176
1791525042 06-normal-b 4875e4801054 hwm_kb=49956 rss_kb=44752 cgroup_peak=38834176
1791525042 06-normal-b 4875e4801054 hwm_kb=49956 rss_kb=44760 cgroup_peak=38834176
1791525043 06-normal-b 4875e4801054 hwm_kb=49956 rss_kb=45384 cgroup_peak=38834176
1791525043 06-normal-b 4875e4801054 hwm_kb=49956 rss_kb=45640 cgroup_peak=38834176
1791525044 06-normal-b 4875e4801054 hwm_kb=49956 rss_kb=47016 cgroup_peak=38834176
1791525044 06-normal-b 4875e4801054 hwm_kb=49956 rss_kb=46212 cgroup_peak=38834176
1791525045 06-normal-b 4875e4801054 hwm_kb=49956 rss_kb=47468 cgroup_peak=38834176
1791525045 06-normal-b 4875e4801054 hwm_kb=49956 rss_kb=46480 cgroup_peak=38834176
1791525046 06-normal-b 4875e4801054 hwm_kb=49956 rss_kb=47016 cgroup_peak=38834176
1791525046 06-normal-b 4875e4801054 hwm_kb=49956 rss_kb=46800 cgroup_peak=38834176
1791525047 06-normal-b 4875e4801054 hwm_kb=49956 rss_kb=46552 cgroup_peak=38834176
1791525047 06-normal-b 4875e4801054 hwm_kb=49956 rss_kb=46628 cgroup_peak=38834176
1791525048 06-normal-b 4875e4801054 hwm_kb=49956 rss_kb=47012 cgroup_peak=38834176
1791525048 06-normal-b 4875e4801054 hwm_kb=49956 rss_kb=47012 cgroup_peak=38834176
1791525049 06-normal-b 4875e4801054 hwm_kb=49956 rss_kb=45908 cgroup_peak=38834176
1791525049 06-normal-b 4875e4801054 hwm_kb=49956 rss_kb=46324 cgroup_peak=38834176
1791525050 06-normal-b 4875e4801054 hwm_kb=49956 rss_kb=46476 cgroup_peak=38834176
1791525051 06-normal-b 4875e4801054 hwm_kb=49956 rss_kb=46352 cgroup_peak=38834176
1791525051 06-normal-b 4875e4801054 hwm_kb=49956 rss_kb=45336 cgroup_peak=38834176
1791525052 06-normal-b 4875e4801054 hwm_kb=49956 rss_kb=45376 cgroup_peak=38834176
1791525052 06-normal-b 4875e4801054 hwm_kb=49956 rss_kb=45268 cgroup_peak=38834176
1791525053 06-normal-b 4875e4801054 hwm_kb=49956 rss_kb=44708 cgroup_peak=38834176
1791525053 06-normal-b 4875e4801054 hwm_kb=49956 rss_kb=44900 cgroup_peak=38834176
1791525054 06-normal-b 4875e4801054 hwm_kb=49956 rss_kb=45960 cgroup_peak=38834176
1791525054 06-normal-b 4875e4801054 hwm_kb=49956 rss_kb=47084 cgroup_peak=38834176
1791525055 06-normal-b 4875e4801054 hwm_kb=49956 rss_kb=46724 cgroup_peak=38834176
1791525055 06-normal-b 4875e4801054 hwm_kb=49956 rss_kb=46912 cgroup_peak=38834176
1791525056 06-normal-b 4875e4801054 hwm_kb=49956 rss_kb=46352 cgroup_peak=38834176
1791525056 06-normal-b 4875e4801054 hwm_kb=49956 rss_kb=46936 cgroup_peak=38834176
1791525057 06-normal-b 4875e4801054 hwm_kb=49956 rss_kb=46748 cgroup_peak=38834176
1791525057 06-normal-b 4875e4801054 hwm_kb=49956 rss_kb=47104 cgroup_peak=38834176
1791525058 06-normal-b 4875e4801054 hwm_kb=49956 rss_kb=47616 cgroup_peak=38834176
1791525058 06-normal-b 4875e4801054 hwm_kb=49956 rss_kb=46476 cgroup_peak=38834176
1791525059 06-normal-b 4875e4801054 hwm_kb=49956 rss_kb=46484 cgroup_peak=38834176
1791525060 06-normal-b 4875e4801054 hwm_kb=49956 rss_kb=47608 cgroup_peak=38834176
1791525060 06-normal-b 4875e4801054 hwm_kb=49956 rss_kb=46848 cgroup_peak=38834176
1791525061 06-normal-b 4875e4801054 hwm_kb=49956 rss_kb=46156 cgroup_peak=38834176
1791525061 06-normal-b 4875e4801054 hwm_kb=49956 rss_kb=45848 cgroup_peak=38834176
1791525062 06-normal-b 4875e4801054 hwm_kb=49956 rss_kb=45356 cgroup_peak=38834176
1791525062 06-normal-b 4875e4801054 hwm_kb=49956 rss_kb=45420 cgroup_peak=38834176
1791525063 06-normal-b 4875e4801054 hwm_kb=49956 rss_kb=45656 cgroup_peak=38834176
1791525063 06-normal-b 4875e4801054 hwm_kb=49956 rss_kb=45428 cgroup_peak=38834176
1791525064 06-normal-b 4875e4801054 hwm_kb=49956 rss_kb=47280 cgroup_peak=38834176
1791525064 06-normal-b 4875e4801054 hwm_kb=49956 rss_kb=46456 cgroup_peak=38834176
1791525065 06-normal-b 4875e4801054 hwm_kb=49956 rss_kb=47624 cgroup_peak=38834176
1791525065 06-normal-b 4875e4801054 hwm_kb=49956 rss_kb=46688 cgroup_peak=39227392
1791525066 06-normal-b 4875e4801054 hwm_kb=49956 rss_kb=46460 cgroup_peak=39227392
1791525066 06-normal-b 4875e4801054 hwm_kb=49956 rss_kb=46356 cgroup_peak=39227392
1791525067 06-normal-b 4875e4801054 hwm_kb=49956 rss_kb=46164 cgroup_peak=39227392
1791525067 06-normal-b 4875e4801054 hwm_kb=49956 rss_kb=46844 cgroup_peak=39227392
1791525068 06-normal-b 4875e4801054 hwm_kb=49956 rss_kb=45952 cgroup_peak=39227392
1791525069 06-normal-b 4875e4801054 hwm_kb=49956 rss_kb=47908 cgroup_peak=39227392
1791525069 06-normal-b 4875e4801054 hwm_kb=49956 rss_kb=45880 cgroup_peak=39227392
1791525070 06-normal-b 4875e4801054 hwm_kb=49956 rss_kb=45676 cgroup_peak=39227392
1791525070 06-normal-b 4875e4801054 hwm_kb=49956 rss_kb=47636 cgroup_peak=39227392
1791525071 06-normal-b 4875e4801054 hwm_kb=49956 rss_kb=45716 cgroup_peak=39227392
1791525071 06-normal-b 4875e4801054 hwm_kb=49956 rss_kb=46628 cgroup_peak=39227392
1791525072 06-normal-b 4875e4801054 hwm_kb=79036 rss_kb=79036 cgroup_peak=72187904
1791525072 06-normal-b 4875e4801054 hwm_kb=113904 rss_kb=113912 cgroup_peak=109375488
1791525073 06-normal-b 4875e4801054 hwm_kb=128384 rss_kb=128384 cgroup_peak=124489728
1791525073 06-normal-b 4875e4801054 hwm_kb=128080 rss_kb=127884 cgroup_peak=125181952
1791525074 06-normal-b 4875e4801054 hwm_kb=129104 rss_kb=126564 cgroup_peak=127586304
1791525074 06-normal-b 4875e4801054 hwm_kb=130176 rss_kb=130176 cgroup_peak=129527808
1791525075 06-normal-b 4875e4801054 hwm_kb=130964 rss_kb=130016 cgroup_peak=131403776
1791525075 06-normal-b 4875e4801054 hwm_kb=132960 rss_kb=132960 cgroup_peak=134180864
1791525076 06-normal-b 4875e4801054 hwm_kb=134864 rss_kb=134864 cgroup_peak=137089024
1791525076 06-normal-b 4875e4801054 hwm_kb=136588 rss_kb=136588 cgroup_peak=140419072
1791525077 06-normal-b 4875e4801054 hwm_kb=136388 rss_kb=133296 cgroup_peak=140419072
1791525078 06-normal-b 4875e4801054 hwm_kb=136388 rss_kb=132780 cgroup_peak=140742656
1791525078 06-normal-b 4875e4801054 hwm_kb=136388 rss_kb=136272 cgroup_peak=141852672
1791525079 06-normal-b 4875e4801054 hwm_kb=138112 rss_kb=137052 cgroup_peak=145424384
1791525079 06-normal-b 4875e4801054 hwm_kb=138112 rss_kb=134132 cgroup_peak=145424384
1791525080 06-normal-b 4875e4801054 hwm_kb=138112 rss_kb=134980 cgroup_peak=145424384
1791525080 06-normal-b 4875e4801054 hwm_kb=138112 rss_kb=136708 cgroup_peak=147161088
1791525081 06-normal-b 4875e4801054 hwm_kb=138112 rss_kb=135332 cgroup_peak=147857408
1791525081 06-normal-b 4875e4801054 hwm_kb=138112 rss_kb=136800 cgroup_peak=149295104
1791525084 07-normal-b d61ea86a1517 hwm_kb=32176 rss_kb=32176 cgroup_peak=20037632
1791525085 07-normal-b d61ea86a1517 hwm_kb=32176 rss_kb=32176 cgroup_peak=20037632
1791525085 07-normal-b d61ea86a1517 hwm_kb=32176 rss_kb=32176 cgroup_peak=20037632
1791525086 07-normal-b d61ea86a1517 hwm_kb=32176 rss_kb=32176 cgroup_peak=20037632
1791525086 07-normal-b d61ea86a1517 hwm_kb=32176 rss_kb=32176 cgroup_peak=20037632
1791525087 07-normal-b d61ea86a1517 hwm_kb=32176 rss_kb=32176 cgroup_peak=20037632
1791525087 07-normal-b d61ea86a1517 hwm_kb=36332 rss_kb=36332 cgroup_peak=20037632
1791525088 07-normal-b d61ea86a1517 hwm_kb=52348 rss_kb=43348 cgroup_peak=36847616
1791525088 07-normal-b d61ea86a1517 hwm_kb=52348 rss_kb=42656 cgroup_peak=36847616
1791525089 07-normal-b d61ea86a1517 hwm_kb=52348 rss_kb=42832 cgroup_peak=36847616
1791525089 07-normal-b d61ea86a1517 hwm_kb=52348 rss_kb=42948 cgroup_peak=36847616
1791525090 07-normal-b d61ea86a1517 hwm_kb=52348 rss_kb=45312 cgroup_peak=36847616
1791525090 07-normal-b d61ea86a1517 hwm_kb=52348 rss_kb=43552 cgroup_peak=36847616
1791525091 07-normal-b d61ea86a1517 hwm_kb=52348 rss_kb=46816 cgroup_peak=36847616
1791525091 07-normal-b d61ea86a1517 hwm_kb=52348 rss_kb=45668 cgroup_peak=36847616
1791525092 07-normal-b d61ea86a1517 hwm_kb=52348 rss_kb=44864 cgroup_peak=36847616
1791525092 07-normal-b d61ea86a1517 hwm_kb=52348 rss_kb=45308 cgroup_peak=36847616
1791525093 07-normal-b d61ea86a1517 hwm_kb=52348 rss_kb=45068 cgroup_peak=36847616
1791525094 07-normal-b d61ea86a1517 hwm_kb=52348 rss_kb=43036 cgroup_peak=36847616
1791525094 07-normal-b d61ea86a1517 hwm_kb=52348 rss_kb=45480 cgroup_peak=36847616
1791525095 07-normal-b d61ea86a1517 hwm_kb=52348 rss_kb=44056 cgroup_peak=36847616
1791525095 07-normal-b d61ea86a1517 hwm_kb=52348 rss_kb=44628 cgroup_peak=36847616
1791525096 07-normal-b d61ea86a1517 hwm_kb=52348 rss_kb=44584 cgroup_peak=36847616
1791525096 07-normal-b d61ea86a1517 hwm_kb=52348 rss_kb=43956 cgroup_peak=36847616
1791525097 07-normal-b d61ea86a1517 hwm_kb=52348 rss_kb=43956 cgroup_peak=36847616
1791525097 07-normal-b d61ea86a1517 hwm_kb=52348 rss_kb=43832 cgroup_peak=36847616
1791525098 07-normal-b d61ea86a1517 hwm_kb=52348 rss_kb=42840 cgroup_peak=36847616
1791525098 07-normal-b d61ea86a1517 hwm_kb=52348 rss_kb=43860 cgroup_peak=36847616
1791525099 07-normal-b d61ea86a1517 hwm_kb=52348 rss_kb=43084 cgroup_peak=36847616
1791525099 07-normal-b d61ea86a1517 hwm_kb=52348 rss_kb=45204 cgroup_peak=36847616
1791525100 07-normal-b d61ea86a1517 hwm_kb=52348 rss_kb=44452 cgroup_peak=36847616
1791525100 07-normal-b d61ea86a1517 hwm_kb=52348 rss_kb=44772 cgroup_peak=36847616
1791525101 07-normal-b d61ea86a1517 hwm_kb=52348 rss_kb=44548 cgroup_peak=36847616
1791525101 07-normal-b d61ea86a1517 hwm_kb=52348 rss_kb=44780 cgroup_peak=36847616
1791525102 07-normal-b d61ea86a1517 hwm_kb=52348 rss_kb=44284 cgroup_peak=36847616
1791525103 07-normal-b d61ea86a1517 hwm_kb=52348 rss_kb=44796 cgroup_peak=36847616
1791525103 07-normal-b d61ea86a1517 hwm_kb=52348 rss_kb=44680 cgroup_peak=36847616
1791525104 07-normal-b d61ea86a1517 hwm_kb=52348 rss_kb=43380 cgroup_peak=36847616
1791525104 07-normal-b d61ea86a1517 hwm_kb=52348 rss_kb=44804 cgroup_peak=36847616
1791525105 07-normal-b d61ea86a1517 hwm_kb=52348 rss_kb=44516 cgroup_peak=36847616
1791525105 07-normal-b d61ea86a1517 hwm_kb=52348 rss_kb=44840 cgroup_peak=36847616
1791525106 07-normal-b d61ea86a1517 hwm_kb=52348 rss_kb=45920 cgroup_peak=36847616
1791525106 07-normal-b d61ea86a1517 hwm_kb=52348 rss_kb=45776 cgroup_peak=36847616
1791525107 07-normal-b d61ea86a1517 hwm_kb=52348 rss_kb=45692 cgroup_peak=36847616
1791525107 07-normal-b d61ea86a1517 hwm_kb=52348 rss_kb=45440 cgroup_peak=36847616
1791525108 07-normal-b d61ea86a1517 hwm_kb=52348 rss_kb=43056 cgroup_peak=36847616
1791525108 07-normal-b d61ea86a1517 hwm_kb=52348 rss_kb=42884 cgroup_peak=36847616
1791525109 07-normal-b d61ea86a1517 hwm_kb=52348 rss_kb=44392 cgroup_peak=36847616
1791525109 07-normal-b d61ea86a1517 hwm_kb=52348 rss_kb=45672 cgroup_peak=36847616
1791525110 07-normal-b d61ea86a1517 hwm_kb=52348 rss_kb=44900 cgroup_peak=36847616
1791525110 07-normal-b d61ea86a1517 hwm_kb=52348 rss_kb=45292 cgroup_peak=36847616
1791525111 07-normal-b d61ea86a1517 hwm_kb=52348 rss_kb=44208 cgroup_peak=36847616
1791525112 07-normal-b d61ea86a1517 hwm_kb=52348 rss_kb=45416 cgroup_peak=36847616
1791525112 07-normal-b d61ea86a1517 hwm_kb=52348 rss_kb=45376 cgroup_peak=36847616
1791525113 07-normal-b d61ea86a1517 hwm_kb=52348 rss_kb=45272 cgroup_peak=36847616
1791525113 07-normal-b d61ea86a1517 hwm_kb=52348 rss_kb=46780 cgroup_peak=36847616
1791525114 07-normal-b d61ea86a1517 hwm_kb=52348 rss_kb=46128 cgroup_peak=36847616
1791525114 07-normal-b d61ea86a1517 hwm_kb=52348 rss_kb=44728 cgroup_peak=36847616
1791525115 07-normal-b d61ea86a1517 hwm_kb=52348 rss_kb=46784 cgroup_peak=36847616
1791525115 07-normal-b d61ea86a1517 hwm_kb=52348 rss_kb=44328 cgroup_peak=36847616
1791525116 07-normal-b d61ea86a1517 hwm_kb=52348 rss_kb=46696 cgroup_peak=36847616
1791525116 07-normal-b d61ea86a1517 hwm_kb=52348 rss_kb=45400 cgroup_peak=36847616
1791525117 07-normal-b d61ea86a1517 hwm_kb=52348 rss_kb=46952 cgroup_peak=36847616
1791525117 07-normal-b d61ea86a1517 hwm_kb=52348 rss_kb=44416 cgroup_peak=36847616
1791525118 07-normal-b d61ea86a1517 hwm_kb=52348 rss_kb=42920 cgroup_peak=36847616
1791525118 07-normal-b d61ea86a1517 hwm_kb=52348 rss_kb=45700 cgroup_peak=36847616
1791525119 07-normal-b d61ea86a1517 hwm_kb=52348 rss_kb=44596 cgroup_peak=36847616
1791525119 07-normal-b d61ea86a1517 hwm_kb=52348 rss_kb=45068 cgroup_peak=36847616
1791525120 07-normal-b d61ea86a1517 hwm_kb=52348 rss_kb=45784 cgroup_peak=36847616
1791525121 07-normal-b d61ea86a1517 hwm_kb=52348 rss_kb=44884 cgroup_peak=36847616
1791525121 07-normal-b d61ea86a1517 hwm_kb=52348 rss_kb=46092 cgroup_peak=36847616
1791525122 07-normal-b d61ea86a1517 hwm_kb=52348 rss_kb=44836 cgroup_peak=36847616
1791525122 07-normal-b d61ea86a1517 hwm_kb=52348 rss_kb=45120 cgroup_peak=36847616
1791525123 07-normal-b d61ea86a1517 hwm_kb=52348 rss_kb=45192 cgroup_peak=36847616
1791525123 07-normal-b d61ea86a1517 hwm_kb=52348 rss_kb=45592 cgroup_peak=36847616
1791525124 07-normal-b d61ea86a1517 hwm_kb=52348 rss_kb=46696 cgroup_peak=36847616
1791525124 07-normal-b d61ea86a1517 hwm_kb=52348 rss_kb=46096 cgroup_peak=36847616
1791525125 07-normal-b d61ea86a1517 hwm_kb=52348 rss_kb=45816 cgroup_peak=36847616
1791525125 07-normal-b d61ea86a1517 hwm_kb=52348 rss_kb=44896 cgroup_peak=36847616
1791525126 07-normal-b d61ea86a1517 hwm_kb=52348 rss_kb=44924 cgroup_peak=36847616
1791525126 07-normal-b d61ea86a1517 hwm_kb=52348 rss_kb=46148 cgroup_peak=36847616
1791525127 07-normal-b d61ea86a1517 hwm_kb=52348 rss_kb=46068 cgroup_peak=36847616
1791525127 07-normal-b d61ea86a1517 hwm_kb=59736 rss_kb=59736 cgroup_peak=48865280
1791525128 07-normal-b d61ea86a1517 hwm_kb=98328 rss_kb=98328 cgroup_peak=89337856
1791525128 07-normal-b d61ea86a1517 hwm_kb=123212 rss_kb=123212 cgroup_peak=115826688
1791525129 07-normal-b d61ea86a1517 hwm_kb=127160 rss_kb=127160 cgroup_peak=120737792
1791525130 07-normal-b d61ea86a1517 hwm_kb=128684 rss_kb=122268 cgroup_peak=123052032
1791525130 07-normal-b d61ea86a1517 hwm_kb=128752 rss_kb=128400 cgroup_peak=125177856
1791525131 07-normal-b d61ea86a1517 hwm_kb=130188 rss_kb=129348 cgroup_peak=127365120
1791525131 07-normal-b d61ea86a1517 hwm_kb=131276 rss_kb=129280 cgroup_peak=129404928
1791525132 07-normal-b d61ea86a1517 hwm_kb=134432 rss_kb=132468 cgroup_peak=133398528
1791525132 07-normal-b d61ea86a1517 hwm_kb=135596 rss_kb=135596 cgroup_peak=135090176
1791525133 07-normal-b d61ea86a1517 hwm_kb=136256 rss_kb=136256 cgroup_peak=137568256
1791525133 07-normal-b d61ea86a1517 hwm_kb=136420 rss_kb=135520 cgroup_peak=138149888
1791525134 07-normal-b d61ea86a1517 hwm_kb=138944 rss_kb=135180 cgroup_peak=142192640
1791525134 07-normal-b d61ea86a1517 hwm_kb=138944 rss_kb=134856 cgroup_peak=142192640
1791525135 07-normal-b d61ea86a1517 hwm_kb=138944 rss_kb=135904 cgroup_peak=142192640
1791525135 07-normal-b d61ea86a1517 hwm_kb=138944 rss_kb=134696 cgroup_peak=142192640
1791525136 07-normal-b d61ea86a1517 hwm_kb=138944 rss_kb=135892 cgroup_peak=142700544
1791525136 07-normal-b d61ea86a1517 hwm_kb=138944 rss_kb=138432 cgroup_peak=146358272
1791525137 07-normal-b d61ea86a1517 hwm_kb=138944 rss_kb=134088 cgroup_peak=146690048
1791525137 07-normal-b d61ea86a1517 hwm_kb=138944 rss_kb=132364 cgroup_peak=146690048
1791525139 07-normal-b bba4b4a2e4e2 hwm_kb=35532 rss_kb=35532 cgroup_peak=22675456
1791525140 07-normal-b bba4b4a2e4e2 hwm_kb=35532 rss_kb=35532 cgroup_peak=22675456
1791525140 07-normal-b bba4b4a2e4e2 hwm_kb=35532 rss_kb=35532 cgroup_peak=22675456
1791525141 07-normal-b bba4b4a2e4e2 hwm_kb=35532 rss_kb=35532 cgroup_peak=22675456
1791525141 07-normal-b bba4b4a2e4e2 hwm_kb=35532 rss_kb=35532 cgroup_peak=22675456
1791525142 07-normal-b bba4b4a2e4e2 hwm_kb=35532 rss_kb=35532 cgroup_peak=22675456
1791525142 07-normal-b bba4b4a2e4e2 hwm_kb=40932 rss_kb=40932 cgroup_peak=23527424
1791525143 07-normal-b bba4b4a2e4e2 hwm_kb=45796 rss_kb=44264 cgroup_peak=31895552
1791525143 07-normal-b bba4b4a2e4e2 hwm_kb=45796 rss_kb=43344 cgroup_peak=31895552
1791525144 07-normal-b bba4b4a2e4e2 hwm_kb=45796 rss_kb=45156 cgroup_peak=31895552
1791525144 07-normal-b bba4b4a2e4e2 hwm_kb=45796 rss_kb=45368 cgroup_peak=31895552
1791525145 07-normal-b bba4b4a2e4e2 hwm_kb=46908 rss_kb=44892 cgroup_peak=33120256
1791525145 07-normal-b bba4b4a2e4e2 hwm_kb=47136 rss_kb=45668 cgroup_peak=33226752
1791525146 07-normal-b bba4b4a2e4e2 hwm_kb=47460 rss_kb=45116 cgroup_peak=33554432
1791525146 07-normal-b bba4b4a2e4e2 hwm_kb=47460 rss_kb=46792 cgroup_peak=33554432
1791525147 07-normal-b bba4b4a2e4e2 hwm_kb=48044 rss_kb=44696 cgroup_peak=33988608
1791525148 07-normal-b bba4b4a2e4e2 hwm_kb=48044 rss_kb=45216 cgroup_peak=33988608
1791525148 07-normal-b bba4b4a2e4e2 hwm_kb=48044 rss_kb=44908 cgroup_peak=33988608
1791525149 07-normal-b bba4b4a2e4e2 hwm_kb=48044 rss_kb=47108 cgroup_peak=33988608
1791525149 07-normal-b bba4b4a2e4e2 hwm_kb=48044 rss_kb=45356 cgroup_peak=33988608
1791525150 07-normal-b bba4b4a2e4e2 hwm_kb=48044 rss_kb=45200 cgroup_peak=33988608
1791525150 07-normal-b bba4b4a2e4e2 hwm_kb=48044 rss_kb=44932 cgroup_peak=33988608
1791525151 07-normal-b bba4b4a2e4e2 hwm_kb=48044 rss_kb=44132 cgroup_peak=33988608
1791525151 07-normal-b bba4b4a2e4e2 hwm_kb=49488 rss_kb=45196 cgroup_peak=35901440
1791525152 07-normal-b bba4b4a2e4e2 hwm_kb=49488 rss_kb=47112 cgroup_peak=35901440
1791525152 07-normal-b bba4b4a2e4e2 hwm_kb=49488 rss_kb=44084 cgroup_peak=35901440
1791525153 07-normal-b bba4b4a2e4e2 hwm_kb=49488 rss_kb=44780 cgroup_peak=35901440
1791525153 07-normal-b bba4b4a2e4e2 hwm_kb=49488 rss_kb=44660 cgroup_peak=35901440
1791525154 07-normal-b bba4b4a2e4e2 hwm_kb=49488 rss_kb=44212 cgroup_peak=35901440
1791525154 07-normal-b bba4b4a2e4e2 hwm_kb=49488 rss_kb=46616 cgroup_peak=35901440
1791525155 07-normal-b bba4b4a2e4e2 hwm_kb=49488 rss_kb=45728 cgroup_peak=35901440
1791525155 07-normal-b bba4b4a2e4e2 hwm_kb=49488 rss_kb=45624 cgroup_peak=35901440
1791525156 07-normal-b bba4b4a2e4e2 hwm_kb=49488 rss_kb=44420 cgroup_peak=35901440
1791525157 07-normal-b bba4b4a2e4e2 hwm_kb=49488 rss_kb=45860 cgroup_peak=35901440
1791525157 07-normal-b bba4b4a2e4e2 hwm_kb=49488 rss_kb=44468 cgroup_peak=35901440
1791525158 07-normal-b bba4b4a2e4e2 hwm_kb=49488 rss_kb=45196 cgroup_peak=35901440
1791525158 07-normal-b bba4b4a2e4e2 hwm_kb=49488 rss_kb=44404 cgroup_peak=35901440
1791525159 07-normal-b bba4b4a2e4e2 hwm_kb=49488 rss_kb=45772 cgroup_peak=35901440
1791525159 07-normal-b bba4b4a2e4e2 hwm_kb=49488 rss_kb=45228 cgroup_peak=35901440
1791525160 07-normal-b bba4b4a2e4e2 hwm_kb=49488 rss_kb=45636 cgroup_peak=35901440
1791525161 07-normal-b bba4b4a2e4e2 hwm_kb=49488 rss_kb=46172 cgroup_peak=35901440
1791525161 07-normal-b bba4b4a2e4e2 hwm_kb=49488 rss_kb=44136 cgroup_peak=35901440
1791525162 07-normal-b bba4b4a2e4e2 hwm_kb=49488 rss_kb=45324 cgroup_peak=35901440
1791525163 07-normal-b bba4b4a2e4e2 hwm_kb=49488 rss_kb=44468 cgroup_peak=35901440
1791525163 07-normal-b bba4b4a2e4e2 hwm_kb=49488 rss_kb=44612 cgroup_peak=35901440
1791525164 07-normal-b bba4b4a2e4e2 hwm_kb=49488 rss_kb=44228 cgroup_peak=35901440
1791525164 07-normal-b bba4b4a2e4e2 hwm_kb=49488 rss_kb=45068 cgroup_peak=35901440
1791525165 07-normal-b bba4b4a2e4e2 hwm_kb=49488 rss_kb=44988 cgroup_peak=35901440
1791525166 07-normal-b bba4b4a2e4e2 hwm_kb=49508 rss_kb=49576 cgroup_peak=35901440
1791525166 07-normal-b bba4b4a2e4e2 hwm_kb=49620 rss_kb=43828 cgroup_peak=35901440
1791525167 07-normal-b bba4b4a2e4e2 hwm_kb=49620 rss_kb=46880 cgroup_peak=35901440
1791525168 07-normal-b bba4b4a2e4e2 hwm_kb=49620 rss_kb=44236 cgroup_peak=35901440
1791525168 07-normal-b bba4b4a2e4e2 hwm_kb=49620 rss_kb=43712 cgroup_peak=35901440
1791525169 07-normal-b bba4b4a2e4e2 hwm_kb=49620 rss_kb=45552 cgroup_peak=35901440
1791525169 07-normal-b bba4b4a2e4e2 hwm_kb=49620 rss_kb=45588 cgroup_peak=35901440
1791525170 07-normal-b bba4b4a2e4e2 hwm_kb=49620 rss_kb=45168 cgroup_peak=35901440
1791525171 07-normal-b bba4b4a2e4e2 hwm_kb=49620 rss_kb=44864 cgroup_peak=35901440
1791525171 07-normal-b bba4b4a2e4e2 hwm_kb=49620 rss_kb=47416 cgroup_peak=35901440
1791525172 07-normal-b bba4b4a2e4e2 hwm_kb=49620 rss_kb=47356 cgroup_peak=35901440
1791525173 07-normal-b bba4b4a2e4e2 hwm_kb=49620 rss_kb=43540 cgroup_peak=35901440
1791525173 07-normal-b bba4b4a2e4e2 hwm_kb=49620 rss_kb=45188 cgroup_peak=35901440
1791525174 07-normal-b bba4b4a2e4e2 hwm_kb=49620 rss_kb=44568 cgroup_peak=35901440
1791525175 07-normal-b bba4b4a2e4e2 hwm_kb=49620 rss_kb=45412 cgroup_peak=35901440
1791525175 07-normal-b bba4b4a2e4e2 hwm_kb=49620 rss_kb=44856 cgroup_peak=35901440
1791525176 07-normal-b bba4b4a2e4e2 hwm_kb=49620 rss_kb=45836 cgroup_peak=35901440
1791525176 07-normal-b bba4b4a2e4e2 hwm_kb=49620 rss_kb=45572 cgroup_peak=35901440
1791525177 07-normal-b bba4b4a2e4e2 hwm_kb=49620 rss_kb=46028 cgroup_peak=35901440
1791525177 07-normal-b bba4b4a2e4e2 hwm_kb=49620 rss_kb=46492 cgroup_peak=35901440
1791525178 07-normal-b bba4b4a2e4e2 hwm_kb=49620 rss_kb=45452 cgroup_peak=35901440
1791525178 07-normal-b bba4b4a2e4e2 hwm_kb=49620 rss_kb=46308 cgroup_peak=35901440
1791525179 07-normal-b bba4b4a2e4e2 hwm_kb=49620 rss_kb=46892 cgroup_peak=35901440
1791525179 07-normal-b bba4b4a2e4e2 hwm_kb=49620 rss_kb=48672 cgroup_peak=35901440
1791525180 07-normal-b bba4b4a2e4e2 hwm_kb=49620 rss_kb=44776 cgroup_peak=35901440
1791525180 07-normal-b bba4b4a2e4e2 hwm_kb=49620 rss_kb=45360 cgroup_peak=35901440
1791525181 07-normal-b bba4b4a2e4e2 hwm_kb=49620 rss_kb=45280 cgroup_peak=35901440
1791525181 07-normal-b bba4b4a2e4e2 hwm_kb=49620 rss_kb=47820 cgroup_peak=35901440
1791525182 07-normal-b bba4b4a2e4e2 hwm_kb=49620 rss_kb=46352 cgroup_peak=35901440
1791525183 07-normal-b bba4b4a2e4e2 hwm_kb=60900 rss_kb=61140 cgroup_peak=50626560
1791525183 07-normal-b bba4b4a2e4e2 hwm_kb=95896 rss_kb=95896 cgroup_peak=86630400
1791525184 07-normal-b bba4b4a2e4e2 hwm_kb=126260 rss_kb=126260 cgroup_peak=119050240
1791525184 07-normal-b bba4b4a2e4e2 hwm_kb=127204 rss_kb=124824 cgroup_peak=121241600
1791525185 07-normal-b bba4b4a2e4e2 hwm_kb=130308 rss_kb=130308 cgroup_peak=126504960
1791525185 07-normal-b bba4b4a2e4e2 hwm_kb=133184 rss_kb=131852 cgroup_peak=130572288
1791525186 07-normal-b bba4b4a2e4e2 hwm_kb=134880 rss_kb=134880 cgroup_peak=132796416
1791525186 07-normal-b bba4b4a2e4e2 hwm_kb=136744 rss_kb=136744 cgroup_peak=135753728
1791525187 07-normal-b bba4b4a2e4e2 hwm_kb=137204 rss_kb=135712 cgroup_peak=136892416
1791525187 07-normal-b bba4b4a2e4e2 hwm_kb=138268 rss_kb=134224 cgroup_peak=139378688
1791525188 07-normal-b bba4b4a2e4e2 hwm_kb=138268 rss_kb=136124 cgroup_peak=139378688
1791525188 07-normal-b bba4b4a2e4e2 hwm_kb=138712 rss_kb=136172 cgroup_peak=142868480
1791525189 07-normal-b bba4b4a2e4e2 hwm_kb=138712 rss_kb=136152 cgroup_peak=142868480
1791525189 07-normal-b bba4b4a2e4e2 hwm_kb=138712 rss_kb=136572 cgroup_peak=142868480
1791525190 07-normal-b bba4b4a2e4e2 hwm_kb=138712 rss_kb=138336 cgroup_peak=145350656
1791525190 07-normal-b bba4b4a2e4e2 hwm_kb=138712 rss_kb=137004 cgroup_peak=145350656
1791525191 07-normal-b bba4b4a2e4e2 hwm_kb=138712 rss_kb=136412 cgroup_peak=145821696
1791525192 07-normal-b bba4b4a2e4e2 hwm_kb=138712 rss_kb=136384 cgroup_peak=147365888
1791525192 07-normal-b bba4b4a2e4e2 hwm_kb=138712 rss_kb=133384 cgroup_peak=148537344
1791525193 07-normal-b bba4b4a2e4e2 hwm_kb=138712 rss_kb=137620 cgroup_peak=148537344
1791525195 08-normal-main e354370bb35d hwm_kb=33516 rss_kb=33516 cgroup_peak=21196800
1791525196 08-normal-main e354370bb35d hwm_kb=33516 rss_kb=33516 cgroup_peak=21196800
1791525196 08-normal-main e354370bb35d hwm_kb=33516 rss_kb=33516 cgroup_peak=21196800
1791525197 08-normal-main e354370bb35d hwm_kb=33516 rss_kb=33516 cgroup_peak=21196800
1791525197 08-normal-main e354370bb35d hwm_kb=33516 rss_kb=33516 cgroup_peak=21196800
1791525198 08-normal-main e354370bb35d hwm_kb=33516 rss_kb=33516 cgroup_peak=21196800
1791525199 08-normal-main e354370bb35d hwm_kb=47972 rss_kb=43868 cgroup_peak=32583680
1791525199 08-normal-main e354370bb35d hwm_kb=47972 rss_kb=42892 cgroup_peak=32583680
1791525200 08-normal-main e354370bb35d hwm_kb=47972 rss_kb=43872 cgroup_peak=32583680
1791525200 08-normal-main e354370bb35d hwm_kb=47972 rss_kb=44408 cgroup_peak=32583680
1791525201 08-normal-main e354370bb35d hwm_kb=47972 rss_kb=44904 cgroup_peak=32583680
1791525201 08-normal-main e354370bb35d hwm_kb=47972 rss_kb=44144 cgroup_peak=32583680
1791525202 08-normal-main e354370bb35d hwm_kb=47972 rss_kb=45176 cgroup_peak=32583680
1791525202 08-normal-main e354370bb35d hwm_kb=47972 rss_kb=46312 cgroup_peak=32583680
1791525203 08-normal-main e354370bb35d hwm_kb=48840 rss_kb=45296 cgroup_peak=33017856
1791525203 08-normal-main e354370bb35d hwm_kb=48840 rss_kb=45828 cgroup_peak=33017856
1791525204 08-normal-main e354370bb35d hwm_kb=48840 rss_kb=44848 cgroup_peak=33017856
1791525204 08-normal-main e354370bb35d hwm_kb=48840 rss_kb=44996 cgroup_peak=33017856
1791525205 08-normal-main e354370bb35d hwm_kb=48840 rss_kb=46476 cgroup_peak=33017856
1791525205 08-normal-main e354370bb35d hwm_kb=48840 rss_kb=46472 cgroup_peak=33017856
1791525206 08-normal-main e354370bb35d hwm_kb=48840 rss_kb=43600 cgroup_peak=33017856
1791525207 08-normal-main e354370bb35d hwm_kb=48840 rss_kb=45028 cgroup_peak=33017856
1791525207 08-normal-main e354370bb35d hwm_kb=48840 rss_kb=46476 cgroup_peak=33243136
1791525208 08-normal-main e354370bb35d hwm_kb=48840 rss_kb=46272 cgroup_peak=33243136
1791525208 08-normal-main e354370bb35d hwm_kb=48840 rss_kb=45348 cgroup_peak=33243136
1791525209 08-normal-main e354370bb35d hwm_kb=48840 rss_kb=44328 cgroup_peak=33243136
1791525209 08-normal-main e354370bb35d hwm_kb=48840 rss_kb=43808 cgroup_peak=33243136
1791525210 08-normal-main e354370bb35d hwm_kb=48840 rss_kb=42624 cgroup_peak=33243136
1791525210 08-normal-main e354370bb35d hwm_kb=48840 rss_kb=44380 cgroup_peak=33243136
1791525211 08-normal-main e354370bb35d hwm_kb=48840 rss_kb=44824 cgroup_peak=33243136
1791525211 08-normal-main e354370bb35d hwm_kb=48840 rss_kb=45060 cgroup_peak=33243136
1791525212 08-normal-main e354370bb35d hwm_kb=48840 rss_kb=44984 cgroup_peak=33243136
1791525212 08-normal-main e354370bb35d hwm_kb=48840 rss_kb=46740 cgroup_peak=33243136
1791525213 08-normal-main e354370bb35d hwm_kb=48840 rss_kb=45448 cgroup_peak=33243136
1791525213 08-normal-main e354370bb35d hwm_kb=48840 rss_kb=45648 cgroup_peak=33243136
1791525214 08-normal-main e354370bb35d hwm_kb=48840 rss_kb=45532 cgroup_peak=33243136
1791525215 08-normal-main e354370bb35d hwm_kb=48840 rss_kb=43744 cgroup_peak=33243136
1791525215 08-normal-main e354370bb35d hwm_kb=48840 rss_kb=46052 cgroup_peak=33243136
1791525216 08-normal-main e354370bb35d hwm_kb=48840 rss_kb=44956 cgroup_peak=33243136
1791525216 08-normal-main e354370bb35d hwm_kb=48840 rss_kb=45804 cgroup_peak=33243136
1791525217 08-normal-main e354370bb35d hwm_kb=48840 rss_kb=44232 cgroup_peak=33243136
1791525217 08-normal-main e354370bb35d hwm_kb=48840 rss_kb=44408 cgroup_peak=33243136
1791525218 08-normal-main e354370bb35d hwm_kb=48840 rss_kb=46500 cgroup_peak=33243136
1791525218 08-normal-main e354370bb35d hwm_kb=48840 rss_kb=45544 cgroup_peak=33243136
1791525219 08-normal-main e354370bb35d hwm_kb=48840 rss_kb=44480 cgroup_peak=33243136
1791525219 08-normal-main e354370bb35d hwm_kb=48840 rss_kb=43800 cgroup_peak=33243136
1791525220 08-normal-main e354370bb35d hwm_kb=48840 rss_kb=44148 cgroup_peak=33243136
1791525220 08-normal-main e354370bb35d hwm_kb=48840 rss_kb=43232 cgroup_peak=33243136
1791525221 08-normal-main e354370bb35d hwm_kb=48840 rss_kb=45420 cgroup_peak=33243136
1791525221 08-normal-main e354370bb35d hwm_kb=48840 rss_kb=45480 cgroup_peak=33243136
1791525222 08-normal-main e354370bb35d hwm_kb=48840 rss_kb=45508 cgroup_peak=33243136
1791525223 08-normal-main e354370bb35d hwm_kb=48840 rss_kb=48556 cgroup_peak=33243136
1791525223 08-normal-main e354370bb35d hwm_kb=48840 rss_kb=46744 cgroup_peak=33243136
1791525224 08-normal-main e354370bb35d hwm_kb=48840 rss_kb=44784 cgroup_peak=33243136
1791525224 08-normal-main e354370bb35d hwm_kb=48840 rss_kb=44312 cgroup_peak=33243136
1791525225 08-normal-main e354370bb35d hwm_kb=48840 rss_kb=47760 cgroup_peak=33243136
1791525225 08-normal-main e354370bb35d hwm_kb=48840 rss_kb=45712 cgroup_peak=33243136
1791525226 08-normal-main e354370bb35d hwm_kb=48840 rss_kb=45104 cgroup_peak=33243136
1791525226 08-normal-main e354370bb35d hwm_kb=48840 rss_kb=45416 cgroup_peak=33243136
1791525227 08-normal-main e354370bb35d hwm_kb=48840 rss_kb=45280 cgroup_peak=33243136
1791525228 08-normal-main e354370bb35d hwm_kb=48840 rss_kb=44768 cgroup_peak=33243136
1791525228 08-normal-main e354370bb35d hwm_kb=48840 rss_kb=48016 cgroup_peak=33243136
1791525229 08-normal-main e354370bb35d hwm_kb=48840 rss_kb=44380 cgroup_peak=33243136
1791525229 08-normal-main e354370bb35d hwm_kb=48840 rss_kb=44120 cgroup_peak=33243136
1791525230 08-normal-main e354370bb35d hwm_kb=48840 rss_kb=43816 cgroup_peak=33243136
1791525231 08-normal-main e354370bb35d hwm_kb=48840 rss_kb=44380 cgroup_peak=33243136
1791525231 08-normal-main e354370bb35d hwm_kb=48840 rss_kb=46060 cgroup_peak=33243136
1791525232 08-normal-main e354370bb35d hwm_kb=48840 rss_kb=46056 cgroup_peak=33243136
1791525232 08-normal-main e354370bb35d hwm_kb=48840 rss_kb=44848 cgroup_peak=33243136
1791525233 08-normal-main e354370bb35d hwm_kb=48840 rss_kb=46512 cgroup_peak=33243136
1791525234 08-normal-main e354370bb35d hwm_kb=48840 rss_kb=45480 cgroup_peak=33243136
1791525234 08-normal-main e354370bb35d hwm_kb=48840 rss_kb=45024 cgroup_peak=33243136
1791525235 08-normal-main e354370bb35d hwm_kb=48840 rss_kb=45248 cgroup_peak=33243136
1791525235 08-normal-main e354370bb35d hwm_kb=48840 rss_kb=44904 cgroup_peak=33243136
1791525236 08-normal-main e354370bb35d hwm_kb=48840 rss_kb=44880 cgroup_peak=33243136
1791525237 08-normal-main e354370bb35d hwm_kb=48840 rss_kb=45696 cgroup_peak=33243136
1791525237 08-normal-main e354370bb35d hwm_kb=48840 rss_kb=43836 cgroup_peak=33243136
1791525238 08-normal-main e354370bb35d hwm_kb=52328 rss_kb=47412 cgroup_peak=36691968
1791525238 08-normal-main e354370bb35d hwm_kb=52328 rss_kb=49080 cgroup_peak=36691968
1791525239 08-normal-main e354370bb35d hwm_kb=62076 rss_kb=62076 cgroup_peak=49876992
1791525240 08-normal-main e354370bb35d hwm_kb=72344 rss_kb=72428 cgroup_peak=60735488
1791525240 08-normal-main e354370bb35d hwm_kb=86200 rss_kb=86200 cgroup_peak=75001856
1791525241 08-normal-main e354370bb35d hwm_kb=109380 rss_kb=109692 cgroup_peak=99377152
1791525241 08-normal-main e354370bb35d hwm_kb=127260 rss_kb=126520 cgroup_peak=119644160
1791525242 08-normal-main e354370bb35d hwm_kb=132320 rss_kb=132320 cgroup_peak=125227008
1791525243 08-normal-main e354370bb35d hwm_kb=131856 rss_kb=130636 cgroup_peak=125972480
1791525243 08-normal-main e354370bb35d hwm_kb=137704 rss_kb=137704 cgroup_peak=133140480
1791525244 08-normal-main e354370bb35d hwm_kb=137072 rss_kb=129352 cgroup_peak=133279744
1791525245 08-normal-main e354370bb35d hwm_kb=137072 rss_kb=131056 cgroup_peak=133279744
1791525245 08-normal-main e354370bb35d hwm_kb=137072 rss_kb=136532 cgroup_peak=134438912
1791525246 08-normal-main e354370bb35d hwm_kb=137072 rss_kb=133196 cgroup_peak=135016448
1791525246 08-normal-main e354370bb35d hwm_kb=137072 rss_kb=137008 cgroup_peak=136548352
1791525247 08-normal-main e354370bb35d hwm_kb=137112 rss_kb=135560 cgroup_peak=137138176
1791525247 08-normal-main e354370bb35d hwm_kb=138920 rss_kb=138924 cgroup_peak=139792384
1791525248 08-normal-main e354370bb35d hwm_kb=138708 rss_kb=135540 cgroup_peak=140181504
1791525249 08-normal-main e354370bb35d hwm_kb=138708 rss_kb=137352 cgroup_peak=142000128
1791525251 08-normal-main ea2b57c8d215 hwm_kb=34856 rss_kb=34856 cgroup_peak=22368256
1791525252 08-normal-main ea2b57c8d215 hwm_kb=34856 rss_kb=34856 cgroup_peak=22368256
1791525252 08-normal-main ea2b57c8d215 hwm_kb=34856 rss_kb=34856 cgroup_peak=22368256
1791525253 08-normal-main ea2b57c8d215 hwm_kb=34856 rss_kb=34856 cgroup_peak=22368256
1791525253 08-normal-main ea2b57c8d215 hwm_kb=34856 rss_kb=34856 cgroup_peak=22368256
1791525254 08-normal-main ea2b57c8d215 hwm_kb=34856 rss_kb=34856 cgroup_peak=22368256
1791525254 08-normal-main ea2b57c8d215 hwm_kb=35080 rss_kb=35080 cgroup_peak=22368256
1791525255 08-normal-main ea2b57c8d215 hwm_kb=47236 rss_kb=44040 cgroup_peak=34033664
1791525255 08-normal-main ea2b57c8d215 hwm_kb=47236 rss_kb=43924 cgroup_peak=34156544
1791525256 08-normal-main ea2b57c8d215 hwm_kb=47236 rss_kb=43956 cgroup_peak=34156544
1791525256 08-normal-main ea2b57c8d215 hwm_kb=47236 rss_kb=43988 cgroup_peak=34492416
1791525257 08-normal-main ea2b57c8d215 hwm_kb=47852 rss_kb=47968 cgroup_peak=34877440
1791525258 08-normal-main ea2b57c8d215 hwm_kb=47508 rss_kb=45316 cgroup_peak=34877440
1791525258 08-normal-main ea2b57c8d215 hwm_kb=49896 rss_kb=46352 cgroup_peak=37482496
1791525259 08-normal-main ea2b57c8d215 hwm_kb=49896 rss_kb=46872 cgroup_peak=37482496
1791525259 08-normal-main ea2b57c8d215 hwm_kb=49896 rss_kb=45620 cgroup_peak=37482496
1791525260 08-normal-main ea2b57c8d215 hwm_kb=49896 rss_kb=46492 cgroup_peak=37482496
1791525260 08-normal-main ea2b57c8d215 hwm_kb=49896 rss_kb=46476 cgroup_peak=37482496
1791525261 08-normal-main ea2b57c8d215 hwm_kb=49896 rss_kb=46624 cgroup_peak=37482496
1791525261 08-normal-main ea2b57c8d215 hwm_kb=49896 rss_kb=46436 cgroup_peak=37482496
1791525262 08-normal-main ea2b57c8d215 hwm_kb=49896 rss_kb=45616 cgroup_peak=37482496
1791525262 08-normal-main ea2b57c8d215 hwm_kb=49896 rss_kb=45652 cgroup_peak=37539840
1791525263 08-normal-main ea2b57c8d215 hwm_kb=49896 rss_kb=45844 cgroup_peak=37539840
1791525264 08-normal-main ea2b57c8d215 hwm_kb=49896 rss_kb=45060 cgroup_peak=37539840
1791525264 08-normal-main ea2b57c8d215 hwm_kb=49896 rss_kb=45348 cgroup_peak=37539840
1791525265 08-normal-main ea2b57c8d215 hwm_kb=49896 rss_kb=44920 cgroup_peak=37539840
1791525265 08-normal-main ea2b57c8d215 hwm_kb=49896 rss_kb=44060 cgroup_peak=37539840
1791525266 08-normal-main ea2b57c8d215 hwm_kb=49896 rss_kb=44128 cgroup_peak=37539840
1791525266 08-normal-main ea2b57c8d215 hwm_kb=49896 rss_kb=43784 cgroup_peak=37539840
1791525267 08-normal-main ea2b57c8d215 hwm_kb=49896 rss_kb=44088 cgroup_peak=37539840
1791525267 08-normal-main ea2b57c8d215 hwm_kb=49896 rss_kb=45564 cgroup_peak=39669760
1791525268 08-normal-main ea2b57c8d215 hwm_kb=49896 rss_kb=45668 cgroup_peak=39669760
1791525268 08-normal-main ea2b57c8d215 hwm_kb=49896 rss_kb=46028 cgroup_peak=39669760
1791525269 08-normal-main ea2b57c8d215 hwm_kb=49896 rss_kb=44308 cgroup_peak=39669760
1791525269 08-normal-main ea2b57c8d215 hwm_kb=49896 rss_kb=48448 cgroup_peak=39669760
1791525270 08-normal-main ea2b57c8d215 hwm_kb=49896 rss_kb=45676 cgroup_peak=39669760
1791525271 08-normal-main ea2b57c8d215 hwm_kb=49896 rss_kb=46396 cgroup_peak=39669760
1791525271 08-normal-main ea2b57c8d215 hwm_kb=49896 rss_kb=47408 cgroup_peak=39669760
1791525272 08-normal-main ea2b57c8d215 hwm_kb=49896 rss_kb=45084 cgroup_peak=39669760
1791525272 08-normal-main ea2b57c8d215 hwm_kb=49896 rss_kb=46432 cgroup_peak=39669760
1791525273 08-normal-main ea2b57c8d215 hwm_kb=49896 rss_kb=44228 cgroup_peak=39669760
1791525273 08-normal-main ea2b57c8d215 hwm_kb=49896 rss_kb=45368 cgroup_peak=39669760
1791525274 08-normal-main ea2b57c8d215 hwm_kb=49896 rss_kb=45528 cgroup_peak=39669760
1791525274 08-normal-main ea2b57c8d215 hwm_kb=49896 rss_kb=45184 cgroup_peak=39669760
1791525275 08-normal-main ea2b57c8d215 hwm_kb=49896 rss_kb=43672 cgroup_peak=39669760
1791525275 08-normal-main ea2b57c8d215 hwm_kb=49896 rss_kb=44012 cgroup_peak=39669760
1791525276 08-normal-main ea2b57c8d215 hwm_kb=49896 rss_kb=44456 cgroup_peak=39669760
1791525276 08-normal-main ea2b57c8d215 hwm_kb=49896 rss_kb=44112 cgroup_peak=39669760
1791525277 08-normal-main ea2b57c8d215 hwm_kb=49896 rss_kb=46484 cgroup_peak=39669760
1791525277 08-normal-main ea2b57c8d215 hwm_kb=49896 rss_kb=46032 cgroup_peak=39669760
1791525278 08-normal-main ea2b57c8d215 hwm_kb=49896 rss_kb=44032 cgroup_peak=39669760
1791525279 08-normal-main ea2b57c8d215 hwm_kb=49896 rss_kb=45232 cgroup_peak=39669760
1791525279 08-normal-main ea2b57c8d215 hwm_kb=49896 rss_kb=46132 cgroup_peak=39669760
1791525280 08-normal-main ea2b57c8d215 hwm_kb=50032 rss_kb=45232 cgroup_peak=39997440
1791525280 08-normal-main ea2b57c8d215 hwm_kb=50032 rss_kb=45412 cgroup_peak=39997440
1791525281 08-normal-main ea2b57c8d215 hwm_kb=50032 rss_kb=45852 cgroup_peak=39997440
1791525281 08-normal-main ea2b57c8d215 hwm_kb=50032 rss_kb=45436 cgroup_peak=39997440
1791525282 08-normal-main ea2b57c8d215 hwm_kb=50032 rss_kb=45968 cgroup_peak=39997440
1791525282 08-normal-main ea2b57c8d215 hwm_kb=50032 rss_kb=43680 cgroup_peak=39997440
1791525283 08-normal-main ea2b57c8d215 hwm_kb=50032 rss_kb=44804 cgroup_peak=39997440
1791525283 08-normal-main ea2b57c8d215 hwm_kb=50032 rss_kb=45788 cgroup_peak=39997440
1791525284 08-normal-main ea2b57c8d215 hwm_kb=50032 rss_kb=45984 cgroup_peak=39997440
1791525284 08-normal-main ea2b57c8d215 hwm_kb=50060 rss_kb=46968 cgroup_peak=39997440
1791525285 08-normal-main ea2b57c8d215 hwm_kb=50060 rss_kb=45472 cgroup_peak=39997440
1791525286 08-normal-main ea2b57c8d215 hwm_kb=50060 rss_kb=45124 cgroup_peak=39997440
1791525286 08-normal-main ea2b57c8d215 hwm_kb=50060 rss_kb=45068 cgroup_peak=39997440
1791525287 08-normal-main ea2b57c8d215 hwm_kb=50060 rss_kb=45676 cgroup_peak=39997440
1791525287 08-normal-main ea2b57c8d215 hwm_kb=50060 rss_kb=45696 cgroup_peak=39997440
1791525288 08-normal-main ea2b57c8d215 hwm_kb=50060 rss_kb=45584 cgroup_peak=39997440
1791525288 08-normal-main ea2b57c8d215 hwm_kb=50060 rss_kb=45516 cgroup_peak=39997440
1791525289 08-normal-main ea2b57c8d215 hwm_kb=50060 rss_kb=45488 cgroup_peak=39997440
1791525289 08-normal-main ea2b57c8d215 hwm_kb=50060 rss_kb=45668 cgroup_peak=39997440
1791525290 08-normal-main ea2b57c8d215 hwm_kb=50060 rss_kb=45648 cgroup_peak=39997440
1791525290 08-normal-main ea2b57c8d215 hwm_kb=50060 rss_kb=46168 cgroup_peak=39997440
1791525291 08-normal-main ea2b57c8d215 hwm_kb=50060 rss_kb=46508 cgroup_peak=39997440
1791525291 08-normal-main ea2b57c8d215 hwm_kb=50060 rss_kb=46208 cgroup_peak=39997440
1791525292 08-normal-main ea2b57c8d215 hwm_kb=50060 rss_kb=47920 cgroup_peak=39997440
1791525292 08-normal-main ea2b57c8d215 hwm_kb=50060 rss_kb=44632 cgroup_peak=39997440
1791525293 08-normal-main ea2b57c8d215 hwm_kb=50060 rss_kb=48664 cgroup_peak=39997440
1791525294 08-normal-main ea2b57c8d215 hwm_kb=50060 rss_kb=45692 cgroup_peak=39997440
1791525294 08-normal-main ea2b57c8d215 hwm_kb=50060 rss_kb=45984 cgroup_peak=39997440
1791525295 08-normal-main ea2b57c8d215 hwm_kb=57948 rss_kb=57952 cgroup_peak=50958336
1791525295 08-normal-main ea2b57c8d215 hwm_kb=84532 rss_kb=84532 cgroup_peak=78528512
1791525296 08-normal-main ea2b57c8d215 hwm_kb=110492 rss_kb=110500 cgroup_peak=106192896
1791525296 08-normal-main ea2b57c8d215 hwm_kb=123160 rss_kb=123160 cgroup_peak=119820288
1791525297 08-normal-main ea2b57c8d215 hwm_kb=127060 rss_kb=123620 cgroup_peak=125198336
1791525297 08-normal-main ea2b57c8d215 hwm_kb=128260 rss_kb=126320 cgroup_peak=126947328
1791525298 08-normal-main ea2b57c8d215 hwm_kb=128752 rss_kb=127640 cgroup_peak=129101824
1791525298 08-normal-main ea2b57c8d215 hwm_kb=130140 rss_kb=127656 cgroup_peak=130936832
1791525299 08-normal-main ea2b57c8d215 hwm_kb=130656 rss_kb=130004 cgroup_peak=132046848
1791525299 08-normal-main ea2b57c8d215 hwm_kb=134408 rss_kb=132464 cgroup_peak=136867840
1791525300 08-normal-main ea2b57c8d215 hwm_kb=134408 rss_kb=132768 cgroup_peak=136908800
1791525300 08-normal-main ea2b57c8d215 hwm_kb=136872 rss_kb=136872 cgroup_peak=140914688
1791525301 08-normal-main ea2b57c8d215 hwm_kb=137120 rss_kb=134980 cgroup_peak=141656064
1791525302 08-normal-main ea2b57c8d215 hwm_kb=137120 rss_kb=136868 cgroup_peak=142409728
1791525302 08-normal-main ea2b57c8d215 hwm_kb=137120 rss_kb=134192 cgroup_peak=142409728
1791525303 08-normal-main ea2b57c8d215 hwm_kb=137120 rss_kb=136492 cgroup_peak=143839232
1791525303 08-normal-main ea2b57c8d215 hwm_kb=137120 rss_kb=135736 cgroup_peak=143953920
1791525304 08-normal-main ea2b57c8d215 hwm_kb=137556 rss_kb=134108 cgroup_peak=145960960
1791525304 08-normal-main ea2b57c8d215 hwm_kb=137556 rss_kb=136264 cgroup_peak=146464768
1791525305 08-normal-main ea2b57c8d215 hwm_kb=137556 rss_kb=133824 cgroup_peak=146464768
1791525308 09-mixed-main 0c65368fdeff hwm_kb=31072 rss_kb=31072 cgroup_peak=18153472
1791525308 09-mixed-main 0c65368fdeff hwm_kb=31072 rss_kb=31072 cgroup_peak=18153472
1791525309 09-mixed-main 0c65368fdeff hwm_kb=31072 rss_kb=31072 cgroup_peak=18153472
1791525309 09-mixed-main 0c65368fdeff hwm_kb=31072 rss_kb=31072 cgroup_peak=18153472
1791525310 09-mixed-main 0c65368fdeff hwm_kb=31072 rss_kb=31072 cgroup_peak=18153472
1791525310 09-mixed-main 0c65368fdeff hwm_kb=31072 rss_kb=31072 cgroup_peak=18153472
1791525311 09-mixed-main 0c65368fdeff hwm_kb=42244 rss_kb=44752 cgroup_peak=28217344
1791525311 09-mixed-main 0c65368fdeff hwm_kb=55572 rss_kb=55572 cgroup_peak=53637120
1791525312 09-mixed-main 0c65368fdeff hwm_kb=66148 rss_kb=56540 cgroup_peak=66494464
1791525313 09-mixed-main 0c65368fdeff hwm_kb=71332 rss_kb=71332 cgroup_peak=73351168
1791525313 09-mixed-main 0c65368fdeff hwm_kb=96880 rss_kb=96880 cgroup_peak=100003840
1791525314 09-mixed-main 0c65368fdeff hwm_kb=100876 rss_kb=96224 cgroup_peak=107204608
1791525314 09-mixed-main 0c65368fdeff hwm_kb=116792 rss_kb=114260 cgroup_peak=124190720
1791525315 09-mixed-main 0c65368fdeff hwm_kb=127308 rss_kb=120684 cgroup_peak=135315456
1791525315 09-mixed-main 0c65368fdeff hwm_kb=136320 rss_kb=110480 cgroup_peak=143589376
1791525316 09-mixed-main 0c65368fdeff hwm_kb=136320 rss_kb=123728 cgroup_peak=143589376
1791525317 09-mixed-main 0c65368fdeff hwm_kb=138036 rss_kb=111952 cgroup_peak=146763776
1791525317 09-mixed-main 0c65368fdeff hwm_kb=138036 rss_kb=113728 cgroup_peak=146763776
1791525318 09-mixed-main 0c65368fdeff hwm_kb=138036 rss_kb=127292 cgroup_peak=146763776
1791525318 09-mixed-main 0c65368fdeff hwm_kb=138036 rss_kb=107368 cgroup_peak=146763776
1791525319 09-mixed-main 0c65368fdeff hwm_kb=139276 rss_kb=139484 cgroup_peak=148488192
1791525319 09-mixed-main 0c65368fdeff hwm_kb=139224 rss_kb=125596 cgroup_peak=148676608
1791525320 09-mixed-main 0c65368fdeff hwm_kb=139224 rss_kb=118888 cgroup_peak=148676608
1791525320 09-mixed-main 0c65368fdeff hwm_kb=139224 rss_kb=116592 cgroup_peak=148676608
1791525321 09-mixed-main 0c65368fdeff hwm_kb=139224 rss_kb=109808 cgroup_peak=148676608
1791525321 09-mixed-main 0c65368fdeff hwm_kb=139224 rss_kb=122392 cgroup_peak=148676608
1791525322 09-mixed-main 0c65368fdeff hwm_kb=139224 rss_kb=113536 cgroup_peak=148676608
1791525323 09-mixed-main 0c65368fdeff hwm_kb=139224 rss_kb=108680 cgroup_peak=148676608
1791525323 09-mixed-main 0c65368fdeff hwm_kb=139224 rss_kb=107436 cgroup_peak=148676608
1791525324 09-mixed-main 0c65368fdeff hwm_kb=139224 rss_kb=130048 cgroup_peak=148676608
1791525324 09-mixed-main 0c65368fdeff hwm_kb=139224 rss_kb=116336 cgroup_peak=148676608
1791525325 09-mixed-main 0c65368fdeff hwm_kb=139224 rss_kb=126544 cgroup_peak=148676608
1791525325 09-mixed-main 0c65368fdeff hwm_kb=139224 rss_kb=95960 cgroup_peak=148676608
1791525326 09-mixed-main 0c65368fdeff hwm_kb=139224 rss_kb=123540 cgroup_peak=148676608
1791525326 09-mixed-main 0c65368fdeff hwm_kb=139224 rss_kb=122068 cgroup_peak=148676608
1791525327 09-mixed-main 0c65368fdeff hwm_kb=139224 rss_kb=114036 cgroup_peak=148676608
1791525327 09-mixed-main 0c65368fdeff hwm_kb=139224 rss_kb=107680 cgroup_peak=148676608
1791525328 09-mixed-main 0c65368fdeff hwm_kb=139224 rss_kb=129296 cgroup_peak=148676608
1791525328 09-mixed-main 0c65368fdeff hwm_kb=139224 rss_kb=121880 cgroup_peak=148676608
1791525329 09-mixed-main 0c65368fdeff hwm_kb=139224 rss_kb=97428 cgroup_peak=148676608
1791525329 09-mixed-main 0c65368fdeff hwm_kb=139224 rss_kb=130732 cgroup_peak=148676608
1791525330 09-mixed-main 0c65368fdeff hwm_kb=139224 rss_kb=101628 cgroup_peak=148676608
1791525331 09-mixed-main 0c65368fdeff hwm_kb=139224 rss_kb=123972 cgroup_peak=148676608
1791525331 09-mixed-main 0c65368fdeff hwm_kb=139224 rss_kb=115356 cgroup_peak=148676608
1791525332 09-mixed-main 0c65368fdeff hwm_kb=139224 rss_kb=111032 cgroup_peak=148676608
1791525332 09-mixed-main 0c65368fdeff hwm_kb=139224 rss_kb=113176 cgroup_peak=148676608
1791525333 09-mixed-main 0c65368fdeff hwm_kb=139224 rss_kb=114808 cgroup_peak=148676608
1791525333 09-mixed-main 0c65368fdeff hwm_kb=139224 rss_kb=113828 cgroup_peak=148676608
1791525334 09-mixed-main 0c65368fdeff hwm_kb=139224 rss_kb=119220 cgroup_peak=148676608
1791525334 09-mixed-main 0c65368fdeff hwm_kb=139224 rss_kb=110696 cgroup_peak=148676608
1791525335 09-mixed-main 0c65368fdeff hwm_kb=139224 rss_kb=120900 cgroup_peak=148676608
1791525335 09-mixed-main 0c65368fdeff hwm_kb=139224 rss_kb=123108 cgroup_peak=148676608
1791525336 09-mixed-main 0c65368fdeff hwm_kb=139224 rss_kb=122824 cgroup_peak=148676608
1791525336 09-mixed-main 0c65368fdeff hwm_kb=139224 rss_kb=115996 cgroup_peak=148676608
1791525337 09-mixed-main 0c65368fdeff hwm_kb=139224 rss_kb=121816 cgroup_peak=148676608
1791525338 09-mixed-main 0c65368fdeff hwm_kb=139224 rss_kb=119764 cgroup_peak=148676608
1791525338 09-mixed-main 0c65368fdeff hwm_kb=139224 rss_kb=120924 cgroup_peak=148676608
1791525339 09-mixed-main 0c65368fdeff hwm_kb=139224 rss_kb=108184 cgroup_peak=148676608
1791525339 09-mixed-main 0c65368fdeff hwm_kb=139224 rss_kb=106508 cgroup_peak=148676608
1791525340 09-mixed-main 0c65368fdeff hwm_kb=139224 rss_kb=102068 cgroup_peak=148676608
1791525340 09-mixed-main 0c65368fdeff hwm_kb=139224 rss_kb=101012 cgroup_peak=148676608
1791525341 09-mixed-main 0c65368fdeff hwm_kb=139224 rss_kb=97312 cgroup_peak=148676608
1791525341 09-mixed-main 0c65368fdeff hwm_kb=139224 rss_kb=97652 cgroup_peak=148676608
1791525342 09-mixed-main 0c65368fdeff hwm_kb=139224 rss_kb=106336 cgroup_peak=148676608
1791525342 09-mixed-main 0c65368fdeff hwm_kb=139224 rss_kb=106008 cgroup_peak=148676608
1791525343 09-mixed-main 0c65368fdeff hwm_kb=139224 rss_kb=109272 cgroup_peak=148676608
1791525343 09-mixed-main 0c65368fdeff hwm_kb=139224 rss_kb=115280 cgroup_peak=148676608
1791525344 09-mixed-main 0c65368fdeff hwm_kb=139224 rss_kb=123256 cgroup_peak=148676608
1791525344 09-mixed-main 0c65368fdeff hwm_kb=139224 rss_kb=104648 cgroup_peak=148676608
1791525345 09-mixed-main 0c65368fdeff hwm_kb=139224 rss_kb=107168 cgroup_peak=148676608
1791525345 09-mixed-main 0c65368fdeff hwm_kb=139224 rss_kb=108012 cgroup_peak=148676608
1791525346 09-mixed-main 0c65368fdeff hwm_kb=139224 rss_kb=108796 cgroup_peak=148676608
1791525347 09-mixed-main 0c65368fdeff hwm_kb=139224 rss_kb=113012 cgroup_peak=148676608
1791525347 09-mixed-main 0c65368fdeff hwm_kb=139224 rss_kb=107160 cgroup_peak=148676608
1791525348 09-mixed-main 0c65368fdeff hwm_kb=139224 rss_kb=118276 cgroup_peak=148676608
1791525348 09-mixed-main 0c65368fdeff hwm_kb=139224 rss_kb=113124 cgroup_peak=148676608
1791525349 09-mixed-main 0c65368fdeff hwm_kb=139224 rss_kb=108260 cgroup_peak=148676608
1791525349 09-mixed-main 0c65368fdeff hwm_kb=139224 rss_kb=108344 cgroup_peak=148676608
1791525350 09-mixed-main 0c65368fdeff hwm_kb=139224 rss_kb=106228 cgroup_peak=148676608
1791525350 09-mixed-main 0c65368fdeff hwm_kb=139224 rss_kb=125104 cgroup_peak=148676608
1791525351 09-mixed-main 0c65368fdeff hwm_kb=139224 rss_kb=124504 cgroup_peak=148676608
1791525353 09-mixed-main e39abdc857cd hwm_kb=33424 rss_kb=33424 cgroup_peak=20271104
1791525353 09-mixed-main e39abdc857cd hwm_kb=33424 rss_kb=33424 cgroup_peak=20271104
1791525354 09-mixed-main e39abdc857cd hwm_kb=33424 rss_kb=33424 cgroup_peak=20271104
1791525354 09-mixed-main e39abdc857cd hwm_kb=33424 rss_kb=33424 cgroup_peak=20271104
1791525355 09-mixed-main e39abdc857cd hwm_kb=33424 rss_kb=33424 cgroup_peak=20271104
1791525355 09-mixed-main e39abdc857cd hwm_kb=33424 rss_kb=33424 cgroup_peak=20271104
1791525356 09-mixed-main e39abdc857cd hwm_kb=50108 rss_kb=50108 cgroup_peak=34787328
1791525357 09-mixed-main e39abdc857cd hwm_kb=59996 rss_kb=59996 cgroup_peak=47239168
1791525357 09-mixed-main e39abdc857cd hwm_kb=64248 rss_kb=59116 cgroup_peak=52109312
1791525358 09-mixed-main e39abdc857cd hwm_kb=75888 rss_kb=70580 cgroup_peak=64442368
1791525358 09-mixed-main e39abdc857cd hwm_kb=94872 rss_kb=80524 cgroup_peak=84115456
1791525359 09-mixed-main e39abdc857cd hwm_kb=103716 rss_kb=81140 cgroup_peak=93863936
1791525359 09-mixed-main e39abdc857cd hwm_kb=108208 rss_kb=88696 cgroup_peak=98910208
1791525360 09-mixed-main e39abdc857cd hwm_kb=117580 rss_kb=117580 cgroup_peak=108441600
1791525360 09-mixed-main e39abdc857cd hwm_kb=129952 rss_kb=120652 cgroup_peak=121925632
1791525361 09-mixed-main e39abdc857cd hwm_kb=131744 rss_kb=101912 cgroup_peak=123936768
1791525361 09-mixed-main e39abdc857cd hwm_kb=131744 rss_kb=102340 cgroup_peak=123936768
1791525362 09-mixed-main e39abdc857cd hwm_kb=135528 rss_kb=132676 cgroup_peak=128434176
1791525362 09-mixed-main e39abdc857cd hwm_kb=135528 rss_kb=126644 cgroup_peak=128434176
1791525363 09-mixed-main e39abdc857cd hwm_kb=135528 rss_kb=129728 cgroup_peak=128434176
1791525363 09-mixed-main e39abdc857cd hwm_kb=135528 rss_kb=104852 cgroup_peak=128434176
1791525364 09-mixed-main e39abdc857cd hwm_kb=135528 rss_kb=106780 cgroup_peak=128434176
1791525364 09-mixed-main e39abdc857cd hwm_kb=135528 rss_kb=120424 cgroup_peak=128434176
1791525365 09-mixed-main e39abdc857cd hwm_kb=135528 rss_kb=127792 cgroup_peak=128434176
1791525366 09-mixed-main e39abdc857cd hwm_kb=135528 rss_kb=109440 cgroup_peak=128663552
1791525366 09-mixed-main e39abdc857cd hwm_kb=135528 rss_kb=121796 cgroup_peak=128663552
1791525367 09-mixed-main e39abdc857cd hwm_kb=135528 rss_kb=118472 cgroup_peak=128663552
1791525367 09-mixed-main e39abdc857cd hwm_kb=135528 rss_kb=104624 cgroup_peak=128663552
1791525368 09-mixed-main e39abdc857cd hwm_kb=135528 rss_kb=122528 cgroup_peak=128663552
1791525368 09-mixed-main e39abdc857cd hwm_kb=135528 rss_kb=118636 cgroup_peak=128663552
1791525369 09-mixed-main e39abdc857cd hwm_kb=139076 rss_kb=126856 cgroup_peak=132390912
1791525369 09-mixed-main e39abdc857cd hwm_kb=139076 rss_kb=107692 cgroup_peak=132390912
1791525370 09-mixed-main e39abdc857cd hwm_kb=139076 rss_kb=110752 cgroup_peak=132390912
1791525370 09-mixed-main e39abdc857cd hwm_kb=139076 rss_kb=106312 cgroup_peak=132390912
1791525371 09-mixed-main e39abdc857cd hwm_kb=139076 rss_kb=121792 cgroup_peak=132390912
1791525371 09-mixed-main e39abdc857cd hwm_kb=139076 rss_kb=107760 cgroup_peak=132390912
1791525372 09-mixed-main e39abdc857cd hwm_kb=139076 rss_kb=106260 cgroup_peak=132390912
1791525372 09-mixed-main e39abdc857cd hwm_kb=139076 rss_kb=133596 cgroup_peak=132390912
1791525373 09-mixed-main e39abdc857cd hwm_kb=139076 rss_kb=122284 cgroup_peak=132390912
1791525373 09-mixed-main e39abdc857cd hwm_kb=139076 rss_kb=109660 cgroup_peak=132390912
1791525374 09-mixed-main e39abdc857cd hwm_kb=139076 rss_kb=104012 cgroup_peak=132390912
1791525375 09-mixed-main e39abdc857cd hwm_kb=139076 rss_kb=119268 cgroup_peak=132390912
1791525375 09-mixed-main e39abdc857cd hwm_kb=139076 rss_kb=120252 cgroup_peak=132390912
1791525376 09-mixed-main e39abdc857cd hwm_kb=139076 rss_kb=110636 cgroup_peak=132390912
1791525376 09-mixed-main e39abdc857cd hwm_kb=139076 rss_kb=113944 cgroup_peak=132390912
1791525377 09-mixed-main e39abdc857cd hwm_kb=139076 rss_kb=116388 cgroup_peak=132390912
1791525377 09-mixed-main e39abdc857cd hwm_kb=139076 rss_kb=116956 cgroup_peak=132390912
1791525378 09-mixed-main e39abdc857cd hwm_kb=139076 rss_kb=117824 cgroup_peak=132390912
1791525378 09-mixed-main e39abdc857cd hwm_kb=139076 rss_kb=121432 cgroup_peak=132390912
1791525379 09-mixed-main e39abdc857cd hwm_kb=139076 rss_kb=119212 cgroup_peak=132390912
1791525379 09-mixed-main e39abdc857cd hwm_kb=139076 rss_kb=126272 cgroup_peak=132390912
1791525380 09-mixed-main e39abdc857cd hwm_kb=139076 rss_kb=105108 cgroup_peak=132390912
1791525380 09-mixed-main e39abdc857cd hwm_kb=139076 rss_kb=105872 cgroup_peak=132390912
1791525381 09-mixed-main e39abdc857cd hwm_kb=139076 rss_kb=101564 cgroup_peak=132390912
1791525381 09-mixed-main e39abdc857cd hwm_kb=139076 rss_kb=108400 cgroup_peak=132390912
1791525382 09-mixed-main e39abdc857cd hwm_kb=139076 rss_kb=108040 cgroup_peak=132390912
1791525382 09-mixed-main e39abdc857cd hwm_kb=139076 rss_kb=107268 cgroup_peak=132390912
1791525383 09-mixed-main e39abdc857cd hwm_kb=139076 rss_kb=99420 cgroup_peak=132390912
1791525384 09-mixed-main e39abdc857cd hwm_kb=139076 rss_kb=98932 cgroup_peak=132390912
1791525384 09-mixed-main e39abdc857cd hwm_kb=139076 rss_kb=106272 cgroup_peak=132390912
1791525385 09-mixed-main e39abdc857cd hwm_kb=139076 rss_kb=102808 cgroup_peak=132390912
1791525385 09-mixed-main e39abdc857cd hwm_kb=139076 rss_kb=103788 cgroup_peak=132390912
1791525386 09-mixed-main e39abdc857cd hwm_kb=139076 rss_kb=103976 cgroup_peak=132390912
1791525386 09-mixed-main e39abdc857cd hwm_kb=139076 rss_kb=107064 cgroup_peak=132390912
1791525387 09-mixed-main e39abdc857cd hwm_kb=139076 rss_kb=106012 cgroup_peak=132390912
1791525387 09-mixed-main e39abdc857cd hwm_kb=139076 rss_kb=116832 cgroup_peak=132390912
1791525388 09-mixed-main e39abdc857cd hwm_kb=139076 rss_kb=110448 cgroup_peak=132390912
1791525388 09-mixed-main e39abdc857cd hwm_kb=139076 rss_kb=114020 cgroup_peak=132390912
1791525389 09-mixed-main e39abdc857cd hwm_kb=139076 rss_kb=121964 cgroup_peak=132390912
1791525389 09-mixed-main e39abdc857cd hwm_kb=139076 rss_kb=105032 cgroup_peak=132390912
1791525390 09-mixed-main e39abdc857cd hwm_kb=139076 rss_kb=106064 cgroup_peak=132390912
1791525390 09-mixed-main e39abdc857cd hwm_kb=139076 rss_kb=119660 cgroup_peak=132390912
1791525391 09-mixed-main e39abdc857cd hwm_kb=139076 rss_kb=121976 cgroup_peak=132390912
1791525392 09-mixed-main e39abdc857cd hwm_kb=139076 rss_kb=107032 cgroup_peak=132390912
1791525392 09-mixed-main e39abdc857cd hwm_kb=139076 rss_kb=125936 cgroup_peak=132390912
1791525393 09-mixed-main e39abdc857cd hwm_kb=139076 rss_kb=111992 cgroup_peak=132390912
1791525393 09-mixed-main e39abdc857cd hwm_kb=139076 rss_kb=101084 cgroup_peak=132390912
1791525394 09-mixed-main e39abdc857cd hwm_kb=139076 rss_kb=109292 cgroup_peak=132390912
1791525394 09-mixed-main e39abdc857cd hwm_kb=139076 rss_kb=113552 cgroup_peak=132390912
1791525395 09-mixed-main e39abdc857cd hwm_kb=139076 rss_kb=119420 cgroup_peak=132390912
1791525395 09-mixed-main e39abdc857cd hwm_kb=139076 rss_kb=109016 cgroup_peak=132390912
1791525396 09-mixed-main e39abdc857cd hwm_kb=139076 rss_kb=121984 cgroup_peak=132390912
1791525399 10-mixed-a 8f0994c21d14 hwm_kb=33448 rss_kb=33448 cgroup_peak=33579008
1791525399 10-mixed-a 8f0994c21d14 hwm_kb=33448 rss_kb=33448 cgroup_peak=33579008
1791525400 10-mixed-a 8f0994c21d14 hwm_kb=33448 rss_kb=33448 cgroup_peak=33579008
1791525400 10-mixed-a 8f0994c21d14 hwm_kb=33448 rss_kb=33448 cgroup_peak=33579008
1791525401 10-mixed-a 8f0994c21d14 hwm_kb=33448 rss_kb=33448 cgroup_peak=33579008
1791525401 10-mixed-a 8f0994c21d14 hwm_kb=33448 rss_kb=33448 cgroup_peak=33579008
1791525402 10-mixed-a 8f0994c21d14 hwm_kb=55916 rss_kb=55928 cgroup_peak=53334016
1791525402 10-mixed-a 8f0994c21d14 hwm_kb=57468 rss_kb=51656 cgroup_peak=62341120
1791525403 10-mixed-a 8f0994c21d14 hwm_kb=67340 rss_kb=67340 cgroup_peak=72323072
1791525404 10-mixed-a 8f0994c21d14 hwm_kb=73484 rss_kb=72412 cgroup_peak=79564800
1791525404 10-mixed-a 8f0994c21d14 hwm_kb=99292 rss_kb=85784 cgroup_peak=106250240
1791525405 10-mixed-a 8f0994c21d14 hwm_kb=103596 rss_kb=103456 cgroup_peak=112459776
1791525405 10-mixed-a 8f0994c21d14 hwm_kb=109524 rss_kb=96796 cgroup_peak=119767040
1791525406 10-mixed-a 8f0994c21d14 hwm_kb=120740 rss_kb=114728 cgroup_peak=130273280
1791525406 10-mixed-a 8f0994c21d14 hwm_kb=123012 rss_kb=110492 cgroup_peak=133013504
1791525407 10-mixed-a 8f0994c21d14 hwm_kb=128228 rss_kb=124144 cgroup_peak=138051584
1791525407 10-mixed-a 8f0994c21d14 hwm_kb=129280 rss_kb=128476 cgroup_peak=140136448
1791525408 10-mixed-a 8f0994c21d14 hwm_kb=131564 rss_kb=115932 cgroup_peak=142356480
1791525409 10-mixed-a 8f0994c21d14 hwm_kb=131564 rss_kb=117512 cgroup_peak=142356480
1791525409 10-mixed-a 8f0994c21d14 hwm_kb=135016 rss_kb=109484 cgroup_peak=146427904
1791525410 10-mixed-a 8f0994c21d14 hwm_kb=135016 rss_kb=112328 cgroup_peak=146427904
1791525410 10-mixed-a 8f0994c21d14 hwm_kb=135016 rss_kb=120780 cgroup_peak=146427904
1791525411 10-mixed-a 8f0994c21d14 hwm_kb=135016 rss_kb=124384 cgroup_peak=146427904
1791525411 10-mixed-a 8f0994c21d14 hwm_kb=135016 rss_kb=106008 cgroup_peak=146427904
1791525412 10-mixed-a 8f0994c21d14 hwm_kb=135016 rss_kb=113632 cgroup_peak=146427904
1791525412 10-mixed-a 8f0994c21d14 hwm_kb=135016 rss_kb=118100 cgroup_peak=146427904
1791525413 10-mixed-a 8f0994c21d14 hwm_kb=135016 rss_kb=105328 cgroup_peak=146427904
1791525413 10-mixed-a 8f0994c21d14 hwm_kb=135016 rss_kb=122572 cgroup_peak=146427904
1791525414 10-mixed-a 8f0994c21d14 hwm_kb=135016 rss_kb=107296 cgroup_peak=146427904
1791525414 10-mixed-a 8f0994c21d14 hwm_kb=135016 rss_kb=118768 cgroup_peak=146427904
1791525415 10-mixed-a 8f0994c21d14 hwm_kb=135016 rss_kb=112796 cgroup_peak=146427904
1791525415 10-mixed-a 8f0994c21d14 hwm_kb=135016 rss_kb=119540 cgroup_peak=146427904
1791525416 10-mixed-a 8f0994c21d14 hwm_kb=135016 rss_kb=116032 cgroup_peak=146427904
1791525417 10-mixed-a 8f0994c21d14 hwm_kb=135016 rss_kb=108876 cgroup_peak=146427904
1791525417 10-mixed-a 8f0994c21d14 hwm_kb=135016 rss_kb=119832 cgroup_peak=146427904
1791525418 10-mixed-a 8f0994c21d14 hwm_kb=135068 rss_kb=118364 cgroup_peak=146427904
1791525418 10-mixed-a 8f0994c21d14 hwm_kb=135068 rss_kb=126772 cgroup_peak=146427904
1791525419 10-mixed-a 8f0994c21d14 hwm_kb=135068 rss_kb=97732 cgroup_peak=146427904
1791525419 10-mixed-a 8f0994c21d14 hwm_kb=135068 rss_kb=104268 cgroup_peak=146427904
1791525420 10-mixed-a 8f0994c21d14 hwm_kb=135076 rss_kb=113312 cgroup_peak=146427904
1791525420 10-mixed-a 8f0994c21d14 hwm_kb=135076 rss_kb=125536 cgroup_peak=146427904
1791525421 10-mixed-a 8f0994c21d14 hwm_kb=135076 rss_kb=118780 cgroup_peak=146427904
1791525421 10-mixed-a 8f0994c21d14 hwm_kb=135076 rss_kb=100816 cgroup_peak=146427904
1791525422 10-mixed-a 8f0994c21d14 hwm_kb=135076 rss_kb=118228 cgroup_peak=146427904
1791525422 10-mixed-a 8f0994c21d14 hwm_kb=135076 rss_kb=118200 cgroup_peak=146427904
1791525423 10-mixed-a 8f0994c21d14 hwm_kb=135076 rss_kb=116648 cgroup_peak=146427904
1791525423 10-mixed-a 8f0994c21d14 hwm_kb=135076 rss_kb=117460 cgroup_peak=146427904
1791525424 10-mixed-a 8f0994c21d14 hwm_kb=135076 rss_kb=118216 cgroup_peak=146427904
1791525425 10-mixed-a 8f0994c21d14 hwm_kb=135076 rss_kb=119516 cgroup_peak=146427904
1791525425 10-mixed-a 8f0994c21d14 hwm_kb=135076 rss_kb=120048 cgroup_peak=146427904
1791525426 10-mixed-a 8f0994c21d14 hwm_kb=135076 rss_kb=118224 cgroup_peak=146427904
1791525426 10-mixed-a 8f0994c21d14 hwm_kb=135076 rss_kb=122936 cgroup_peak=146427904
1791525427 10-mixed-a 8f0994c21d14 hwm_kb=135076 rss_kb=120876 cgroup_peak=146427904
1791525427 10-mixed-a 8f0994c21d14 hwm_kb=135076 rss_kb=122944 cgroup_peak=146427904
1791525428 10-mixed-a 8f0994c21d14 hwm_kb=135076 rss_kb=116240 cgroup_peak=146427904
1791525428 10-mixed-a 8f0994c21d14 hwm_kb=135076 rss_kb=121816 cgroup_peak=146427904
1791525429 10-mixed-a 8f0994c21d14 hwm_kb=135076 rss_kb=121816 cgroup_peak=146427904
1791525429 10-mixed-a 8f0994c21d14 hwm_kb=135076 rss_kb=102272 cgroup_peak=146427904
1791525430 10-mixed-a 8f0994c21d14 hwm_kb=135076 rss_kb=98652 cgroup_peak=146427904
1791525430 10-mixed-a 8f0994c21d14 hwm_kb=135076 rss_kb=99532 cgroup_peak=146427904
1791525431 10-mixed-a 8f0994c21d14 hwm_kb=135076 rss_kb=106612 cgroup_peak=146427904
1791525431 10-mixed-a 8f0994c21d14 hwm_kb=135076 rss_kb=101148 cgroup_peak=146427904
1791525432 10-mixed-a 8f0994c21d14 hwm_kb=135076 rss_kb=104236 cgroup_peak=146427904
1791525433 10-mixed-a 8f0994c21d14 hwm_kb=135076 rss_kb=103580 cgroup_peak=146427904
1791525433 10-mixed-a 8f0994c21d14 hwm_kb=135076 rss_kb=113664 cgroup_peak=146427904
1791525434 10-mixed-a 8f0994c21d14 hwm_kb=135076 rss_kb=111556 cgroup_peak=146427904
1791525434 10-mixed-a 8f0994c21d14 hwm_kb=135076 rss_kb=110652 cgroup_peak=146427904
1791525435 10-mixed-a 8f0994c21d14 hwm_kb=135076 rss_kb=116060 cgroup_peak=146427904
1791525435 10-mixed-a 8f0994c21d14 hwm_kb=135076 rss_kb=126904 cgroup_peak=146427904
1791525436 10-mixed-a 8f0994c21d14 hwm_kb=135076 rss_kb=106608 cgroup_peak=146427904
1791525436 10-mixed-a 8f0994c21d14 hwm_kb=135076 rss_kb=116612 cgroup_peak=146427904
1791525437 10-mixed-a 8f0994c21d14 hwm_kb=135076 rss_kb=104488 cgroup_peak=146427904
1791525437 10-mixed-a 8f0994c21d14 hwm_kb=135076 rss_kb=120072 cgroup_peak=146427904
1791525438 10-mixed-a 8f0994c21d14 hwm_kb=135076 rss_kb=111996 cgroup_peak=146427904
1791525438 10-mixed-a 8f0994c21d14 hwm_kb=135076 rss_kb=117732 cgroup_peak=146427904
1791525439 10-mixed-a 8f0994c21d14 hwm_kb=135076 rss_kb=119376 cgroup_peak=146427904
1791525439 10-mixed-a 8f0994c21d14 hwm_kb=135076 rss_kb=105876 cgroup_peak=146427904
1791525440 10-mixed-a 8f0994c21d14 hwm_kb=135076 rss_kb=116004 cgroup_peak=146427904
1791525441 10-mixed-a 8f0994c21d14 hwm_kb=135076 rss_kb=119512 cgroup_peak=146427904
1791525441 10-mixed-a 8f0994c21d14 hwm_kb=135076 rss_kb=123568 cgroup_peak=146427904
1791525442 10-mixed-a 8f0994c21d14 hwm_kb=135076 rss_kb=116268 cgroup_peak=146427904
1791525442 10-mixed-a 8f0994c21d14 hwm_kb= rss_kb= cgroup_peak=146427904
1791525444 10-mixed-a c57da0553da1 hwm_kb=33240 rss_kb=33240 cgroup_peak=20234240
1791525444 10-mixed-a c57da0553da1 hwm_kb=33240 rss_kb=33240 cgroup_peak=20234240
1791525445 10-mixed-a c57da0553da1 hwm_kb=33240 rss_kb=33240 cgroup_peak=20234240
1791525445 10-mixed-a c57da0553da1 hwm_kb=33240 rss_kb=33240 cgroup_peak=20234240
1791525446 10-mixed-a c57da0553da1 hwm_kb=33240 rss_kb=33240 cgroup_peak=20234240
1791525446 10-mixed-a c57da0553da1 hwm_kb=33240 rss_kb=33240 cgroup_peak=20234240
1791525447 10-mixed-a c57da0553da1 hwm_kb=53532 rss_kb=53532 cgroup_peak=37552128
1791525447 10-mixed-a c57da0553da1 hwm_kb=58140 rss_kb=50480 cgroup_peak=45907968
1791525448 10-mixed-a c57da0553da1 hwm_kb=63608 rss_kb=58172 cgroup_peak=52416512
1791525449 10-mixed-a c57da0553da1 hwm_kb=72452 rss_kb=72452 cgroup_peak=62279680
1791525449 10-mixed-a c57da0553da1 hwm_kb=93764 rss_kb=77672 cgroup_peak=86065152
1791525450 10-mixed-a c57da0553da1 hwm_kb=100616 rss_kb=80640 cgroup_peak=93282304
1791525450 10-mixed-a c57da0553da1 hwm_kb=110500 rss_kb=109628 cgroup_peak=103829504
1791525451 10-mixed-a c57da0553da1 hwm_kb=115076 rss_kb=109756 cgroup_peak=108916736
1791525451 10-mixed-a c57da0553da1 hwm_kb=128836 rss_kb=114260 cgroup_peak=123375616
1791525452 10-mixed-a c57da0553da1 hwm_kb=132880 rss_kb=115244 cgroup_peak=127926272
1791525452 10-mixed-a c57da0553da1 hwm_kb=135712 rss_kb=119392 cgroup_peak=130695168
1791525453 10-mixed-a c57da0553da1 hwm_kb=135712 rss_kb=104512 cgroup_peak=130695168
1791525453 10-mixed-a c57da0553da1 hwm_kb=135712 rss_kb=113532 cgroup_peak=130695168
1791525454 10-mixed-a c57da0553da1 hwm_kb=135712 rss_kb=131400 cgroup_peak=130695168
1791525454 10-mixed-a c57da0553da1 hwm_kb=135712 rss_kb=118088 cgroup_peak=130695168
1791525455 10-mixed-a c57da0553da1 hwm_kb=135712 rss_kb=115080 cgroup_peak=130695168
1791525455 10-mixed-a c57da0553da1 hwm_kb=136388 rss_kb=115876 cgroup_peak=132358144
1791525456 10-mixed-a c57da0553da1 hwm_kb=136388 rss_kb=124168 cgroup_peak=132358144
1791525457 10-mixed-a c57da0553da1 hwm_kb=136388 rss_kb=95852 cgroup_peak=132358144
1791525457 10-mixed-a c57da0553da1 hwm_kb=136388 rss_kb=119280 cgroup_peak=132358144
1791525458 10-mixed-a c57da0553da1 hwm_kb=136388 rss_kb=118504 cgroup_peak=132358144
1791525458 10-mixed-a c57da0553da1 hwm_kb=136388 rss_kb=106052 cgroup_peak=132358144
1791525459 10-mixed-a c57da0553da1 hwm_kb=136388 rss_kb=111684 cgroup_peak=132358144
1791525459 10-mixed-a c57da0553da1 hwm_kb=136388 rss_kb=112012 cgroup_peak=132358144
1791525460 10-mixed-a c57da0553da1 hwm_kb=136388 rss_kb=122624 cgroup_peak=132358144
1791525460 10-mixed-a c57da0553da1 hwm_kb=136388 rss_kb=108248 cgroup_peak=132358144
1791525461 10-mixed-a c57da0553da1 hwm_kb=136388 rss_kb=111052 cgroup_peak=132358144
1791525461 10-mixed-a c57da0553da1 hwm_kb=136388 rss_kb=96592 cgroup_peak=132358144
1791525462 10-mixed-a c57da0553da1 hwm_kb=136388 rss_kb=120668 cgroup_peak=132358144
1791525462 10-mixed-a c57da0553da1 hwm_kb=136388 rss_kb=123308 cgroup_peak=132358144
1791525463 10-mixed-a c57da0553da1 hwm_kb=136388 rss_kb=115924 cgroup_peak=132358144
1791525463 10-mixed-a c57da0553da1 hwm_kb=136388 rss_kb=106532 cgroup_peak=132358144
1791525464 10-mixed-a c57da0553da1 hwm_kb=136388 rss_kb=129956 cgroup_peak=132358144
1791525464 10-mixed-a c57da0553da1 hwm_kb=136388 rss_kb=121076 cgroup_peak=132358144
1791525465 10-mixed-a c57da0553da1 hwm_kb=136388 rss_kb=109460 cgroup_peak=132358144
1791525466 10-mixed-a c57da0553da1 hwm_kb=136388 rss_kb=116500 cgroup_peak=132358144
1791525466 10-mixed-a c57da0553da1 hwm_kb=136388 rss_kb=119620 cgroup_peak=132358144
1791525467 10-mixed-a c57da0553da1 hwm_kb=136388 rss_kb=124076 cgroup_peak=132358144
1791525467 10-mixed-a c57da0553da1 hwm_kb=136388 rss_kb=131984 cgroup_peak=132358144
1791525468 10-mixed-a c57da0553da1 hwm_kb=136388 rss_kb=111328 cgroup_peak=132358144
1791525468 10-mixed-a c57da0553da1 hwm_kb=136388 rss_kb=114228 cgroup_peak=132358144
1791525469 10-mixed-a c57da0553da1 hwm_kb=136388 rss_kb=115268 cgroup_peak=132358144
1791525469 10-mixed-a c57da0553da1 hwm_kb=136388 rss_kb=111276 cgroup_peak=132358144
1791525470 10-mixed-a c57da0553da1 hwm_kb=136388 rss_kb=117336 cgroup_peak=132358144
1791525470 10-mixed-a c57da0553da1 hwm_kb=136388 rss_kb=116672 cgroup_peak=132358144
1791525471 10-mixed-a c57da0553da1 hwm_kb=136388 rss_kb=113704 cgroup_peak=132358144
1791525471 10-mixed-a c57da0553da1 hwm_kb=136388 rss_kb=117800 cgroup_peak=132358144
1791525472 10-mixed-a c57da0553da1 hwm_kb=136388 rss_kb=119276 cgroup_peak=132358144
1791525472 10-mixed-a c57da0553da1 hwm_kb=136388 rss_kb=119800 cgroup_peak=132358144
1791525473 10-mixed-a c57da0553da1 hwm_kb=136388 rss_kb=120444 cgroup_peak=132358144
1791525473 10-mixed-a c57da0553da1 hwm_kb=136388 rss_kb=120020 cgroup_peak=132358144
1791525474 10-mixed-a c57da0553da1 hwm_kb=136388 rss_kb=122176 cgroup_peak=132358144
1791525474 10-mixed-a c57da0553da1 hwm_kb=136388 rss_kb=111248 cgroup_peak=132358144
1791525475 10-mixed-a c57da0553da1 hwm_kb=136388 rss_kb=117776 cgroup_peak=132358144
1791525476 10-mixed-a c57da0553da1 hwm_kb=136388 rss_kb=120460 cgroup_peak=132358144
1791525476 10-mixed-a c57da0553da1 hwm_kb=136388 rss_kb=118000 cgroup_peak=132358144
1791525477 10-mixed-a c57da0553da1 hwm_kb=136388 rss_kb=122552 cgroup_peak=132358144
1791525477 10-mixed-a c57da0553da1 hwm_kb=136388 rss_kb=119056 cgroup_peak=132358144
1791525478 10-mixed-a c57da0553da1 hwm_kb=136388 rss_kb=104384 cgroup_peak=132358144
1791525478 10-mixed-a c57da0553da1 hwm_kb=136388 rss_kb=112572 cgroup_peak=132358144
1791525479 10-mixed-a c57da0553da1 hwm_kb=136388 rss_kb=109884 cgroup_peak=132358144
1791525479 10-mixed-a c57da0553da1 hwm_kb=136388 rss_kb=104432 cgroup_peak=132358144
1791525480 10-mixed-a c57da0553da1 hwm_kb=136388 rss_kb=118072 cgroup_peak=132358144
1791525480 10-mixed-a c57da0553da1 hwm_kb=136388 rss_kb=120492 cgroup_peak=132358144
1791525481 10-mixed-a c57da0553da1 hwm_kb=136388 rss_kb=115120 cgroup_peak=132358144
1791525481 10-mixed-a c57da0553da1 hwm_kb=136388 rss_kb=114792 cgroup_peak=132358144
1791525482 10-mixed-a c57da0553da1 hwm_kb=136388 rss_kb=103820 cgroup_peak=132358144
1791525482 10-mixed-a c57da0553da1 hwm_kb=136388 rss_kb=107784 cgroup_peak=132358144
1791525483 10-mixed-a c57da0553da1 hwm_kb=136388 rss_kb=118216 cgroup_peak=132358144
1791525483 10-mixed-a c57da0553da1 hwm_kb=136388 rss_kb=129380 cgroup_peak=132358144
1791525484 10-mixed-a c57da0553da1 hwm_kb=136388 rss_kb=116704 cgroup_peak=132358144
1791525485 10-mixed-a c57da0553da1 hwm_kb=136388 rss_kb=119620 cgroup_peak=132358144
1791525485 10-mixed-a c57da0553da1 hwm_kb=136388 rss_kb=114744 cgroup_peak=132358144
1791525486 10-mixed-a c57da0553da1 hwm_kb=136388 rss_kb=112988 cgroup_peak=132358144
1791525486 10-mixed-a c57da0553da1 hwm_kb=136388 rss_kb=102628 cgroup_peak=132358144
1791525487 10-mixed-a c57da0553da1 hwm_kb=136388 rss_kb=117988 cgroup_peak=132358144
1791525490 11-mixed-a ec257964010e hwm_kb=31984 rss_kb=31984 cgroup_peak=15626240
1791525490 11-mixed-a ec257964010e hwm_kb=32376 rss_kb=32376 cgroup_peak=19595264
1791525491 11-mixed-a ec257964010e hwm_kb=32376 rss_kb=32376 cgroup_peak=19595264
1791525491 11-mixed-a ec257964010e hwm_kb=32376 rss_kb=32376 cgroup_peak=19595264
1791525492 11-mixed-a ec257964010e hwm_kb=32376 rss_kb=32376 cgroup_peak=19595264
1791525492 11-mixed-a ec257964010e hwm_kb=32376 rss_kb=32376 cgroup_peak=19595264
1791525493 11-mixed-a ec257964010e hwm_kb=32700 rss_kb=32700 cgroup_peak=19595264
1791525493 11-mixed-a ec257964010e hwm_kb=52992 rss_kb=53128 cgroup_peak=37416960
1791525494 11-mixed-a ec257964010e hwm_kb=61396 rss_kb=54736 cgroup_peak=49508352
1791525494 11-mixed-a ec257964010e hwm_kb=66064 rss_kb=61264 cgroup_peak=53600256
1791525495 11-mixed-a ec257964010e hwm_kb=78100 rss_kb=72120 cgroup_peak=66162688
1791525495 11-mixed-a ec257964010e hwm_kb=98652 rss_kb=84396 cgroup_peak=87326720
1791525496 11-mixed-a ec257964010e hwm_kb=105136 rss_kb=84648 cgroup_peak=96018432
1791525496 11-mixed-a ec257964010e hwm_kb=112080 rss_kb=114172 cgroup_peak=103849984
1791525497 11-mixed-a ec257964010e hwm_kb=121192 rss_kb=118828 cgroup_peak=113008640
1791525497 11-mixed-a ec257964010e hwm_kb=129896 rss_kb=113896 cgroup_peak=122699776
1791525498 11-mixed-a ec257964010e hwm_kb=134660 rss_kb=105772 cgroup_peak=127406080
1791525498 11-mixed-a ec257964010e hwm_kb=134660 rss_kb=124992 cgroup_peak=127406080
1791525499 11-mixed-a ec257964010e hwm_kb=134660 rss_kb=108968 cgroup_peak=127406080
1791525500 11-mixed-a ec257964010e hwm_kb=134660 rss_kb=118644 cgroup_peak=127406080
1791525500 11-mixed-a ec257964010e hwm_kb=134828 rss_kb=98580 cgroup_peak=127492096
1791525501 11-mixed-a ec257964010e hwm_kb=134828 rss_kb=111772 cgroup_peak=127492096
1791525501 11-mixed-a ec257964010e hwm_kb=137000 rss_kb=125032 cgroup_peak=128860160
1791525502 11-mixed-a ec257964010e hwm_kb=137000 rss_kb=122192 cgroup_peak=128860160
1791525502 11-mixed-a ec257964010e hwm_kb=137000 rss_kb=133068 cgroup_peak=128860160
1791525503 11-mixed-a ec257964010e hwm_kb=139456 rss_kb=98588 cgroup_peak=132083712
1791525503 11-mixed-a ec257964010e hwm_kb=139456 rss_kb=110048 cgroup_peak=132083712
1791525504 11-mixed-a ec257964010e hwm_kb=139456 rss_kb=100404 cgroup_peak=132083712
1791525504 11-mixed-a ec257964010e hwm_kb=139456 rss_kb=105304 cgroup_peak=132083712
1791525505 11-mixed-a ec257964010e hwm_kb=139456 rss_kb=101876 cgroup_peak=132083712
1791525505 11-mixed-a ec257964010e hwm_kb=139456 rss_kb=122144 cgroup_peak=132083712
1791525506 11-mixed-a ec257964010e hwm_kb=139456 rss_kb=120400 cgroup_peak=132083712
1791525506 11-mixed-a ec257964010e hwm_kb=139456 rss_kb=103488 cgroup_peak=132083712
1791525507 11-mixed-a ec257964010e hwm_kb=139456 rss_kb=109420 cgroup_peak=132083712
1791525507 11-mixed-a ec257964010e hwm_kb=139456 rss_kb=98416 cgroup_peak=132083712
1791525508 11-mixed-a ec257964010e hwm_kb=139456 rss_kb=126296 cgroup_peak=132083712
1791525508 11-mixed-a ec257964010e hwm_kb=139456 rss_kb=129748 cgroup_peak=132083712
1791525509 11-mixed-a ec257964010e hwm_kb=139456 rss_kb=107800 cgroup_peak=132083712
1791525510 11-mixed-a ec257964010e hwm_kb=139456 rss_kb=129860 cgroup_peak=132083712
1791525510 11-mixed-a ec257964010e hwm_kb=139456 rss_kb=117628 cgroup_peak=132083712
1791525511 11-mixed-a ec257964010e hwm_kb=139456 rss_kb=132244 cgroup_peak=132083712
1791525511 11-mixed-a ec257964010e hwm_kb=139456 rss_kb=106672 cgroup_peak=132083712
1791525512 11-mixed-a ec257964010e hwm_kb=139456 rss_kb=116720 cgroup_peak=132083712
1791525512 11-mixed-a ec257964010e hwm_kb=139456 rss_kb=98436 cgroup_peak=132083712
1791525513 11-mixed-a ec257964010e hwm_kb=139456 rss_kb=123232 cgroup_peak=132083712
1791525513 11-mixed-a ec257964010e hwm_kb=139456 rss_kb=117092 cgroup_peak=132083712
1791525514 11-mixed-a ec257964010e hwm_kb=139456 rss_kb=113504 cgroup_peak=132083712
1791525514 11-mixed-a ec257964010e hwm_kb=139456 rss_kb=115972 cgroup_peak=132083712
1791525515 11-mixed-a ec257964010e hwm_kb=139456 rss_kb=116992 cgroup_peak=132083712
1791525515 11-mixed-a ec257964010e hwm_kb=139456 rss_kb=119776 cgroup_peak=132083712
1791525516 11-mixed-a ec257964010e hwm_kb=139456 rss_kb=120044 cgroup_peak=132083712
1791525516 11-mixed-a ec257964010e hwm_kb=139456 rss_kb=119992 cgroup_peak=132083712
1791525517 11-mixed-a ec257964010e hwm_kb=139456 rss_kb=123048 cgroup_peak=132083712
1791525517 11-mixed-a ec257964010e hwm_kb=139456 rss_kb=109004 cgroup_peak=132083712
1791525518 11-mixed-a ec257964010e hwm_kb=139456 rss_kb=120296 cgroup_peak=132083712
1791525519 11-mixed-a ec257964010e hwm_kb=139456 rss_kb=110148 cgroup_peak=132083712
1791525519 11-mixed-a ec257964010e hwm_kb=139456 rss_kb=119580 cgroup_peak=132083712
1791525520 11-mixed-a ec257964010e hwm_kb=139456 rss_kb=120844 cgroup_peak=132083712
1791525520 11-mixed-a ec257964010e hwm_kb=139456 rss_kb=123612 cgroup_peak=132083712
1791525521 11-mixed-a ec257964010e hwm_kb=139456 rss_kb=126192 cgroup_peak=132083712
1791525521 11-mixed-a ec257964010e hwm_kb=139456 rss_kb=120864 cgroup_peak=132083712
1791525522 11-mixed-a ec257964010e hwm_kb=139456 rss_kb=119864 cgroup_peak=132083712
1791525522 11-mixed-a ec257964010e hwm_kb=139456 rss_kb=111552 cgroup_peak=132083712
1791525523 11-mixed-a ec257964010e hwm_kb=139456 rss_kb=122520 cgroup_peak=132083712
1791525523 11-mixed-a ec257964010e hwm_kb=139456 rss_kb=107312 cgroup_peak=132083712
1791525524 11-mixed-a ec257964010e hwm_kb=139456 rss_kb=109512 cgroup_peak=132083712
1791525524 11-mixed-a ec257964010e hwm_kb=139456 rss_kb=111464 cgroup_peak=132083712
1791525525 11-mixed-a ec257964010e hwm_kb=139456 rss_kb=112820 cgroup_peak=132083712
1791525525 11-mixed-a ec257964010e hwm_kb=139456 rss_kb=117172 cgroup_peak=132083712
1791525526 11-mixed-a ec257964010e hwm_kb=139456 rss_kb=122220 cgroup_peak=132083712
1791525526 11-mixed-a ec257964010e hwm_kb=139456 rss_kb=120348 cgroup_peak=132083712
1791525527 11-mixed-a ec257964010e hwm_kb=139456 rss_kb=114448 cgroup_peak=132083712
1791525528 11-mixed-a ec257964010e hwm_kb=139456 rss_kb=101744 cgroup_peak=132083712
1791525528 11-mixed-a ec257964010e hwm_kb=139456 rss_kb=113084 cgroup_peak=132083712
1791525529 11-mixed-a ec257964010e hwm_kb=139456 rss_kb=118664 cgroup_peak=132083712
1791525529 11-mixed-a ec257964010e hwm_kb=139456 rss_kb=117644 cgroup_peak=132083712
1791525530 11-mixed-a ec257964010e hwm_kb=139456 rss_kb=115920 cgroup_peak=132083712
1791525530 11-mixed-a ec257964010e hwm_kb=139456 rss_kb=129552 cgroup_peak=132083712
1791525531 11-mixed-a ec257964010e hwm_kb=139456 rss_kb=113372 cgroup_peak=132083712
1791525531 11-mixed-a ec257964010e hwm_kb=139456 rss_kb=111620 cgroup_peak=132083712
1791525532 11-mixed-a ec257964010e hwm_kb=139456 rss_kb=110376 cgroup_peak=132083712
1791525532 11-mixed-a ec257964010e hwm_kb=139456 rss_kb=116616 cgroup_peak=132083712
1791525533 11-mixed-a ec257964010e hwm_kb=139456 rss_kb=116576 cgroup_peak=132083712
1791525535 11-mixed-a 6a0df1d6af1a hwm_kb=33600 rss_kb=33600 cgroup_peak=23035904
1791525535 11-mixed-a 6a0df1d6af1a hwm_kb=33600 rss_kb=33600 cgroup_peak=23035904
1791525536 11-mixed-a 6a0df1d6af1a hwm_kb=33600 rss_kb=33600 cgroup_peak=23035904
1791525536 11-mixed-a 6a0df1d6af1a hwm_kb=33600 rss_kb=33600 cgroup_peak=23035904
1791525537 11-mixed-a 6a0df1d6af1a hwm_kb=33600 rss_kb=33600 cgroup_peak=23035904
1791525538 11-mixed-a 6a0df1d6af1a hwm_kb=33892 rss_kb=33892 cgroup_peak=23035904
1791525538 11-mixed-a 6a0df1d6af1a hwm_kb=57152 rss_kb=57324 cgroup_peak=45019136
1791525539 11-mixed-a 6a0df1d6af1a hwm_kb=59264 rss_kb=52148 cgroup_peak=49139712
1791525539 11-mixed-a 6a0df1d6af1a hwm_kb=65356 rss_kb=64328 cgroup_peak=56045568
1791525540 11-mixed-a 6a0df1d6af1a hwm_kb=76076 rss_kb=76076 cgroup_peak=66744320
1791525540 11-mixed-a 6a0df1d6af1a hwm_kb=97468 rss_kb=78248 cgroup_peak=89526272
1791525541 11-mixed-a 6a0df1d6af1a hwm_kb=103084 rss_kb=102280 cgroup_peak=96272384
1791525541 11-mixed-a 6a0df1d6af1a hwm_kb=110792 rss_kb=109192 cgroup_peak=104341504
1791525542 11-mixed-a 6a0df1d6af1a hwm_kb=121672 rss_kb=108000 cgroup_peak=115666944
1791525542 11-mixed-a 6a0df1d6af1a hwm_kb=132168 rss_kb=132168 cgroup_peak=125939712
1791525543 11-mixed-a 6a0df1d6af1a hwm_kb=131856 rss_kb=110596 cgroup_peak=125939712
1791525543 11-mixed-a 6a0df1d6af1a hwm_kb=131856 rss_kb=125912 cgroup_peak=125939712
1791525544 11-mixed-a 6a0df1d6af1a hwm_kb=143640 rss_kb=119724 cgroup_peak=139239424
1791525545 11-mixed-a 6a0df1d6af1a hwm_kb=143640 rss_kb=114052 cgroup_peak=139239424
1791525545 11-mixed-a 6a0df1d6af1a hwm_kb=147964 rss_kb=129612 cgroup_peak=143900672
1791525546 11-mixed-a 6a0df1d6af1a hwm_kb=147964 rss_kb=147480 cgroup_peak=143900672
1791525547 11-mixed-a 6a0df1d6af1a hwm_kb=151584 rss_kb=121576 cgroup_peak=147378176
1791525547 11-mixed-a 6a0df1d6af1a hwm_kb=151584 rss_kb=116208 cgroup_peak=147378176
1791525548 11-mixed-a 6a0df1d6af1a hwm_kb=151584 rss_kb=111884 cgroup_peak=147378176
1791525548 11-mixed-a 6a0df1d6af1a hwm_kb=151584 rss_kb=115956 cgroup_peak=147378176
1791525549 11-mixed-a 6a0df1d6af1a hwm_kb=151584 rss_kb=122048 cgroup_peak=147378176
1791525550 11-mixed-a 6a0df1d6af1a hwm_kb=151584 rss_kb=112680 cgroup_peak=147378176
1791525550 11-mixed-a 6a0df1d6af1a hwm_kb=151584 rss_kb=125448 cgroup_peak=147378176
1791525551 11-mixed-a 6a0df1d6af1a hwm_kb=152764 rss_kb=148388 cgroup_peak=148127744
1791525552 11-mixed-a 6a0df1d6af1a hwm_kb=152764 rss_kb=122728 cgroup_peak=148127744
1791525552 11-mixed-a 6a0df1d6af1a hwm_kb=152764 rss_kb=132812 cgroup_peak=148127744
1791525553 11-mixed-a 6a0df1d6af1a hwm_kb=152764 rss_kb=127724 cgroup_peak=148127744
1791525553 11-mixed-a 6a0df1d6af1a hwm_kb=152764 rss_kb=134260 cgroup_peak=148127744
1791525554 11-mixed-a 6a0df1d6af1a hwm_kb=152764 rss_kb=136264 cgroup_peak=148127744
1791525555 11-mixed-a 6a0df1d6af1a hwm_kb=152764 rss_kb=135356 cgroup_peak=148127744
1791525555 11-mixed-a 6a0df1d6af1a hwm_kb=152764 rss_kb=138364 cgroup_peak=148127744
1791525556 11-mixed-a 6a0df1d6af1a hwm_kb=152764 rss_kb=126260 cgroup_peak=148127744
1791525557 11-mixed-a 6a0df1d6af1a hwm_kb=152764 rss_kb=135164 cgroup_peak=148127744
1791525557 11-mixed-a 6a0df1d6af1a hwm_kb=152764 rss_kb=138260 cgroup_peak=148127744
1791525558 11-mixed-a 6a0df1d6af1a hwm_kb=152764 rss_kb=130400 cgroup_peak=148127744
1791525559 11-mixed-a 6a0df1d6af1a hwm_kb=152764 rss_kb=105104 cgroup_peak=148127744
1791525559 11-mixed-a 6a0df1d6af1a hwm_kb=152764 rss_kb=108340 cgroup_peak=148127744
1791525560 11-mixed-a 6a0df1d6af1a hwm_kb=152764 rss_kb=109112 cgroup_peak=148127744
1791525560 11-mixed-a 6a0df1d6af1a hwm_kb=152764 rss_kb=113480 cgroup_peak=148127744
1791525561 11-mixed-a 6a0df1d6af1a hwm_kb=152764 rss_kb=108688 cgroup_peak=148127744
1791525561 11-mixed-a 6a0df1d6af1a hwm_kb=152764 rss_kb=116548 cgroup_peak=148127744
1791525562 11-mixed-a 6a0df1d6af1a hwm_kb=152764 rss_kb=119376 cgroup_peak=148127744
1791525562 11-mixed-a 6a0df1d6af1a hwm_kb=152764 rss_kb=114396 cgroup_peak=148127744
1791525563 11-mixed-a 6a0df1d6af1a hwm_kb=152764 rss_kb=117340 cgroup_peak=148127744
1791525563 11-mixed-a 6a0df1d6af1a hwm_kb=152764 rss_kb=120504 cgroup_peak=148127744
1791525564 11-mixed-a 6a0df1d6af1a hwm_kb=152764 rss_kb=118268 cgroup_peak=148127744
1791525564 11-mixed-a 6a0df1d6af1a hwm_kb=152764 rss_kb=112540 cgroup_peak=148127744
1791525565 11-mixed-a 6a0df1d6af1a hwm_kb=152764 rss_kb=116332 cgroup_peak=148127744
1791525566 11-mixed-a 6a0df1d6af1a hwm_kb=152764 rss_kb=117152 cgroup_peak=148127744
1791525566 11-mixed-a 6a0df1d6af1a hwm_kb=152764 rss_kb=117940 cgroup_peak=148127744
1791525567 11-mixed-a 6a0df1d6af1a hwm_kb=152764 rss_kb=117776 cgroup_peak=148127744
1791525567 11-mixed-a 6a0df1d6af1a hwm_kb=152764 rss_kb=118792 cgroup_peak=148127744
1791525568 11-mixed-a 6a0df1d6af1a hwm_kb=152764 rss_kb=121664 cgroup_peak=148127744
1791525568 11-mixed-a 6a0df1d6af1a hwm_kb=152764 rss_kb=112296 cgroup_peak=148127744
1791525569 11-mixed-a 6a0df1d6af1a hwm_kb=152764 rss_kb=125268 cgroup_peak=148127744
1791525569 11-mixed-a 6a0df1d6af1a hwm_kb=152764 rss_kb=105972 cgroup_peak=148127744
1791525570 11-mixed-a 6a0df1d6af1a hwm_kb=152764 rss_kb=109288 cgroup_peak=148127744
1791525570 11-mixed-a 6a0df1d6af1a hwm_kb=152764 rss_kb=110932 cgroup_peak=148127744
1791525571 11-mixed-a 6a0df1d6af1a hwm_kb=152764 rss_kb=107124 cgroup_peak=148127744
1791525571 11-mixed-a 6a0df1d6af1a hwm_kb=152764 rss_kb=116696 cgroup_peak=148127744
1791525572 11-mixed-a 6a0df1d6af1a hwm_kb=152764 rss_kb=113264 cgroup_peak=148127744
1791525572 11-mixed-a 6a0df1d6af1a hwm_kb=152764 rss_kb=110572 cgroup_peak=148127744
1791525573 11-mixed-a 6a0df1d6af1a hwm_kb=152764 rss_kb=109672 cgroup_peak=148127744
1791525573 11-mixed-a 6a0df1d6af1a hwm_kb=152764 rss_kb=106508 cgroup_peak=148127744
1791525574 11-mixed-a 6a0df1d6af1a hwm_kb=152764 rss_kb=114440 cgroup_peak=148127744
1791525575 11-mixed-a 6a0df1d6af1a hwm_kb=152764 rss_kb=111688 cgroup_peak=148127744
1791525575 11-mixed-a 6a0df1d6af1a hwm_kb=152764 rss_kb=108472 cgroup_peak=148127744
1791525576 11-mixed-a 6a0df1d6af1a hwm_kb=152764 rss_kb=119956 cgroup_peak=148127744
1791525576 11-mixed-a 6a0df1d6af1a hwm_kb=152764 rss_kb=109928 cgroup_peak=148127744
1791525577 11-mixed-a 6a0df1d6af1a hwm_kb=152764 rss_kb=105716 cgroup_peak=148127744
1791525577 11-mixed-a 6a0df1d6af1a hwm_kb=152764 rss_kb=118012 cgroup_peak=148127744
1791525578 11-mixed-a 6a0df1d6af1a hwm_kb=152764 rss_kb=112648 cgroup_peak=148127744
1791525578 11-mixed-a 6a0df1d6af1a hwm_kb=152764 rss_kb=113288 cgroup_peak=148127744
1791525580 12-mixed-main 4e69bccf6240 hwm_kb=33592 rss_kb=33592 cgroup_peak=20492288
1791525581 12-mixed-main 4e69bccf6240 hwm_kb=33592 rss_kb=33592 cgroup_peak=20492288
1791525581 12-mixed-main 4e69bccf6240 hwm_kb=33592 rss_kb=33592 cgroup_peak=20492288
1791525582 12-mixed-main 4e69bccf6240 hwm_kb=33592 rss_kb=33592 cgroup_peak=20492288
1791525583 12-mixed-main 4e69bccf6240 hwm_kb=33592 rss_kb=33592 cgroup_peak=20492288
1791525583 12-mixed-main 4e69bccf6240 hwm_kb=33592 rss_kb=33592 cgroup_peak=20492288
1791525584 12-mixed-main 4e69bccf6240 hwm_kb=37656 rss_kb=37656 cgroup_peak=20492288
1791525584 12-mixed-main 4e69bccf6240 hwm_kb=60828 rss_kb=60948 cgroup_peak=50143232
1791525585 12-mixed-main 4e69bccf6240 hwm_kb=64792 rss_kb=63448 cgroup_peak=53772288
1791525585 12-mixed-main 4e69bccf6240 hwm_kb=73108 rss_kb=67268 cgroup_peak=62988288
1791525586 12-mixed-main 4e69bccf6240 hwm_kb=83316 rss_kb=83360 cgroup_peak=74203136
1791525586 12-mixed-main 4e69bccf6240 hwm_kb=104004 rss_kb=88732 cgroup_peak=99631104
1791525587 12-mixed-main 4e69bccf6240 hwm_kb=108900 rss_kb=87628 cgroup_peak=105713664
1791525587 12-mixed-main 4e69bccf6240 hwm_kb=118604 rss_kb=115908 cgroup_peak=115208192
1791525588 12-mixed-main 4e69bccf6240 hwm_kb=126936 rss_kb=126936 cgroup_peak=123781120
1791525588 12-mixed-main 4e69bccf6240 hwm_kb=128204 rss_kb=108616 cgroup_peak=125820928
1791525589 12-mixed-main 4e69bccf6240 hwm_kb=128204 rss_kb=101872 cgroup_peak=125820928
1791525589 12-mixed-main 4e69bccf6240 hwm_kb=128204 rss_kb=127352 cgroup_peak=125820928
1791525590 12-mixed-main 4e69bccf6240 hwm_kb=133556 rss_kb=131840 cgroup_peak=132153344
1791525591 12-mixed-main 4e69bccf6240 hwm_kb=137996 rss_kb=127212 cgroup_peak=136712192
1791525591 12-mixed-main 4e69bccf6240 hwm_kb=140876 rss_kb=126144 cgroup_peak=139620352
1791525592 12-mixed-main 4e69bccf6240 hwm_kb=147692 rss_kb=147692 cgroup_peak=146214912
1791525592 12-mixed-main 4e69bccf6240 hwm_kb=147108 rss_kb=126756 cgroup_peak=146214912
1791525593 12-mixed-main 4e69bccf6240 hwm_kb=147108 rss_kb=143008 cgroup_peak=146214912
1791525594 12-mixed-main 4e69bccf6240 hwm_kb=149932 rss_kb=127852 cgroup_peak=148758528
1791525594 12-mixed-main 4e69bccf6240 hwm_kb=149932 rss_kb=125964 cgroup_peak=148758528
1791525595 12-mixed-main 4e69bccf6240 hwm_kb=149932 rss_kb=117824 cgroup_peak=148758528
1791525595 12-mixed-main 4e69bccf6240 hwm_kb=149932 rss_kb=116340 cgroup_peak=148758528
1791525596 12-mixed-main 4e69bccf6240 hwm_kb=149932 rss_kb=128812 cgroup_peak=148758528
1791525597 12-mixed-main 4e69bccf6240 hwm_kb=149932 rss_kb=126972 cgroup_peak=148758528
1791525597 12-mixed-main 4e69bccf6240 hwm_kb=149932 rss_kb=134400 cgroup_peak=148758528
1791525598 12-mixed-main 4e69bccf6240 hwm_kb=149932 rss_kb=136192 cgroup_peak=148758528
1791525599 12-mixed-main 4e69bccf6240 hwm_kb=155448 rss_kb=104496 cgroup_peak=151703552
1791525599 12-mixed-main 4e69bccf6240 hwm_kb=155448 rss_kb=145044 cgroup_peak=151703552
1791525600 12-mixed-main 4e69bccf6240 hwm_kb=155448 rss_kb=118960 cgroup_peak=151703552
1791525601 12-mixed-main 4e69bccf6240 hwm_kb=155448 rss_kb=119440 cgroup_peak=151703552
1791525601 12-mixed-main 4e69bccf6240 hwm_kb=155448 rss_kb=116816 cgroup_peak=151703552
1791525602 12-mixed-main 4e69bccf6240 hwm_kb=155448 rss_kb=142264 cgroup_peak=151703552
1791525603 12-mixed-main 4e69bccf6240 hwm_kb=155448 rss_kb=138136 cgroup_peak=151703552
1791525603 12-mixed-main 4e69bccf6240 hwm_kb=155448 rss_kb=136708 cgroup_peak=151703552
1791525604 12-mixed-main 4e69bccf6240 hwm_kb=155448 rss_kb=125172 cgroup_peak=151703552
1791525604 12-mixed-main 4e69bccf6240 hwm_kb=155448 rss_kb=111972 cgroup_peak=151703552
1791525605 12-mixed-main 4e69bccf6240 hwm_kb=155448 rss_kb=116380 cgroup_peak=151703552
1791525606 12-mixed-main 4e69bccf6240 hwm_kb=155448 rss_kb=116988 cgroup_peak=151703552
1791525606 12-mixed-main 4e69bccf6240 hwm_kb=155448 rss_kb=116760 cgroup_peak=151703552
1791525607 12-mixed-main 4e69bccf6240 hwm_kb=155448 rss_kb=119588 cgroup_peak=151703552
1791525608 12-mixed-main 4e69bccf6240 hwm_kb=155448 rss_kb=121936 cgroup_peak=151703552
1791525608 12-mixed-main 4e69bccf6240 hwm_kb=155448 rss_kb=116636 cgroup_peak=151703552
1791525609 12-mixed-main 4e69bccf6240 hwm_kb=155448 rss_kb=117660 cgroup_peak=151703552
1791525609 12-mixed-main 4e69bccf6240 hwm_kb=155448 rss_kb=109928 cgroup_peak=151703552
1791525610 12-mixed-main 4e69bccf6240 hwm_kb=155448 rss_kb=114232 cgroup_peak=151703552
1791525610 12-mixed-main 4e69bccf6240 hwm_kb=155448 rss_kb=122200 cgroup_peak=151703552
1791525611 12-mixed-main 4e69bccf6240 hwm_kb=155448 rss_kb=115380 cgroup_peak=151703552
1791525611 12-mixed-main 4e69bccf6240 hwm_kb=155448 rss_kb=117144 cgroup_peak=151703552
1791525612 12-mixed-main 4e69bccf6240 hwm_kb=155448 rss_kb=120896 cgroup_peak=151703552
1791525613 12-mixed-main 4e69bccf6240 hwm_kb=155448 rss_kb=124996 cgroup_peak=151703552
1791525613 12-mixed-main 4e69bccf6240 hwm_kb=155448 rss_kb=121596 cgroup_peak=151703552
1791525614 12-mixed-main 4e69bccf6240 hwm_kb=155448 rss_kb=118176 cgroup_peak=151703552
1791525614 12-mixed-main 4e69bccf6240 hwm_kb=155448 rss_kb=121248 cgroup_peak=151703552
1791525615 12-mixed-main 4e69bccf6240 hwm_kb=155448 rss_kb=120684 cgroup_peak=151703552
1791525615 12-mixed-main 4e69bccf6240 hwm_kb=155448 rss_kb=115896 cgroup_peak=151703552
1791525616 12-mixed-main 4e69bccf6240 hwm_kb=155448 rss_kb=119580 cgroup_peak=151703552
1791525616 12-mixed-main 4e69bccf6240 hwm_kb=155448 rss_kb=109600 cgroup_peak=151703552
1791525617 12-mixed-main 4e69bccf6240 hwm_kb=155448 rss_kb=107864 cgroup_peak=151703552
1791525617 12-mixed-main 4e69bccf6240 hwm_kb=155448 rss_kb=110008 cgroup_peak=151703552
1791525618 12-mixed-main 4e69bccf6240 hwm_kb=155448 rss_kb=124332 cgroup_peak=151703552
1791525619 12-mixed-main 4e69bccf6240 hwm_kb=155448 rss_kb=120800 cgroup_peak=151703552
1791525619 12-mixed-main 4e69bccf6240 hwm_kb=155448 rss_kb=118532 cgroup_peak=151703552
1791525620 12-mixed-main 4e69bccf6240 hwm_kb=155448 rss_kb=112288 cgroup_peak=151703552
1791525620 12-mixed-main 4e69bccf6240 hwm_kb=155448 rss_kb=122860 cgroup_peak=151703552
1791525621 12-mixed-main 4e69bccf6240 hwm_kb=155448 rss_kb=130240 cgroup_peak=151703552
1791525622 12-mixed-main 4e69bccf6240 hwm_kb=155448 rss_kb=120384 cgroup_peak=151703552
1791525622 12-mixed-main 4e69bccf6240 hwm_kb=155448 rss_kb=133668 cgroup_peak=151703552
1791525623 12-mixed-main 4e69bccf6240 hwm_kb=155448 rss_kb=119204 cgroup_peak=151703552
1791525623 12-mixed-main 4e69bccf6240 hwm_kb=155448 rss_kb=109416 cgroup_peak=151703552
1791525624 12-mixed-main 4e69bccf6240 hwm_kb=155448 rss_kb=109160 cgroup_peak=151703552
1791525626 12-mixed-main 866b1abfb0f1 hwm_kb=32772 rss_kb=32772 cgroup_peak=19357696
1791525626 12-mixed-main 866b1abfb0f1 hwm_kb=32772 rss_kb=32772 cgroup_peak=19357696
1791525627 12-mixed-main 866b1abfb0f1 hwm_kb=32772 rss_kb=32772 cgroup_peak=19357696
1791525627 12-mixed-main 866b1abfb0f1 hwm_kb=32772 rss_kb=32772 cgroup_peak=19357696
1791525628 12-mixed-main 866b1abfb0f1 hwm_kb=32772 rss_kb=32772 cgroup_peak=19357696
1791525629 12-mixed-main 866b1abfb0f1 hwm_kb=32772 rss_kb=32772 cgroup_peak=19357696
1791525629 12-mixed-main 866b1abfb0f1 hwm_kb=49704 rss_kb=43484 cgroup_peak=33931264
1791525630 12-mixed-main 866b1abfb0f1 hwm_kb=56452 rss_kb=51568 cgroup_peak=40910848
1791525630 12-mixed-main 866b1abfb0f1 hwm_kb=64492 rss_kb=64812 cgroup_peak=49311744
1791525631 12-mixed-main 866b1abfb0f1 hwm_kb=75336 rss_kb=75336 cgroup_peak=62672896
1791525631 12-mixed-main 866b1abfb0f1 hwm_kb=94244 rss_kb=74940 cgroup_peak=84045824
1791525632 12-mixed-main 866b1abfb0f1 hwm_kb=104924 rss_kb=100924 cgroup_peak=94670848
1791525632 12-mixed-main 866b1abfb0f1 hwm_kb=109804 rss_kb=97884 cgroup_peak=100610048
1791525633 12-mixed-main 866b1abfb0f1 hwm_kb=115856 rss_kb=97984 cgroup_peak=107065344
1791525633 12-mixed-main 866b1abfb0f1 hwm_kb=122800 rss_kb=122240 cgroup_peak=114999296
1791525634 12-mixed-main 866b1abfb0f1 hwm_kb=140524 rss_kb=115840 cgroup_peak=132259840
1791525634 12-mixed-main 866b1abfb0f1 hwm_kb=140524 rss_kb=122508 cgroup_peak=132259840
1791525635 12-mixed-main 866b1abfb0f1 hwm_kb=140524 rss_kb=94376 cgroup_peak=132259840
1791525635 12-mixed-main 866b1abfb0f1 hwm_kb=140524 rss_kb=120396 cgroup_peak=132259840
1791525636 12-mixed-main 866b1abfb0f1 hwm_kb=140524 rss_kb=134532 cgroup_peak=132259840
1791525637 12-mixed-main 866b1abfb0f1 hwm_kb=140524 rss_kb=106152 cgroup_peak=132259840
1791525637 12-mixed-main 866b1abfb0f1 hwm_kb=140524 rss_kb=117008 cgroup_peak=132259840
1791525638 12-mixed-main 866b1abfb0f1 hwm_kb=140524 rss_kb=116604 cgroup_peak=132259840
1791525638 12-mixed-main 866b1abfb0f1 hwm_kb=140524 rss_kb=125576 cgroup_peak=132259840
1791525639 12-mixed-main 866b1abfb0f1 hwm_kb=140524 rss_kb=103896 cgroup_peak=132259840
1791525639 12-mixed-main 866b1abfb0f1 hwm_kb=140524 rss_kb=127524 cgroup_peak=132259840
1791525640 12-mixed-main 866b1abfb0f1 hwm_kb=140524 rss_kb=101364 cgroup_peak=132259840
1791525640 12-mixed-main 866b1abfb0f1 hwm_kb=140524 rss_kb=107132 cgroup_peak=132259840
1791525641 12-mixed-main 866b1abfb0f1 hwm_kb=140524 rss_kb=115960 cgroup_peak=132259840
1791525641 12-mixed-main 866b1abfb0f1 hwm_kb=140524 rss_kb=99728 cgroup_peak=132259840
1791525642 12-mixed-main 866b1abfb0f1 hwm_kb=140524 rss_kb=127572 cgroup_peak=132259840
1791525642 12-mixed-main 866b1abfb0f1 hwm_kb=140524 rss_kb=116940 cgroup_peak=132259840
1791525643 12-mixed-main 866b1abfb0f1 hwm_kb=140524 rss_kb=118392 cgroup_peak=132259840
1791525643 12-mixed-main 866b1abfb0f1 hwm_kb=140524 rss_kb=121048 cgroup_peak=132259840
1791525644 12-mixed-main 866b1abfb0f1 hwm_kb=140524 rss_kb=132188 cgroup_peak=132259840
1791525644 12-mixed-main 866b1abfb0f1 hwm_kb=140524 rss_kb=128540 cgroup_peak=132259840
1791525645 12-mixed-main 866b1abfb0f1 hwm_kb=140524 rss_kb=118060 cgroup_peak=132259840
1791525646 12-mixed-main 866b1abfb0f1 hwm_kb=140524 rss_kb=109600 cgroup_peak=132259840
1791525646 12-mixed-main 866b1abfb0f1 hwm_kb=140524 rss_kb=111748 cgroup_peak=132259840
1791525647 12-mixed-main 866b1abfb0f1 hwm_kb=140524 rss_kb=125632 cgroup_peak=132259840
1791525647 12-mixed-main 866b1abfb0f1 hwm_kb=140524 rss_kb=105348 cgroup_peak=132259840
1791525648 12-mixed-main 866b1abfb0f1 hwm_kb=140524 rss_kb=121516 cgroup_peak=132259840
1791525648 12-mixed-main 866b1abfb0f1 hwm_kb=140524 rss_kb=113408 cgroup_peak=132259840
1791525649 12-mixed-main 866b1abfb0f1 hwm_kb=140524 rss_kb=112156 cgroup_peak=132259840
1791525649 12-mixed-main 866b1abfb0f1 hwm_kb=140524 rss_kb=114408 cgroup_peak=132259840
1791525650 12-mixed-main 866b1abfb0f1 hwm_kb=140524 rss_kb=118012 cgroup_peak=132259840
1791525650 12-mixed-main 866b1abfb0f1 hwm_kb=140524 rss_kb=117460 cgroup_peak=132259840
1791525651 12-mixed-main 866b1abfb0f1 hwm_kb=140524 rss_kb=117508 cgroup_peak=132259840
1791525651 12-mixed-main 866b1abfb0f1 hwm_kb=140524 rss_kb=116796 cgroup_peak=132259840
1791525652 12-mixed-main 866b1abfb0f1 hwm_kb=140524 rss_kb=113092 cgroup_peak=132259840
1791525652 12-mixed-main 866b1abfb0f1 hwm_kb=140524 rss_kb=119992 cgroup_peak=132259840
1791525653 12-mixed-main 866b1abfb0f1 hwm_kb=140524 rss_kb=121308 cgroup_peak=132259840
1791525654 12-mixed-main 866b1abfb0f1 hwm_kb=140524 rss_kb=113852 cgroup_peak=132259840
1791525654 12-mixed-main 866b1abfb0f1 hwm_kb=140524 rss_kb=122252 cgroup_peak=132259840
1791525655 12-mixed-main 866b1abfb0f1 hwm_kb=140524 rss_kb=118428 cgroup_peak=132259840
1791525655 12-mixed-main 866b1abfb0f1 hwm_kb=140524 rss_kb=120680 cgroup_peak=132259840
1791525656 12-mixed-main 866b1abfb0f1 hwm_kb=140524 rss_kb=122476 cgroup_peak=132259840
1791525656 12-mixed-main 866b1abfb0f1 hwm_kb=140524 rss_kb=124412 cgroup_peak=132259840
1791525657 12-mixed-main 866b1abfb0f1 hwm_kb=140524 rss_kb=105004 cgroup_peak=132259840
1791525657 12-mixed-main 866b1abfb0f1 hwm_kb=140524 rss_kb=103252 cgroup_peak=132259840
1791525658 12-mixed-main 866b1abfb0f1 hwm_kb=140524 rss_kb=104232 cgroup_peak=132259840
1791525658 12-mixed-main 866b1abfb0f1 hwm_kb=140524 rss_kb=102948 cgroup_peak=132259840
1791525659 12-mixed-main 866b1abfb0f1 hwm_kb=140524 rss_kb=108052 cgroup_peak=132259840
1791525659 12-mixed-main 866b1abfb0f1 hwm_kb=140524 rss_kb=103484 cgroup_peak=132259840
1791525660 12-mixed-main 866b1abfb0f1 hwm_kb=140524 rss_kb=114412 cgroup_peak=132259840
1791525660 12-mixed-main 866b1abfb0f1 hwm_kb=140524 rss_kb=107436 cgroup_peak=132259840
1791525661 12-mixed-main 866b1abfb0f1 hwm_kb=140524 rss_kb=110956 cgroup_peak=132259840
1791525661 12-mixed-main 866b1abfb0f1 hwm_kb=140524 rss_kb=120664 cgroup_peak=132259840
1791525662 12-mixed-main 866b1abfb0f1 hwm_kb=140524 rss_kb=125288 cgroup_peak=132259840
1791525663 12-mixed-main 866b1abfb0f1 hwm_kb=140524 rss_kb=110252 cgroup_peak=132259840
1791525663 12-mixed-main 866b1abfb0f1 hwm_kb=140524 rss_kb=111408 cgroup_peak=132259840
1791525664 12-mixed-main 866b1abfb0f1 hwm_kb=140524 rss_kb=108312 cgroup_peak=132259840
1791525664 12-mixed-main 866b1abfb0f1 hwm_kb=140524 rss_kb=112936 cgroup_peak=132259840
1791525665 12-mixed-main 866b1abfb0f1 hwm_kb=140524 rss_kb=107076 cgroup_peak=132259840
1791525665 12-mixed-main 866b1abfb0f1 hwm_kb=140524 rss_kb=116040 cgroup_peak=132259840
1791525666 12-mixed-main 866b1abfb0f1 hwm_kb=140524 rss_kb=123160 cgroup_peak=132259840
1791525666 12-mixed-main 866b1abfb0f1 hwm_kb=140524 rss_kb=118120 cgroup_peak=132259840
1791525667 12-mixed-main 866b1abfb0f1 hwm_kb=140524 rss_kb=99568 cgroup_peak=132259840
1791525667 12-mixed-main 866b1abfb0f1 hwm_kb=140524 rss_kb=110172 cgroup_peak=132259840
1791525668 12-mixed-main 866b1abfb0f1 hwm_kb=140524 rss_kb=106632 cgroup_peak=132259840
1791525668 12-mixed-main 866b1abfb0f1 hwm_kb=140524 rss_kb=126736 cgroup_peak=132259840
1791525669 12-mixed-main 866b1abfb0f1 hwm_kb=140524 rss_kb=120972 cgroup_peak=132259840
1791525671 13-mixed-main 7e40bf932145 hwm_kb=31024 rss_kb=31024 cgroup_peak=14094336
1791525672 13-mixed-main 7e40bf932145 hwm_kb=31464 rss_kb=31464 cgroup_peak=18169856
1791525672 13-mixed-main 7e40bf932145 hwm_kb=31464 rss_kb=31464 cgroup_peak=18169856
1791525673 13-mixed-main 7e40bf932145 hwm_kb=31464 rss_kb=31464 cgroup_peak=18169856
1791525673 13-mixed-main 7e40bf932145 hwm_kb=31464 rss_kb=31464 cgroup_peak=18169856
1791525674 13-mixed-main 7e40bf932145 hwm_kb=31464 rss_kb=31464 cgroup_peak=18169856
1791525674 13-mixed-main 7e40bf932145 hwm_kb=31840 rss_kb=31840 cgroup_peak=18169856
1791525675 13-mixed-main 7e40bf932145 hwm_kb=48284 rss_kb=47964 cgroup_peak=32923648
1791525675 13-mixed-main 7e40bf932145 hwm_kb=61688 rss_kb=54200 cgroup_peak=47034368
1791525676 13-mixed-main 7e40bf932145 hwm_kb=63604 rss_kb=62276 cgroup_peak=49401856
1791525677 13-mixed-main 7e40bf932145 hwm_kb=73900 rss_kb=73284 cgroup_peak=61726720
1791525677 13-mixed-main 7e40bf932145 hwm_kb=93436 rss_kb=72424 cgroup_peak=84807680
1791525678 13-mixed-main 7e40bf932145 hwm_kb=105188 rss_kb=99848 cgroup_peak=99139584
1791525678 13-mixed-main 7e40bf932145 hwm_kb=111256 rss_kb=109508 cgroup_peak=108871680
1791525679 13-mixed-main 7e40bf932145 hwm_kb=114116 rss_kb=105100 cgroup_peak=113049600
1791525679 13-mixed-main 7e40bf932145 hwm_kb=126568 rss_kb=126568 cgroup_peak=127180800
1791525680 13-mixed-main 7e40bf932145 hwm_kb=126504 rss_kb=107912 cgroup_peak=127438848
1791525680 13-mixed-main 7e40bf932145 hwm_kb=126504 rss_kb=121072 cgroup_peak=127438848
1791525681 13-mixed-main 7e40bf932145 hwm_kb=129856 rss_kb=123032 cgroup_peak=132222976
1791525681 13-mixed-main 7e40bf932145 hwm_kb=130428 rss_kb=121500 cgroup_peak=134393856
1791525682 13-mixed-main 7e40bf932145 hwm_kb=130428 rss_kb=114784 cgroup_peak=134393856
1791525683 13-mixed-main 7e40bf932145 hwm_kb=131936 rss_kb=131936 cgroup_peak=134393856
1791525683 13-mixed-main 7e40bf932145 hwm_kb=139712 rss_kb=122876 cgroup_peak=141164544
1791525684 13-mixed-main 7e40bf932145 hwm_kb=139712 rss_kb=122184 cgroup_peak=141164544
1791525684 13-mixed-main 7e40bf932145 hwm_kb=139712 rss_kb=133496 cgroup_peak=141164544
1791525685 13-mixed-main 7e40bf932145 hwm_kb=139712 rss_kb=113288 cgroup_peak=141164544
1791525685 13-mixed-main 7e40bf932145 hwm_kb=139712 rss_kb=124296 cgroup_peak=141164544
1791525686 13-mixed-main 7e40bf932145 hwm_kb=139712 rss_kb=111660 cgroup_peak=141164544
1791525686 13-mixed-main 7e40bf932145 hwm_kb=139712 rss_kb=108428 cgroup_peak=141164544
1791525687 13-mixed-main 7e40bf932145 hwm_kb=139712 rss_kb=105972 cgroup_peak=141164544
1791525687 13-mixed-main 7e40bf932145 hwm_kb=139712 rss_kb=132476 cgroup_peak=141164544
1791525688 13-mixed-main 7e40bf932145 hwm_kb=139712 rss_kb=110972 cgroup_peak=141164544
1791525688 13-mixed-main 7e40bf932145 hwm_kb=139712 rss_kb=106212 cgroup_peak=141164544
1791525689 13-mixed-main 7e40bf932145 hwm_kb=139712 rss_kb=120356 cgroup_peak=141164544
1791525690 13-mixed-main 7e40bf932145 hwm_kb=139712 rss_kb=129272 cgroup_peak=141164544
1791525690 13-mixed-main 7e40bf932145 hwm_kb=139712 rss_kb=114488 cgroup_peak=141164544
1791525691 13-mixed-main 7e40bf932145 hwm_kb=139712 rss_kb=127324 cgroup_peak=141164544
1791525691 13-mixed-main 7e40bf932145 hwm_kb=139712 rss_kb=130304 cgroup_peak=141164544
1791525692 13-mixed-main 7e40bf932145 hwm_kb=139712 rss_kb=98624 cgroup_peak=141164544
1791525692 13-mixed-main 7e40bf932145 hwm_kb=139712 rss_kb=127764 cgroup_peak=141164544
1791525693 13-mixed-main 7e40bf932145 hwm_kb=139712 rss_kb=117888 cgroup_peak=141164544
1791525693 13-mixed-main 7e40bf932145 hwm_kb=139712 rss_kb=101352 cgroup_peak=141164544
1791525694 13-mixed-main 7e40bf932145 hwm_kb=139712 rss_kb=126064 cgroup_peak=141164544
1791525694 13-mixed-main 7e40bf932145 hwm_kb=139712 rss_kb=117216 cgroup_peak=141164544
1791525695 13-mixed-main 7e40bf932145 hwm_kb=139712 rss_kb=116664 cgroup_peak=141164544
1791525695 13-mixed-main 7e40bf932145 hwm_kb=139712 rss_kb=115964 cgroup_peak=141164544
1791525696 13-mixed-main 7e40bf932145 hwm_kb=139712 rss_kb=114232 cgroup_peak=141164544
1791525696 13-mixed-main 7e40bf932145 hwm_kb=139712 rss_kb=115848 cgroup_peak=141164544
1791525697 13-mixed-main 7e40bf932145 hwm_kb=139712 rss_kb=115856 cgroup_peak=141164544
1791525698 13-mixed-main 7e40bf932145 hwm_kb=139712 rss_kb=119048 cgroup_peak=141164544
1791525698 13-mixed-main 7e40bf932145 hwm_kb=139712 rss_kb=112748 cgroup_peak=141164544
1791525699 13-mixed-main 7e40bf932145 hwm_kb=139712 rss_kb=113716 cgroup_peak=141164544
1791525699 13-mixed-main 7e40bf932145 hwm_kb=139712 rss_kb=119720 cgroup_peak=141164544
1791525700 13-mixed-main 7e40bf932145 hwm_kb=139712 rss_kb=120512 cgroup_peak=141164544
1791525700 13-mixed-main 7e40bf932145 hwm_kb=139712 rss_kb=120108 cgroup_peak=141164544
1791525701 13-mixed-main 7e40bf932145 hwm_kb=139712 rss_kb=116276 cgroup_peak=141164544
1791525701 13-mixed-main 7e40bf932145 hwm_kb=139712 rss_kb=120572 cgroup_peak=141164544
1791525702 13-mixed-main 7e40bf932145 hwm_kb=139712 rss_kb=120620 cgroup_peak=141164544
1791525702 13-mixed-main 7e40bf932145 hwm_kb=139712 rss_kb=108368 cgroup_peak=141164544
1791525703 13-mixed-main 7e40bf932145 hwm_kb=139712 rss_kb=95948 cgroup_peak=141164544
1791525703 13-mixed-main 7e40bf932145 hwm_kb=139712 rss_kb=104788 cgroup_peak=141164544
1791525704 13-mixed-main 7e40bf932145 hwm_kb=139712 rss_kb=105604 cgroup_peak=141164544
1791525704 13-mixed-main 7e40bf932145 hwm_kb=139712 rss_kb=105396 cgroup_peak=141164544
1791525705 13-mixed-main 7e40bf932145 hwm_kb=139712 rss_kb=107264 cgroup_peak=141164544
1791525705 13-mixed-main 7e40bf932145 hwm_kb=139712 rss_kb=111240 cgroup_peak=141164544
1791525706 13-mixed-main 7e40bf932145 hwm_kb=139712 rss_kb=101188 cgroup_peak=141164544
1791525707 13-mixed-main 7e40bf932145 hwm_kb=139712 rss_kb=111512 cgroup_peak=141164544
1791525707 13-mixed-main 7e40bf932145 hwm_kb=139712 rss_kb=112104 cgroup_peak=141164544
1791525708 13-mixed-main 7e40bf932145 hwm_kb=139712 rss_kb=126764 cgroup_peak=141164544
1791525708 13-mixed-main 7e40bf932145 hwm_kb=139712 rss_kb=126960 cgroup_peak=141164544
1791525709 13-mixed-main 7e40bf932145 hwm_kb=139712 rss_kb=113600 cgroup_peak=141164544
1791525709 13-mixed-main 7e40bf932145 hwm_kb=139712 rss_kb=104064 cgroup_peak=141164544
1791525710 13-mixed-main 7e40bf932145 hwm_kb=139712 rss_kb=108496 cgroup_peak=141164544
1791525710 13-mixed-main 7e40bf932145 hwm_kb=139712 rss_kb=111744 cgroup_peak=141164544
1791525711 13-mixed-main 7e40bf932145 hwm_kb=139712 rss_kb=126756 cgroup_peak=141164544
1791525711 13-mixed-main 7e40bf932145 hwm_kb=139712 rss_kb=119560 cgroup_peak=141164544
1791525712 13-mixed-main 7e40bf932145 hwm_kb=139712 rss_kb=120664 cgroup_peak=141164544
1791525712 13-mixed-main 7e40bf932145 hwm_kb=139712 rss_kb=124156 cgroup_peak=141164544
1791525713 13-mixed-main 7e40bf932145 hwm_kb=139712 rss_kb=104472 cgroup_peak=141164544
1791525713 13-mixed-main 7e40bf932145 hwm_kb=139712 rss_kb=107824 cgroup_peak=141164544
1791525714 13-mixed-main 7e40bf932145 hwm_kb=139712 rss_kb=116388 cgroup_peak=141164544
1791525715 13-mixed-main 7e40bf932145 hwm_kb=139712 rss_kb=112228 cgroup_peak=141164544
1791525715 13-mixed-main 7e40bf932145 hwm_kb=139712 rss_kb=131928 cgroup_peak=141164544
1791525717 13-mixed-main 2e4ce4b2a23f hwm_kb=33508 rss_kb=33508 cgroup_peak=20475904
1791525718 13-mixed-main 2e4ce4b2a23f hwm_kb=33508 rss_kb=33508 cgroup_peak=20475904
1791525718 13-mixed-main 2e4ce4b2a23f hwm_kb=33508 rss_kb=33508 cgroup_peak=20475904
1791525719 13-mixed-main 2e4ce4b2a23f hwm_kb=33508 rss_kb=33508 cgroup_peak=20475904
1791525719 13-mixed-main 2e4ce4b2a23f hwm_kb=33508 rss_kb=33508 cgroup_peak=20475904
1791525720 13-mixed-main 2e4ce4b2a23f hwm_kb=33508 rss_kb=33508 cgroup_peak=20475904
1791525720 13-mixed-main 2e4ce4b2a23f hwm_kb=51136 rss_kb=47556 cgroup_peak=35315712
1791525721 13-mixed-main 2e4ce4b2a23f hwm_kb=54552 rss_kb=50000 cgroup_peak=39223296
1791525721 13-mixed-main 2e4ce4b2a23f hwm_kb=63316 rss_kb=63316 cgroup_peak=48025600
1791525722 13-mixed-main 2e4ce4b2a23f hwm_kb=74540 rss_kb=67580 cgroup_peak=60321792
1791525722 13-mixed-main 2e4ce4b2a23f hwm_kb=94896 rss_kb=78768 cgroup_peak=81698816
1791525723 13-mixed-main 2e4ce4b2a23f hwm_kb=101768 rss_kb=99068 cgroup_peak=89477120
1791525724 13-mixed-main 2e4ce4b2a23f hwm_kb=116128 rss_kb=116128 cgroup_peak=103919616
1791525724 13-mixed-main 2e4ce4b2a23f hwm_kb=124632 rss_kb=94532 cgroup_peak=115261440
1791525725 13-mixed-main 2e4ce4b2a23f hwm_kb=129612 rss_kb=129612 cgroup_peak=119709696
1791525725 13-mixed-main 2e4ce4b2a23f hwm_kb=130180 rss_kb=116024 cgroup_peak=120598528
1791525726 13-mixed-main 2e4ce4b2a23f hwm_kb=130180 rss_kb=107408 cgroup_peak=120598528
1791525726 13-mixed-main 2e4ce4b2a23f hwm_kb=132200 rss_kb=119924 cgroup_peak=122810368
1791525727 13-mixed-main 2e4ce4b2a23f hwm_kb=132200 rss_kb=102448 cgroup_peak=122810368
1791525727 13-mixed-main 2e4ce4b2a23f hwm_kb=133648 rss_kb=121756 cgroup_peak=125468672
1791525728 13-mixed-main 2e4ce4b2a23f hwm_kb=133648 rss_kb=118944 cgroup_peak=125468672
1791525728 13-mixed-main 2e4ce4b2a23f hwm_kb=140528 rss_kb=128348 cgroup_peak=132849664
1791525729 13-mixed-main 2e4ce4b2a23f hwm_kb=140528 rss_kb=122412 cgroup_peak=132849664
1791525730 13-mixed-main 2e4ce4b2a23f hwm_kb=140528 rss_kb=134860 cgroup_peak=132849664
1791525730 13-mixed-main 2e4ce4b2a23f hwm_kb=140528 rss_kb=122772 cgroup_peak=132849664
1791525731 13-mixed-main 2e4ce4b2a23f hwm_kb=140528 rss_kb=113052 cgroup_peak=132849664
1791525731 13-mixed-main 2e4ce4b2a23f hwm_kb=140528 rss_kb=102588 cgroup_peak=132849664
1791525732 13-mixed-main 2e4ce4b2a23f hwm_kb=140528 rss_kb=110000 cgroup_peak=132849664
1791525732 13-mixed-main 2e4ce4b2a23f hwm_kb=140528 rss_kb=95744 cgroup_peak=132849664
1791525733 13-mixed-main 2e4ce4b2a23f hwm_kb=140528 rss_kb=123844 cgroup_peak=132849664
1791525733 13-mixed-main 2e4ce4b2a23f hwm_kb=140528 rss_kb=121456 cgroup_peak=132849664
1791525734 13-mixed-main 2e4ce4b2a23f hwm_kb=140528 rss_kb=97856 cgroup_peak=132849664
1791525734 13-mixed-main 2e4ce4b2a23f hwm_kb=140528 rss_kb=135288 cgroup_peak=132849664
1791525735 13-mixed-main 2e4ce4b2a23f hwm_kb=140528 rss_kb=118120 cgroup_peak=132849664
1791525735 13-mixed-main 2e4ce4b2a23f hwm_kb=140528 rss_kb=112868 cgroup_peak=132849664
1791525736 13-mixed-main 2e4ce4b2a23f hwm_kb=140528 rss_kb=120908 cgroup_peak=132849664
1791525737 13-mixed-main 2e4ce4b2a23f hwm_kb=140528 rss_kb=113008 cgroup_peak=132849664
1791525737 13-mixed-main 2e4ce4b2a23f hwm_kb=140528 rss_kb=103224 cgroup_peak=132849664
1791525738 13-mixed-main 2e4ce4b2a23f hwm_kb=140528 rss_kb=125952 cgroup_peak=132849664
1791525738 13-mixed-main 2e4ce4b2a23f hwm_kb=140528 rss_kb=116528 cgroup_peak=132849664
1791525739 13-mixed-main 2e4ce4b2a23f hwm_kb=140528 rss_kb=103648 cgroup_peak=132849664
1791525739 13-mixed-main 2e4ce4b2a23f hwm_kb=140528 rss_kb=127532 cgroup_peak=132849664
1791525740 13-mixed-main 2e4ce4b2a23f hwm_kb=140528 rss_kb=127012 cgroup_peak=132849664
1791525740 13-mixed-main 2e4ce4b2a23f hwm_kb=140528 rss_kb=111656 cgroup_peak=132849664
1791525741 13-mixed-main 2e4ce4b2a23f hwm_kb=140528 rss_kb=114056 cgroup_peak=132849664
1791525741 13-mixed-main 2e4ce4b2a23f hwm_kb=140528 rss_kb=115564 cgroup_peak=132849664
1791525742 13-mixed-main 2e4ce4b2a23f hwm_kb=140528 rss_kb=115664 cgroup_peak=132849664
1791525742 13-mixed-main 2e4ce4b2a23f hwm_kb=140528 rss_kb=116040 cgroup_peak=132849664
1791525743 13-mixed-main 2e4ce4b2a23f hwm_kb=140528 rss_kb=119508 cgroup_peak=132849664
1791525744 13-mixed-main 2e4ce4b2a23f hwm_kb=140528 rss_kb=118696 cgroup_peak=132849664
1791525744 13-mixed-main 2e4ce4b2a23f hwm_kb=140528 rss_kb=120496 cgroup_peak=132849664
1791525745 13-mixed-main 2e4ce4b2a23f hwm_kb=140528 rss_kb=118720 cgroup_peak=132849664
1791525745 13-mixed-main 2e4ce4b2a23f hwm_kb=140528 rss_kb=118416 cgroup_peak=132849664
1791525746 13-mixed-main 2e4ce4b2a23f hwm_kb=140528 rss_kb=122240 cgroup_peak=132849664
1791525746 13-mixed-main 2e4ce4b2a23f hwm_kb=140528 rss_kb=111744 cgroup_peak=132849664
1791525747 13-mixed-main 2e4ce4b2a23f hwm_kb=140528 rss_kb=113492 cgroup_peak=132849664
1791525747 13-mixed-main 2e4ce4b2a23f hwm_kb=140528 rss_kb=117660 cgroup_peak=132849664
1791525748 13-mixed-main 2e4ce4b2a23f hwm_kb=140528 rss_kb=110840 cgroup_peak=132849664
1791525748 13-mixed-main 2e4ce4b2a23f hwm_kb=140528 rss_kb=119100 cgroup_peak=132849664
1791525749 13-mixed-main 2e4ce4b2a23f hwm_kb=140528 rss_kb=123004 cgroup_peak=132849664
1791525749 13-mixed-main 2e4ce4b2a23f hwm_kb=140528 rss_kb=119932 cgroup_peak=132849664
1791525750 13-mixed-main 2e4ce4b2a23f hwm_kb=140528 rss_kb=114896 cgroup_peak=132849664
1791525751 13-mixed-main 2e4ce4b2a23f hwm_kb=140528 rss_kb=129164 cgroup_peak=132849664
1791525751 13-mixed-main 2e4ce4b2a23f hwm_kb=140528 rss_kb=106048 cgroup_peak=132849664
1791525752 13-mixed-main 2e4ce4b2a23f hwm_kb=140528 rss_kb=107532 cgroup_peak=132849664
1791525752 13-mixed-main 2e4ce4b2a23f hwm_kb=140528 rss_kb=109040 cgroup_peak=132849664
1791525753 13-mixed-main 2e4ce4b2a23f hwm_kb=140528 rss_kb=120620 cgroup_peak=132849664
1791525753 13-mixed-main 2e4ce4b2a23f hwm_kb=140528 rss_kb=110148 cgroup_peak=132849664
1791525754 13-mixed-main 2e4ce4b2a23f hwm_kb=140528 rss_kb=122388 cgroup_peak=132849664
1791525754 13-mixed-main 2e4ce4b2a23f hwm_kb=140528 rss_kb=112760 cgroup_peak=132849664
1791525755 13-mixed-main 2e4ce4b2a23f hwm_kb=140528 rss_kb=111160 cgroup_peak=132849664
1791525755 13-mixed-main 2e4ce4b2a23f hwm_kb=140528 rss_kb=120100 cgroup_peak=132849664
1791525756 13-mixed-main 2e4ce4b2a23f hwm_kb=140528 rss_kb=110116 cgroup_peak=132849664
1791525756 13-mixed-main 2e4ce4b2a23f hwm_kb=140528 rss_kb=117420 cgroup_peak=132849664
1791525757 13-mixed-main 2e4ce4b2a23f hwm_kb=140528 rss_kb=108532 cgroup_peak=132849664
1791525758 13-mixed-main 2e4ce4b2a23f hwm_kb=140528 rss_kb=117940 cgroup_peak=132849664
1791525758 13-mixed-main 2e4ce4b2a23f hwm_kb=140528 rss_kb=101804 cgroup_peak=132849664
1791525759 13-mixed-main 2e4ce4b2a23f hwm_kb=140528 rss_kb=122588 cgroup_peak=132849664
1791525759 13-mixed-main 2e4ce4b2a23f hwm_kb=140528 rss_kb=119376 cgroup_peak=132849664
1791525760 13-mixed-main 2e4ce4b2a23f hwm_kb=140528 rss_kb=111320 cgroup_peak=132849664
1791525760 13-mixed-main 2e4ce4b2a23f hwm_kb=140528 rss_kb=116660 cgroup_peak=132849664
1791525763 14-mixed-b 760b88130596 hwm_kb=30192 rss_kb=30192 cgroup_peak=30818304
1791525763 14-mixed-b 760b88130596 hwm_kb=30192 rss_kb=30192 cgroup_peak=30818304
1791525764 14-mixed-b 760b88130596 hwm_kb=30192 rss_kb=30192 cgroup_peak=30818304
1791525765 14-mixed-b 760b88130596 hwm_kb=30192 rss_kb=30192 cgroup_peak=30818304
1791525765 14-mixed-b 760b88130596 hwm_kb=30192 rss_kb=30192 cgroup_peak=30818304
1791525766 14-mixed-b 760b88130596 hwm_kb=30192 rss_kb=30192 cgroup_peak=30818304
1791525766 14-mixed-b 760b88130596 hwm_kb=30940 rss_kb=30940 cgroup_peak=30818304
1791525767 14-mixed-b 760b88130596 hwm_kb=57748 rss_kb=57748 cgroup_peak=55869440
1791525767 14-mixed-b 760b88130596 hwm_kb=62564 rss_kb=52880 cgroup_peak=63614976
1791525768 14-mixed-b 760b88130596 hwm_kb=66968 rss_kb=60740 cgroup_peak=66162688
1791525768 14-mixed-b 760b88130596 hwm_kb=76136 rss_kb=73144 cgroup_peak=82366464
1791525769 14-mixed-b 760b88130596 hwm_kb=97048 rss_kb=84696 cgroup_peak=106516480
1791525769 14-mixed-b 760b88130596 hwm_kb=103000 rss_kb=87336 cgroup_peak=109961216
1791525770 14-mixed-b 760b88130596 hwm_kb=113436 rss_kb=112800 cgroup_peak=119767040
1791525770 14-mixed-b 760b88130596 hwm_kb=118844 rss_kb=104376 cgroup_peak=126447616
1791525771 14-mixed-b 760b88130596 hwm_kb=132676 rss_kb=132612 cgroup_peak=140849152
1791525771 14-mixed-b 760b88130596 hwm_kb=133368 rss_kb=101940 cgroup_peak=141946880
1791525772 14-mixed-b 760b88130596 hwm_kb=133368 rss_kb=116224 cgroup_peak=141946880
1791525772 14-mixed-b 760b88130596 hwm_kb=133368 rss_kb=107648 cgroup_peak=141946880
1791525773 14-mixed-b 760b88130596 hwm_kb=133368 rss_kb=121032 cgroup_peak=141946880
1791525773 14-mixed-b 760b88130596 hwm_kb=134028 rss_kb=98804 cgroup_peak=142913536
1791525774 14-mixed-b 760b88130596 hwm_kb=134028 rss_kb=100908 cgroup_peak=142913536
1791525775 14-mixed-b 760b88130596 hwm_kb=134028 rss_kb=122604 cgroup_peak=142913536
1791525775 14-mixed-b 760b88130596 hwm_kb=134028 rss_kb=116476 cgroup_peak=142913536
1791525776 14-mixed-b 760b88130596 hwm_kb=134028 rss_kb=117264 cgroup_peak=142913536
1791525776 14-mixed-b 760b88130596 hwm_kb=134028 rss_kb=96764 cgroup_peak=142913536
1791525777 14-mixed-b 760b88130596 hwm_kb=134028 rss_kb=113232 cgroup_peak=142913536
1791525777 14-mixed-b 760b88130596 hwm_kb=134028 rss_kb=100196 cgroup_peak=142913536
1791525778 14-mixed-b 760b88130596 hwm_kb=134028 rss_kb=105496 cgroup_peak=142913536
1791525778 14-mixed-b 760b88130596 hwm_kb=134028 rss_kb=103860 cgroup_peak=142913536
1791525779 14-mixed-b 760b88130596 hwm_kb=134028 rss_kb=124176 cgroup_peak=142913536
1791525779 14-mixed-b 760b88130596 hwm_kb=134028 rss_kb=117092 cgroup_peak=142913536
1791525780 14-mixed-b 760b88130596 hwm_kb=134028 rss_kb=111036 cgroup_peak=142913536
1791525780 14-mixed-b 760b88130596 hwm_kb=134092 rss_kb=109568 cgroup_peak=142913536
1791525781 14-mixed-b 760b88130596 hwm_kb=134092 rss_kb=114040 cgroup_peak=142913536
1791525781 14-mixed-b 760b88130596 hwm_kb=134092 rss_kb=117120 cgroup_peak=142913536
1791525782 14-mixed-b 760b88130596 hwm_kb=134092 rss_kb=103928 cgroup_peak=142913536
1791525782 14-mixed-b 760b88130596 hwm_kb=134092 rss_kb=118532 cgroup_peak=142913536
1791525783 14-mixed-b 760b88130596 hwm_kb=134092 rss_kb=98756 cgroup_peak=142913536
1791525783 14-mixed-b 760b88130596 hwm_kb=134092 rss_kb=120444 cgroup_peak=142913536
1791525784 14-mixed-b 760b88130596 hwm_kb=134092 rss_kb=126568 cgroup_peak=142913536
1791525785 14-mixed-b 760b88130596 hwm_kb=138096 rss_kb=107200 cgroup_peak=144781312
1791525785 14-mixed-b 760b88130596 hwm_kb=138096 rss_kb=109716 cgroup_peak=144781312
1791525786 14-mixed-b 760b88130596 hwm_kb=138096 rss_kb=112868 cgroup_peak=144781312
1791525786 14-mixed-b 760b88130596 hwm_kb=138096 rss_kb=109888 cgroup_peak=144781312
1791525787 14-mixed-b 760b88130596 hwm_kb=138096 rss_kb=114464 cgroup_peak=144781312
1791525787 14-mixed-b 760b88130596 hwm_kb=138096 rss_kb=118920 cgroup_peak=144781312
1791525788 14-mixed-b 760b88130596 hwm_kb=138096 rss_kb=117772 cgroup_peak=144781312
1791525788 14-mixed-b 760b88130596 hwm_kb=138096 rss_kb=120764 cgroup_peak=144781312
1791525789 14-mixed-b 760b88130596 hwm_kb=138096 rss_kb=117084 cgroup_peak=144781312
1791525789 14-mixed-b 760b88130596 hwm_kb=138096 rss_kb=117248 cgroup_peak=144781312
1791525790 14-mixed-b 760b88130596 hwm_kb=138096 rss_kb=113696 cgroup_peak=144781312
1791525790 14-mixed-b 760b88130596 hwm_kb=138096 rss_kb=109148 cgroup_peak=144781312
1791525791 14-mixed-b 760b88130596 hwm_kb=138096 rss_kb=115820 cgroup_peak=144781312
1791525791 14-mixed-b 760b88130596 hwm_kb=138096 rss_kb=123040 cgroup_peak=144781312
1791525792 14-mixed-b 760b88130596 hwm_kb=138096 rss_kb=118984 cgroup_peak=144781312
1791525792 14-mixed-b 760b88130596 hwm_kb=138096 rss_kb=120268 cgroup_peak=144781312
1791525793 14-mixed-b 760b88130596 hwm_kb=138096 rss_kb=106320 cgroup_peak=144781312
1791525794 14-mixed-b 760b88130596 hwm_kb=138096 rss_kb=120832 cgroup_peak=144781312
1791525794 14-mixed-b 760b88130596 hwm_kb=138096 rss_kb=98280 cgroup_peak=144781312
1791525795 14-mixed-b 760b88130596 hwm_kb=138096 rss_kb=102108 cgroup_peak=144781312
1791525795 14-mixed-b 760b88130596 hwm_kb=138096 rss_kb=102712 cgroup_peak=144781312
1791525796 14-mixed-b 760b88130596 hwm_kb=138096 rss_kb=104588 cgroup_peak=144781312
1791525796 14-mixed-b 760b88130596 hwm_kb=138096 rss_kb=104360 cgroup_peak=144781312
1791525797 14-mixed-b 760b88130596 hwm_kb=138096 rss_kb=106848 cgroup_peak=144781312
1791525797 14-mixed-b 760b88130596 hwm_kb=138096 rss_kb=109640 cgroup_peak=144781312
1791525798 14-mixed-b 760b88130596 hwm_kb=138096 rss_kb=107016 cgroup_peak=144781312
1791525798 14-mixed-b 760b88130596 hwm_kb=138096 rss_kb=107272 cgroup_peak=144781312
1791525799 14-mixed-b 760b88130596 hwm_kb=138096 rss_kb=106312 cgroup_peak=144781312
1791525799 14-mixed-b 760b88130596 hwm_kb=138096 rss_kb=117204 cgroup_peak=144781312
1791525800 14-mixed-b 760b88130596 hwm_kb=138096 rss_kb=105256 cgroup_peak=144781312
1791525800 14-mixed-b 760b88130596 hwm_kb=138096 rss_kb=106664 cgroup_peak=144781312
1791525801 14-mixed-b 760b88130596 hwm_kb=138096 rss_kb=101724 cgroup_peak=144781312
1791525801 14-mixed-b 760b88130596 hwm_kb=138096 rss_kb=110856 cgroup_peak=144781312
1791525802 14-mixed-b 760b88130596 hwm_kb=138096 rss_kb=109260 cgroup_peak=144781312
1791525802 14-mixed-b 760b88130596 hwm_kb=138096 rss_kb=110216 cgroup_peak=144781312
1791525803 14-mixed-b 760b88130596 hwm_kb=138096 rss_kb=125772 cgroup_peak=144781312
1791525804 14-mixed-b 760b88130596 hwm_kb=138096 rss_kb=106484 cgroup_peak=144781312
1791525804 14-mixed-b 760b88130596 hwm_kb=138096 rss_kb=110588 cgroup_peak=144781312
1791525805 14-mixed-b 760b88130596 hwm_kb=138096 rss_kb=108008 cgroup_peak=144781312
1791525805 14-mixed-b 760b88130596 hwm_kb=138096 rss_kb=106136 cgroup_peak=144781312
1791525806 14-mixed-b 760b88130596 hwm_kb=138096 rss_kb=105756 cgroup_peak=144781312
1791525806 14-mixed-b 760b88130596 hwm_kb=138096 rss_kb=109972 cgroup_peak=144781312
1791525808 14-mixed-b 8da4f4e457f6 hwm_kb=30200 rss_kb=30200 cgroup_peak=13852672
1791525808 14-mixed-b 8da4f4e457f6 hwm_kb=31104 rss_kb=31104 cgroup_peak=18063360
1791525809 14-mixed-b 8da4f4e457f6 hwm_kb=31104 rss_kb=31104 cgroup_peak=18063360
1791525809 14-mixed-b 8da4f4e457f6 hwm_kb=31104 rss_kb=31104 cgroup_peak=18063360
1791525810 14-mixed-b 8da4f4e457f6 hwm_kb=31104 rss_kb=31104 cgroup_peak=18063360
1791525810 14-mixed-b 8da4f4e457f6 hwm_kb=31104 rss_kb=31104 cgroup_peak=18063360
1791525811 14-mixed-b 8da4f4e457f6 hwm_kb=31472 rss_kb=31472 cgroup_peak=18063360
1791525811 14-mixed-b 8da4f4e457f6 hwm_kb=50304 rss_kb=50624 cgroup_peak=34177024
1791525812 14-mixed-b 8da4f4e457f6 hwm_kb=63316 rss_kb=56528 cgroup_peak=48689152
1791525813 14-mixed-b 8da4f4e457f6 hwm_kb=67024 rss_kb=67244 cgroup_peak=53284864
1791525813 14-mixed-b 8da4f4e457f6 hwm_kb=76884 rss_kb=76920 cgroup_peak=62853120
1791525814 14-mixed-b 8da4f4e457f6 hwm_kb=93236 rss_kb=91608 cgroup_peak=80560128
1791525814 14-mixed-b 8da4f4e457f6 hwm_kb=101724 rss_kb=87156 cgroup_peak=91320320
1791525815 14-mixed-b 8da4f4e457f6 hwm_kb=106604 rss_kb=95392 cgroup_peak=97009664
1791525815 14-mixed-b 8da4f4e457f6 hwm_kb=119616 rss_kb=98520 cgroup_peak=108945408
1791525816 14-mixed-b 8da4f4e457f6 hwm_kb=129368 rss_kb=128024 cgroup_peak=119271424
1791525816 14-mixed-b 8da4f4e457f6 hwm_kb=129368 rss_kb=104692 cgroup_peak=119271424
1791525817 14-mixed-b 8da4f4e457f6 hwm_kb=131648 rss_kb=113032 cgroup_peak=122236928
1791525817 14-mixed-b 8da4f4e457f6 hwm_kb=131648 rss_kb=95128 cgroup_peak=122552320
1791525818 14-mixed-b 8da4f4e457f6 hwm_kb=131648 rss_kb=113264 cgroup_peak=122552320
1791525818 14-mixed-b 8da4f4e457f6 hwm_kb=132796 rss_kb=116744 cgroup_peak=124022784
1791525819 14-mixed-b 8da4f4e457f6 hwm_kb=132796 rss_kb=109120 cgroup_peak=124022784
1791525819 14-mixed-b 8da4f4e457f6 hwm_kb=132796 rss_kb=110528 cgroup_peak=124022784
1791525820 14-mixed-b 8da4f4e457f6 hwm_kb=132796 rss_kb=112888 cgroup_peak=124022784
1791525820 14-mixed-b 8da4f4e457f6 hwm_kb=132796 rss_kb=123288 cgroup_peak=124022784
1791525821 14-mixed-b 8da4f4e457f6 hwm_kb=132796 rss_kb=116528 cgroup_peak=124022784
1791525822 14-mixed-b 8da4f4e457f6 hwm_kb=132796 rss_kb=108588 cgroup_peak=124022784
1791525822 14-mixed-b 8da4f4e457f6 hwm_kb=132796 rss_kb=99572 cgroup_peak=124022784
1791525823 14-mixed-b 8da4f4e457f6 hwm_kb=132796 rss_kb=105772 cgroup_peak=124022784
1791525823 14-mixed-b 8da4f4e457f6 hwm_kb=132796 rss_kb=110652 cgroup_peak=124022784
1791525824 14-mixed-b 8da4f4e457f6 hwm_kb=132796 rss_kb=98496 cgroup_peak=124022784
1791525824 14-mixed-b 8da4f4e457f6 hwm_kb=132796 rss_kb=130424 cgroup_peak=124022784
1791525825 14-mixed-b 8da4f4e457f6 hwm_kb=132796 rss_kb=107080 cgroup_peak=124022784
1791525825 14-mixed-b 8da4f4e457f6 hwm_kb=132796 rss_kb=117576 cgroup_peak=124022784
1791525826 14-mixed-b 8da4f4e457f6 hwm_kb=132796 rss_kb=100880 cgroup_peak=124022784
1791525826 14-mixed-b 8da4f4e457f6 hwm_kb=132796 rss_kb=121120 cgroup_peak=124022784
1791525827 14-mixed-b 8da4f4e457f6 hwm_kb=132796 rss_kb=115892 cgroup_peak=124022784
1791525827 14-mixed-b 8da4f4e457f6 hwm_kb=132796 rss_kb=108056 cgroup_peak=124022784
1791525828 14-mixed-b 8da4f4e457f6 hwm_kb=132796 rss_kb=109104 cgroup_peak=124022784
1791525828 14-mixed-b 8da4f4e457f6 hwm_kb=132796 rss_kb=110572 cgroup_peak=124022784
1791525829 14-mixed-b 8da4f4e457f6 hwm_kb=132796 rss_kb=130344 cgroup_peak=124022784
1791525829 14-mixed-b 8da4f4e457f6 hwm_kb=132796 rss_kb=118472 cgroup_peak=124022784
1791525830 14-mixed-b 8da4f4e457f6 hwm_kb=132796 rss_kb=125160 cgroup_peak=124022784
1791525830 14-mixed-b 8da4f4e457f6 hwm_kb=132796 rss_kb=96104 cgroup_peak=124022784
1791525831 14-mixed-b 8da4f4e457f6 hwm_kb=132796 rss_kb=124852 cgroup_peak=124022784
1791525832 14-mixed-b 8da4f4e457f6 hwm_kb=132796 rss_kb=114112 cgroup_peak=124022784
1791525832 14-mixed-b 8da4f4e457f6 hwm_kb=132796 rss_kb=115888 cgroup_peak=124022784
1791525833 14-mixed-b 8da4f4e457f6 hwm_kb=132796 rss_kb=116604 cgroup_peak=124022784
1791525833 14-mixed-b 8da4f4e457f6 hwm_kb=132796 rss_kb=116604 cgroup_peak=124022784
1791525834 14-mixed-b 8da4f4e457f6 hwm_kb=132796 rss_kb=121104 cgroup_peak=124022784
1791525834 14-mixed-b 8da4f4e457f6 hwm_kb=132796 rss_kb=116068 cgroup_peak=124022784
1791525835 14-mixed-b 8da4f4e457f6 hwm_kb=132796 rss_kb=119112 cgroup_peak=124022784
1791525835 14-mixed-b 8da4f4e457f6 hwm_kb=132796 rss_kb=110636 cgroup_peak=124022784
1791525836 14-mixed-b 8da4f4e457f6 hwm_kb=132796 rss_kb=118716 cgroup_peak=124022784
1791525836 14-mixed-b 8da4f4e457f6 hwm_kb=132796 rss_kb=115340 cgroup_peak=124022784
1791525837 14-mixed-b 8da4f4e457f6 hwm_kb=132796 rss_kb=116084 cgroup_peak=124022784
1791525837 14-mixed-b 8da4f4e457f6 hwm_kb=132796 rss_kb=118864 cgroup_peak=124022784
1791525838 14-mixed-b 8da4f4e457f6 hwm_kb=132796 rss_kb=116044 cgroup_peak=124022784
1791525838 14-mixed-b 8da4f4e457f6 hwm_kb=132796 rss_kb=118900 cgroup_peak=124022784
1791525839 14-mixed-b 8da4f4e457f6 hwm_kb=132796 rss_kb=107984 cgroup_peak=124022784
1791525839 14-mixed-b 8da4f4e457f6 hwm_kb=132796 rss_kb=106832 cgroup_peak=124022784
1791525840 14-mixed-b 8da4f4e457f6 hwm_kb=132796 rss_kb=102264 cgroup_peak=124022784
1791525841 14-mixed-b 8da4f4e457f6 hwm_kb=132796 rss_kb=95168 cgroup_peak=124022784
1791525841 14-mixed-b 8da4f4e457f6 hwm_kb=132796 rss_kb=102216 cgroup_peak=124022784
1791525842 14-mixed-b 8da4f4e457f6 hwm_kb=132796 rss_kb=105536 cgroup_peak=124022784
1791525842 14-mixed-b 8da4f4e457f6 hwm_kb=132796 rss_kb=110712 cgroup_peak=124022784
1791525843 14-mixed-b 8da4f4e457f6 hwm_kb=132796 rss_kb=102540 cgroup_peak=124022784
1791525843 14-mixed-b 8da4f4e457f6 hwm_kb=132796 rss_kb=107068 cgroup_peak=124022784
1791525844 14-mixed-b 8da4f4e457f6 hwm_kb=132796 rss_kb=112800 cgroup_peak=124022784
1791525844 14-mixed-b 8da4f4e457f6 hwm_kb=132796 rss_kb=109748 cgroup_peak=124022784
1791525845 14-mixed-b 8da4f4e457f6 hwm_kb=132796 rss_kb=98416 cgroup_peak=124022784
1791525845 14-mixed-b 8da4f4e457f6 hwm_kb=132796 rss_kb=105680 cgroup_peak=124022784
1791525846 14-mixed-b 8da4f4e457f6 hwm_kb=132796 rss_kb=105212 cgroup_peak=124022784
1791525846 14-mixed-b 8da4f4e457f6 hwm_kb=132796 rss_kb=104980 cgroup_peak=124022784
1791525847 14-mixed-b 8da4f4e457f6 hwm_kb=132796 rss_kb=107840 cgroup_peak=124022784
1791525847 14-mixed-b 8da4f4e457f6 hwm_kb=132796 rss_kb=114232 cgroup_peak=124022784
1791525848 14-mixed-b 8da4f4e457f6 hwm_kb=132796 rss_kb=121376 cgroup_peak=124022784
1791525848 14-mixed-b 8da4f4e457f6 hwm_kb=132796 rss_kb=103020 cgroup_peak=124022784
1791525849 14-mixed-b 8da4f4e457f6 hwm_kb=132796 rss_kb=104532 cgroup_peak=124022784
1791525849 14-mixed-b 8da4f4e457f6 hwm_kb=132796 rss_kb=103276 cgroup_peak=124022784
1791525850 14-mixed-b 8da4f4e457f6 hwm_kb=132796 rss_kb=114572 cgroup_peak=124022784
1791525851 14-mixed-b 8da4f4e457f6 hwm_kb=132796 rss_kb=112824 cgroup_peak=124022784
1791525851 14-mixed-b 8da4f4e457f6 hwm_kb=132796 rss_kb=117148 cgroup_peak=124022784
1791525853 15-mixed-b 3f49c2e437bb hwm_kb=30776 rss_kb=30776 cgroup_peak=17907712
1791525854 15-mixed-b 3f49c2e437bb hwm_kb=30776 rss_kb=30776 cgroup_peak=17907712
1791525854 15-mixed-b 3f49c2e437bb hwm_kb=30776 rss_kb=30776 cgroup_peak=17907712
1791525855 15-mixed-b 3f49c2e437bb hwm_kb=30776 rss_kb=30776 cgroup_peak=17907712
1791525855 15-mixed-b 3f49c2e437bb hwm_kb=30776 rss_kb=30776 cgroup_peak=17907712
1791525856 15-mixed-b 3f49c2e437bb hwm_kb=30776 rss_kb=30776 cgroup_peak=17907712
1791525857 15-mixed-b 3f49c2e437bb hwm_kb=46180 rss_kb=41756 cgroup_peak=30433280
1791525857 15-mixed-b 3f49c2e437bb hwm_kb=56432 rss_kb=51744 cgroup_peak=41201664
1791525858 15-mixed-b 3f49c2e437bb hwm_kb=63504 rss_kb=60596 cgroup_peak=49045504
1791525858 15-mixed-b 3f49c2e437bb hwm_kb=70336 rss_kb=69104 cgroup_peak=56246272
1791525859 15-mixed-b 3f49c2e437bb hwm_kb=93248 rss_kb=94096 cgroup_peak=80711680
1791525859 15-mixed-b 3f49c2e437bb hwm_kb=100904 rss_kb=91332 cgroup_peak=88154112
1791525860 15-mixed-b 3f49c2e437bb hwm_kb=108912 rss_kb=90776 cgroup_peak=96604160
1791525860 15-mixed-b 3f49c2e437bb hwm_kb=117980 rss_kb=117704 cgroup_peak=106635264
1791525861 15-mixed-b 3f49c2e437bb hwm_kb=123360 rss_kb=107040 cgroup_peak=114470912
1791525861 15-mixed-b 3f49c2e437bb hwm_kb=130572 rss_kb=115608 cgroup_peak=120287232
1791525862 15-mixed-b 3f49c2e437bb hwm_kb=130572 rss_kb=109932 cgroup_peak=120287232
1791525862 15-mixed-b 3f49c2e437bb hwm_kb=130572 rss_kb=103760 cgroup_peak=120287232
1791525863 15-mixed-b 3f49c2e437bb hwm_kb=130572 rss_kb=100884 cgroup_peak=120287232
1791525863 15-mixed-b 3f49c2e437bb hwm_kb=131596 rss_kb=129136 cgroup_peak=122097664
1791525864 15-mixed-b 3f49c2e437bb hwm_kb=133428 rss_kb=114124 cgroup_peak=124006400
1791525864 15-mixed-b 3f49c2e437bb hwm_kb=133428 rss_kb=109992 cgroup_peak=124006400
1791525865 15-mixed-b 3f49c2e437bb hwm_kb=133428 rss_kb=103372 cgroup_peak=124006400
1791525866 15-mixed-b 3f49c2e437bb hwm_kb=133428 rss_kb=118592 cgroup_peak=124006400
1791525866 15-mixed-b 3f49c2e437bb hwm_kb=133428 rss_kb=111612 cgroup_peak=124006400
1791525867 15-mixed-b 3f49c2e437bb hwm_kb=133428 rss_kb=117432 cgroup_peak=124006400
1791525867 15-mixed-b 3f49c2e437bb hwm_kb=133428 rss_kb=119548 cgroup_peak=124006400
1791525868 15-mixed-b 3f49c2e437bb hwm_kb=133428 rss_kb=110624 cgroup_peak=124006400
1791525868 15-mixed-b 3f49c2e437bb hwm_kb=133428 rss_kb=123024 cgroup_peak=124006400
1791525869 15-mixed-b 3f49c2e437bb hwm_kb=133428 rss_kb=105140 cgroup_peak=124006400
1791525869 15-mixed-b 3f49c2e437bb hwm_kb=133428 rss_kb=123180 cgroup_peak=124006400
1791525870 15-mixed-b 3f49c2e437bb hwm_kb=133428 rss_kb=119288 cgroup_peak=124006400
1791525870 15-mixed-b 3f49c2e437bb hwm_kb=133428 rss_kb=123132 cgroup_peak=124006400
1791525871 15-mixed-b 3f49c2e437bb hwm_kb=133428 rss_kb=107668 cgroup_peak=124006400
1791525871 15-mixed-b 3f49c2e437bb hwm_kb=133428 rss_kb=102712 cgroup_peak=124006400
1791525872 15-mixed-b 3f49c2e437bb hwm_kb=133428 rss_kb=124220 cgroup_peak=124006400
1791525872 15-mixed-b 3f49c2e437bb hwm_kb=133428 rss_kb=107532 cgroup_peak=124006400
1791525873 15-mixed-b 3f49c2e437bb hwm_kb=133428 rss_kb=112892 cgroup_peak=124006400
1791525873 15-mixed-b 3f49c2e437bb hwm_kb=135648 rss_kb=100380 cgroup_peak=126767104
1791525874 15-mixed-b 3f49c2e437bb hwm_kb=135648 rss_kb=105176 cgroup_peak=126767104
1791525874 15-mixed-b 3f49c2e437bb hwm_kb=135648 rss_kb=115496 cgroup_peak=126767104
1791525875 15-mixed-b 3f49c2e437bb hwm_kb=135648 rss_kb=126528 cgroup_peak=126767104
1791525876 15-mixed-b 3f49c2e437bb hwm_kb=135648 rss_kb=100212 cgroup_peak=126767104
1791525876 15-mixed-b 3f49c2e437bb hwm_kb=135648 rss_kb=106376 cgroup_peak=126767104
1791525877 15-mixed-b 3f49c2e437bb hwm_kb=135648 rss_kb=121140 cgroup_peak=126767104
1791525877 15-mixed-b 3f49c2e437bb hwm_kb=135648 rss_kb=120096 cgroup_peak=126767104
1791525878 15-mixed-b 3f49c2e437bb hwm_kb=135648 rss_kb=121480 cgroup_peak=126767104
1791525878 15-mixed-b 3f49c2e437bb hwm_kb=135648 rss_kb=120056 cgroup_peak=126767104
1791525879 15-mixed-b 3f49c2e437bb hwm_kb=135648 rss_kb=116892 cgroup_peak=126767104
1791525879 15-mixed-b 3f49c2e437bb hwm_kb=135648 rss_kb=119968 cgroup_peak=126767104
1791525880 15-mixed-b 3f49c2e437bb hwm_kb=135648 rss_kb=120472 cgroup_peak=126767104
1791525880 15-mixed-b 3f49c2e437bb hwm_kb=135648 rss_kb=117952 cgroup_peak=126767104
1791525881 15-mixed-b 3f49c2e437bb hwm_kb=135648 rss_kb=112300 cgroup_peak=126767104
1791525881 15-mixed-b 3f49c2e437bb hwm_kb=135648 rss_kb=118812 cgroup_peak=126767104
1791525882 15-mixed-b 3f49c2e437bb hwm_kb=135648 rss_kb=119212 cgroup_peak=126767104
1791525882 15-mixed-b 3f49c2e437bb hwm_kb=135648 rss_kb=121264 cgroup_peak=126767104
1791525883 15-mixed-b 3f49c2e437bb hwm_kb=135648 rss_kb=122880 cgroup_peak=126767104
1791525883 15-mixed-b 3f49c2e437bb hwm_kb=135648 rss_kb=121404 cgroup_peak=126767104
1791525884 15-mixed-b 3f49c2e437bb hwm_kb=135648 rss_kb=98104 cgroup_peak=126767104
1791525885 15-mixed-b 3f49c2e437bb hwm_kb=135648 rss_kb=105304 cgroup_peak=126767104
1791525885 15-mixed-b 3f49c2e437bb hwm_kb=135648 rss_kb=107216 cgroup_peak=126767104
1791525886 15-mixed-b 3f49c2e437bb hwm_kb=135648 rss_kb=102700 cgroup_peak=126767104
1791525886 15-mixed-b 3f49c2e437bb hwm_kb=135648 rss_kb=105504 cgroup_peak=126767104
1791525887 15-mixed-b 3f49c2e437bb hwm_kb=135648 rss_kb=101572 cgroup_peak=126767104
1791525887 15-mixed-b 3f49c2e437bb hwm_kb=135648 rss_kb=105624 cgroup_peak=126767104
1791525888 15-mixed-b 3f49c2e437bb hwm_kb=135648 rss_kb=108952 cgroup_peak=126767104
1791525888 15-mixed-b 3f49c2e437bb hwm_kb=135648 rss_kb=108060 cgroup_peak=126767104
1791525889 15-mixed-b 3f49c2e437bb hwm_kb=135648 rss_kb=109248 cgroup_peak=126767104
1791525889 15-mixed-b 3f49c2e437bb hwm_kb=135648 rss_kb=122948 cgroup_peak=126767104
1791525890 15-mixed-b 3f49c2e437bb hwm_kb=135648 rss_kb=119468 cgroup_peak=126767104
1791525890 15-mixed-b 3f49c2e437bb hwm_kb=135648 rss_kb=105848 cgroup_peak=126767104
1791525891 15-mixed-b 3f49c2e437bb hwm_kb=135648 rss_kb=109988 cgroup_peak=126767104
1791525891 15-mixed-b 3f49c2e437bb hwm_kb=135648 rss_kb=102248 cgroup_peak=126767104
1791525892 15-mixed-b 3f49c2e437bb hwm_kb=135648 rss_kb=121844 cgroup_peak=126767104
1791525892 15-mixed-b 3f49c2e437bb hwm_kb=135648 rss_kb=115340 cgroup_peak=126767104
1791525893 15-mixed-b 3f49c2e437bb hwm_kb=135648 rss_kb=122392 cgroup_peak=126767104
1791525893 15-mixed-b 3f49c2e437bb hwm_kb=135648 rss_kb=116848 cgroup_peak=126767104
1791525894 15-mixed-b 3f49c2e437bb hwm_kb=135648 rss_kb=113896 cgroup_peak=126767104
1791525895 15-mixed-b 3f49c2e437bb hwm_kb=135648 rss_kb=109508 cgroup_peak=126767104
1791525895 15-mixed-b 3f49c2e437bb hwm_kb=135648 rss_kb=114132 cgroup_peak=126767104
1791525896 15-mixed-b 3f49c2e437bb hwm_kb=135648 rss_kb=125012 cgroup_peak=126767104
1791525896 15-mixed-b 3f49c2e437bb hwm_kb=135648 rss_kb=121004 cgroup_peak=126767104
1791525897 15-mixed-b 3f49c2e437bb hwm_kb=135648 rss_kb=125920 cgroup_peak=126767104
1791525898 15-mixed-b 898219dd686e hwm_kb=31956 rss_kb=31956 cgroup_peak=18894848
1791525899 15-mixed-b 898219dd686e hwm_kb=31956 rss_kb=31956 cgroup_peak=18894848
1791525899 15-mixed-b 898219dd686e hwm_kb=31956 rss_kb=31956 cgroup_peak=18894848
1791525900 15-mixed-b 898219dd686e hwm_kb=31956 rss_kb=31956 cgroup_peak=18894848
1791525900 15-mixed-b 898219dd686e hwm_kb=31956 rss_kb=31956 cgroup_peak=18894848
1791525901 15-mixed-b 898219dd686e hwm_kb=31956 rss_kb=31956 cgroup_peak=18894848
1791525901 15-mixed-b 898219dd686e hwm_kb=49248 rss_kb=49312 cgroup_peak=33193984
1791525902 15-mixed-b 898219dd686e hwm_kb=56332 rss_kb=55332 cgroup_peak=40955904
1791525902 15-mixed-b 898219dd686e hwm_kb=64888 rss_kb=60376 cgroup_peak=49987584
1791525903 15-mixed-b 898219dd686e hwm_kb=76260 rss_kb=76260 cgroup_peak=61571072
1791525904 15-mixed-b 898219dd686e hwm_kb=89984 rss_kb=79992 cgroup_peak=76955648
1791525904 15-mixed-b 898219dd686e hwm_kb=104088 rss_kb=82740 cgroup_peak=93167616
1791525905 15-mixed-b 898219dd686e hwm_kb=107484 rss_kb=88656 cgroup_peak=97579008
1791525905 15-mixed-b 898219dd686e hwm_kb=115112 rss_kb=107468 cgroup_peak=105783296
1791525906 15-mixed-b 898219dd686e hwm_kb=123360 rss_kb=120136 cgroup_peak=112480256
1791525906 15-mixed-b 898219dd686e hwm_kb=132220 rss_kb=109296 cgroup_peak=123002880
1791525907 15-mixed-b 898219dd686e hwm_kb=132220 rss_kb=109216 cgroup_peak=123002880
1791525907 15-mixed-b 898219dd686e hwm_kb=133020 rss_kb=119900 cgroup_peak=123592704
1791525908 15-mixed-b 898219dd686e hwm_kb=134856 rss_kb=119536 cgroup_peak=125435904
1791525908 15-mixed-b 898219dd686e hwm_kb=134856 rss_kb=127400 cgroup_peak=125435904
1791525909 15-mixed-b 898219dd686e hwm_kb=135828 rss_kb=97836 cgroup_peak=126779392
1791525909 15-mixed-b 898219dd686e hwm_kb=135828 rss_kb=119352 cgroup_peak=126779392
1791525910 15-mixed-b 898219dd686e hwm_kb=137556 rss_kb=116228 cgroup_peak=128413696
1791525910 15-mixed-b 898219dd686e hwm_kb=137556 rss_kb=132220 cgroup_peak=128413696
1791525911 15-mixed-b 898219dd686e hwm_kb=137556 rss_kb=107092 cgroup_peak=128413696
1791525911 15-mixed-b 898219dd686e hwm_kb=137556 rss_kb=121944 cgroup_peak=128413696
1791525912 15-mixed-b 898219dd686e hwm_kb=137556 rss_kb=112916 cgroup_peak=128413696
1791525912 15-mixed-b 898219dd686e hwm_kb=137556 rss_kb=106300 cgroup_peak=128413696
1791525913 15-mixed-b 898219dd686e hwm_kb=137556 rss_kb=112616 cgroup_peak=128413696
1791525914 15-mixed-b 898219dd686e hwm_kb=137556 rss_kb=100616 cgroup_peak=128413696
1791525914 15-mixed-b 898219dd686e hwm_kb=137556 rss_kb=126956 cgroup_peak=128413696
1791525915 15-mixed-b 898219dd686e hwm_kb=137556 rss_kb=114020 cgroup_peak=128413696
1791525915 15-mixed-b 898219dd686e hwm_kb=137556 rss_kb=111056 cgroup_peak=128413696
1791525916 15-mixed-b 898219dd686e hwm_kb=137556 rss_kb=97824 cgroup_peak=128413696
1791525916 15-mixed-b 898219dd686e hwm_kb=137556 rss_kb=115852 cgroup_peak=128413696
1791525917 15-mixed-b 898219dd686e hwm_kb=137556 rss_kb=126144 cgroup_peak=128413696
1791525917 15-mixed-b 898219dd686e hwm_kb=137556 rss_kb=122744 cgroup_peak=128413696
1791525918 15-mixed-b 898219dd686e hwm_kb=137556 rss_kb=122128 cgroup_peak=128413696
1791525918 15-mixed-b 898219dd686e hwm_kb=137556 rss_kb=101336 cgroup_peak=128413696
1791525919 15-mixed-b 898219dd686e hwm_kb=137556 rss_kb=128188 cgroup_peak=128413696
1791525919 15-mixed-b 898219dd686e hwm_kb=137556 rss_kb=116840 cgroup_peak=128413696
1791525920 15-mixed-b 898219dd686e hwm_kb=137556 rss_kb=128684 cgroup_peak=128413696
1791525920 15-mixed-b 898219dd686e hwm_kb=137556 rss_kb=116420 cgroup_peak=128413696
1791525921 15-mixed-b 898219dd686e hwm_kb=137556 rss_kb=126728 cgroup_peak=128413696
1791525921 15-mixed-b 898219dd686e hwm_kb=137556 rss_kb=131416 cgroup_peak=128413696
1791525922 15-mixed-b 898219dd686e hwm_kb=137556 rss_kb=114712 cgroup_peak=128413696
1791525922 15-mixed-b 898219dd686e hwm_kb=137556 rss_kb=116900 cgroup_peak=128413696
1791525923 15-mixed-b 898219dd686e hwm_kb=137556 rss_kb=117848 cgroup_peak=128413696
1791525924 15-mixed-b 898219dd686e hwm_kb=137556 rss_kb=118840 cgroup_peak=128413696
1791525924 15-mixed-b 898219dd686e hwm_kb=137556 rss_kb=123532 cgroup_peak=128413696
1791525925 15-mixed-b 898219dd686e hwm_kb=137556 rss_kb=115752 cgroup_peak=128413696
1791525925 15-mixed-b 898219dd686e hwm_kb=137556 rss_kb=119588 cgroup_peak=128413696
1791525926 15-mixed-b 898219dd686e hwm_kb=137556 rss_kb=121948 cgroup_peak=128413696
1791525926 15-mixed-b 898219dd686e hwm_kb=137556 rss_kb=118084 cgroup_peak=128413696
1791525927 15-mixed-b 898219dd686e hwm_kb=137556 rss_kb=115820 cgroup_peak=128413696
1791525927 15-mixed-b 898219dd686e hwm_kb=137556 rss_kb=122332 cgroup_peak=128413696
1791525928 15-mixed-b 898219dd686e hwm_kb=137556 rss_kb=118412 cgroup_peak=128413696
1791525928 15-mixed-b 898219dd686e hwm_kb=137556 rss_kb=121916 cgroup_peak=128413696
1791525929 15-mixed-b 898219dd686e hwm_kb=137556 rss_kb=111564 cgroup_peak=128413696
1791525929 15-mixed-b 898219dd686e hwm_kb=137556 rss_kb=104372 cgroup_peak=128413696
1791525930 15-mixed-b 898219dd686e hwm_kb=137556 rss_kb=102156 cgroup_peak=128413696
1791525930 15-mixed-b 898219dd686e hwm_kb=137556 rss_kb=106196 cgroup_peak=128413696
1791525931 15-mixed-b 898219dd686e hwm_kb=137556 rss_kb=103416 cgroup_peak=128413696
1791525931 15-mixed-b 898219dd686e hwm_kb=137556 rss_kb=105464 cgroup_peak=128413696
1791525932 15-mixed-b 898219dd686e hwm_kb=137556 rss_kb=109072 cgroup_peak=128413696
1791525933 15-mixed-b 898219dd686e hwm_kb=137556 rss_kb=114968 cgroup_peak=128413696
1791525933 15-mixed-b 898219dd686e hwm_kb=137556 rss_kb=109900 cgroup_peak=128413696
1791525934 15-mixed-b 898219dd686e hwm_kb=137556 rss_kb=114148 cgroup_peak=128413696
1791525934 15-mixed-b 898219dd686e hwm_kb=137556 rss_kb=110936 cgroup_peak=128413696
1791525935 15-mixed-b 898219dd686e hwm_kb=137556 rss_kb=119708 cgroup_peak=128413696
1791525935 15-mixed-b 898219dd686e hwm_kb=137556 rss_kb=105348 cgroup_peak=128413696
1791525936 15-mixed-b 898219dd686e hwm_kb=137556 rss_kb=108216 cgroup_peak=128413696
1791525936 15-mixed-b 898219dd686e hwm_kb=137556 rss_kb=109748 cgroup_peak=128413696
1791525937 15-mixed-b 898219dd686e hwm_kb=137556 rss_kb=123756 cgroup_peak=128413696
1791525937 15-mixed-b 898219dd686e hwm_kb=137556 rss_kb=122204 cgroup_peak=128413696
1791525938 15-mixed-b 898219dd686e hwm_kb=137556 rss_kb=117664 cgroup_peak=128413696
1791525938 15-mixed-b 898219dd686e hwm_kb=137556 rss_kb=124624 cgroup_peak=128413696
1791525939 15-mixed-b 898219dd686e hwm_kb=137556 rss_kb=110440 cgroup_peak=128413696
1791525939 15-mixed-b 898219dd686e hwm_kb=137556 rss_kb=103180 cgroup_peak=128413696
1791525940 15-mixed-b 898219dd686e hwm_kb=137556 rss_kb=114208 cgroup_peak=128413696
1791525940 15-mixed-b 898219dd686e hwm_kb=137556 rss_kb=111484 cgroup_peak=128413696
1791525941 15-mixed-b 898219dd686e hwm_kb=137556 rss_kb=108172 cgroup_peak=128413696
1791525942 15-mixed-b 898219dd686e hwm_kb=137556 rss_kb=112904 cgroup_peak=128413696
1791525944 16-mixed-main 47ad786be016 hwm_kb=35488 rss_kb=35488 cgroup_peak=22642688
1791525944 16-mixed-main 47ad786be016 hwm_kb=35488 rss_kb=35488 cgroup_peak=22642688
1791525945 16-mixed-main 47ad786be016 hwm_kb=35488 rss_kb=35488 cgroup_peak=22642688
1791525945 16-mixed-main 47ad786be016 hwm_kb=35488 rss_kb=35488 cgroup_peak=22642688
1791525946 16-mixed-main 47ad786be016 hwm_kb=35488 rss_kb=35488 cgroup_peak=22642688
1791525946 16-mixed-main 47ad786be016 hwm_kb=35488 rss_kb=35488 cgroup_peak=22642688
1791525947 16-mixed-main 47ad786be016 hwm_kb=51372 rss_kb=51408 cgroup_peak=35229696
1791525947 16-mixed-main 47ad786be016 hwm_kb=58820 rss_kb=58820 cgroup_peak=43687936
1791525948 16-mixed-main 47ad786be016 hwm_kb=66976 rss_kb=66976 cgroup_peak=52228096
1791525949 16-mixed-main 47ad786be016 hwm_kb=77768 rss_kb=77768 cgroup_peak=63197184
1791525949 16-mixed-main 47ad786be016 hwm_kb=89320 rss_kb=84068 cgroup_peak=75972608
1791525950 16-mixed-main 47ad786be016 hwm_kb=101564 rss_kb=81408 cgroup_peak=89071616
1791525950 16-mixed-main 47ad786be016 hwm_kb=109720 rss_kb=93540 cgroup_peak=97628160
1791525951 16-mixed-main 47ad786be016 hwm_kb=117468 rss_kb=106300 cgroup_peak=105738240
1791525951 16-mixed-main 47ad786be016 hwm_kb=122448 rss_kb=122448 cgroup_peak=111104000
1791525952 16-mixed-main 47ad786be016 hwm_kb=133668 rss_kb=104512 cgroup_peak=123232256
1791525952 16-mixed-main 47ad786be016 hwm_kb=133668 rss_kb=128208 cgroup_peak=123232256
1791525953 16-mixed-main 47ad786be016 hwm_kb=134140 rss_kb=116740 cgroup_peak=124833792
1791525953 16-mixed-main 47ad786be016 hwm_kb=134140 rss_kb=119016 cgroup_peak=124833792
1791525954 16-mixed-main 47ad786be016 hwm_kb=134140 rss_kb=120764 cgroup_peak=124833792
1791525954 16-mixed-main 47ad786be016 hwm_kb=134140 rss_kb=113316 cgroup_peak=124833792
1791525955 16-mixed-main 47ad786be016 hwm_kb=134140 rss_kb=112200 cgroup_peak=124833792
1791525955 16-mixed-main 47ad786be016 hwm_kb=134140 rss_kb=113064 cgroup_peak=124833792
1791525956 16-mixed-main 47ad786be016 hwm_kb=134140 rss_kb=115936 cgroup_peak=124833792
1791525956 16-mixed-main 47ad786be016 hwm_kb=136108 rss_kb=119076 cgroup_peak=126869504
1791525957 16-mixed-main 47ad786be016 hwm_kb=136108 rss_kb=110548 cgroup_peak=126869504
1791525958 16-mixed-main 47ad786be016 hwm_kb=136108 rss_kb=118096 cgroup_peak=126869504
1791525958 16-mixed-main 47ad786be016 hwm_kb=136108 rss_kb=107760 cgroup_peak=126869504
1791525959 16-mixed-main 47ad786be016 hwm_kb=136108 rss_kb=116524 cgroup_peak=126869504
1791525959 16-mixed-main 47ad786be016 hwm_kb=136108 rss_kb=115232 cgroup_peak=126869504
1791525960 16-mixed-main 47ad786be016 hwm_kb=136108 rss_kb=127456 cgroup_peak=126869504
1791525960 16-mixed-main 47ad786be016 hwm_kb=136108 rss_kb=102740 cgroup_peak=126869504
1791525961 16-mixed-main 47ad786be016 hwm_kb=136108 rss_kb=120844 cgroup_peak=126869504
1791525961 16-mixed-main 47ad786be016 hwm_kb=136108 rss_kb=102652 cgroup_peak=126869504
1791525962 16-mixed-main 47ad786be016 hwm_kb=136108 rss_kb=116824 cgroup_peak=126869504
1791525962 16-mixed-main 47ad786be016 hwm_kb=136108 rss_kb=124404 cgroup_peak=126869504
1791525963 16-mixed-main 47ad786be016 hwm_kb=136108 rss_kb=101244 cgroup_peak=126869504
1791525963 16-mixed-main 47ad786be016 hwm_kb=136108 rss_kb=109752 cgroup_peak=126869504
1791525964 16-mixed-main 47ad786be016 hwm_kb=136108 rss_kb=118240 cgroup_peak=126869504
1791525964 16-mixed-main 47ad786be016 hwm_kb=136108 rss_kb=111724 cgroup_peak=126869504
1791525965 16-mixed-main 47ad786be016 hwm_kb=136108 rss_kb=106324 cgroup_peak=126869504
1791525965 16-mixed-main 47ad786be016 hwm_kb=136108 rss_kb=119736 cgroup_peak=126869504
1791525966 16-mixed-main 47ad786be016 hwm_kb=136108 rss_kb=113648 cgroup_peak=126869504
1791525966 16-mixed-main 47ad786be016 hwm_kb=136108 rss_kb=111204 cgroup_peak=126869504
1791525967 16-mixed-main 47ad786be016 hwm_kb=137540 rss_kb=136152 cgroup_peak=128364544
1791525968 16-mixed-main 47ad786be016 hwm_kb=137540 rss_kb=118860 cgroup_peak=128364544
1791525968 16-mixed-main 47ad786be016 hwm_kb=137540 rss_kb=117260 cgroup_peak=128364544
1791525969 16-mixed-main 47ad786be016 hwm_kb=137540 rss_kb=117540 cgroup_peak=128364544
1791525969 16-mixed-main 47ad786be016 hwm_kb=137540 rss_kb=118056 cgroup_peak=128364544
1791525970 16-mixed-main 47ad786be016 hwm_kb=137540 rss_kb=115432 cgroup_peak=128364544
1791525970 16-mixed-main 47ad786be016 hwm_kb=137540 rss_kb=120984 cgroup_peak=128364544
1791525971 16-mixed-main 47ad786be016 hwm_kb=137540 rss_kb=104864 cgroup_peak=128364544
1791525971 16-mixed-main 47ad786be016 hwm_kb=137540 rss_kb=99460 cgroup_peak=128364544
1791525972 16-mixed-main 47ad786be016 hwm_kb=137540 rss_kb=103904 cgroup_peak=128364544
1791525972 16-mixed-main 47ad786be016 hwm_kb=137540 rss_kb=106972 cgroup_peak=128364544
1791525973 16-mixed-main 47ad786be016 hwm_kb=137540 rss_kb=102788 cgroup_peak=128364544
1791525973 16-mixed-main 47ad786be016 hwm_kb=137540 rss_kb=100600 cgroup_peak=128364544
1791525974 16-mixed-main 47ad786be016 hwm_kb=137540 rss_kb=104220 cgroup_peak=128364544
1791525974 16-mixed-main 47ad786be016 hwm_kb=137540 rss_kb=105644 cgroup_peak=128364544
1791525975 16-mixed-main 47ad786be016 hwm_kb=137540 rss_kb=109140 cgroup_peak=128364544
1791525975 16-mixed-main 47ad786be016 hwm_kb=137540 rss_kb=106688 cgroup_peak=128364544
1791525976 16-mixed-main 47ad786be016 hwm_kb=137540 rss_kb=95704 cgroup_peak=128364544
1791525977 16-mixed-main 47ad786be016 hwm_kb=137540 rss_kb=107104 cgroup_peak=128364544
1791525977 16-mixed-main 47ad786be016 hwm_kb=137540 rss_kb=108680 cgroup_peak=128364544
1791525978 16-mixed-main 47ad786be016 hwm_kb=137540 rss_kb=105280 cgroup_peak=128364544
1791525978 16-mixed-main 47ad786be016 hwm_kb=137540 rss_kb=112600 cgroup_peak=128364544
1791525979 16-mixed-main 47ad786be016 hwm_kb=137540 rss_kb=109600 cgroup_peak=128364544
1791525979 16-mixed-main 47ad786be016 hwm_kb=137540 rss_kb=111976 cgroup_peak=128364544
1791525980 16-mixed-main 47ad786be016 hwm_kb=137540 rss_kb=116084 cgroup_peak=128364544
1791525980 16-mixed-main 47ad786be016 hwm_kb=137540 rss_kb=104164 cgroup_peak=128364544
1791525981 16-mixed-main 47ad786be016 hwm_kb=137540 rss_kb=116580 cgroup_peak=128364544
1791525981 16-mixed-main 47ad786be016 hwm_kb=137540 rss_kb=107000 cgroup_peak=128364544
1791525982 16-mixed-main 47ad786be016 hwm_kb=137540 rss_kb=108464 cgroup_peak=128364544
1791525982 16-mixed-main 47ad786be016 hwm_kb=137540 rss_kb=117184 cgroup_peak=128364544
1791525983 16-mixed-main 47ad786be016 hwm_kb=137540 rss_kb=115164 cgroup_peak=128364544
1791525983 16-mixed-main 47ad786be016 hwm_kb=137540 rss_kb=121100 cgroup_peak=128364544
1791525984 16-mixed-main 47ad786be016 hwm_kb=137540 rss_kb=112364 cgroup_peak=128364544
1791525984 16-mixed-main 47ad786be016 hwm_kb=137540 rss_kb=98432 cgroup_peak=128364544
1791525985 16-mixed-main 47ad786be016 hwm_kb=137540 rss_kb=101116 cgroup_peak=128364544
1791525985 16-mixed-main 47ad786be016 hwm_kb=137540 rss_kb=116392 cgroup_peak=128364544
1791525986 16-mixed-main 47ad786be016 hwm_kb=137540 rss_kb=114532 cgroup_peak=128364544
1791525987 16-mixed-main 47ad786be016 hwm_kb=137540 rss_kb=118416 cgroup_peak=128364544
1791525987 16-mixed-main 47ad786be016 hwm_kb=137540 rss_kb=121592 cgroup_peak=128364544
1791525989 16-mixed-main 7da071f16258 hwm_kb=33168 rss_kb=33168 cgroup_peak=19759104
1791525989 16-mixed-main 7da071f16258 hwm_kb=33168 rss_kb=33168 cgroup_peak=19759104
1791525990 16-mixed-main 7da071f16258 hwm_kb=33168 rss_kb=33168 cgroup_peak=19759104
1791525990 16-mixed-main 7da071f16258 hwm_kb=33168 rss_kb=33168 cgroup_peak=19759104
1791525991 16-mixed-main 7da071f16258 hwm_kb=33168 rss_kb=33168 cgroup_peak=19759104
1791525991 16-mixed-main 7da071f16258 hwm_kb=33168 rss_kb=33168 cgroup_peak=19759104
1791525992 16-mixed-main 7da071f16258 hwm_kb=39716 rss_kb=39716 cgroup_peak=22401024
1791525992 16-mixed-main 7da071f16258 hwm_kb=58412 rss_kb=49572 cgroup_peak=45105152
1791525993 16-mixed-main 7da071f16258 hwm_kb=66376 rss_kb=63892 cgroup_peak=53256192
1791525993 16-mixed-main 7da071f16258 hwm_kb=70272 rss_kb=70272 cgroup_peak=57303040
1791525994 16-mixed-main 7da071f16258 hwm_kb=80488 rss_kb=72548 cgroup_peak=68218880
1791525994 16-mixed-main 7da071f16258 hwm_kb=101628 rss_kb=91800 cgroup_peak=90914816
1791525995 16-mixed-main 7da071f16258 hwm_kb=107048 rss_kb=107048 cgroup_peak=96714752
1791525996 16-mixed-main 7da071f16258 hwm_kb=112256 rss_kb=111296 cgroup_peak=102359040
1791525996 16-mixed-main 7da071f16258 hwm_kb=128132 rss_kb=108764 cgroup_peak=118853632
1791525997 16-mixed-main 7da071f16258 hwm_kb=128132 rss_kb=105628 cgroup_peak=118853632
1791525997 16-mixed-main 7da071f16258 hwm_kb=128132 rss_kb=120300 cgroup_peak=118853632
1791525998 16-mixed-main 7da071f16258 hwm_kb=134240 rss_kb=120564 cgroup_peak=126607360
1791525998 16-mixed-main 7da071f16258 hwm_kb=134240 rss_kb=110284 cgroup_peak=126607360
1791525999 16-mixed-main 7da071f16258 hwm_kb=134240 rss_kb=110400 cgroup_peak=126607360
1791525999 16-mixed-main 7da071f16258 hwm_kb=134240 rss_kb=114580 cgroup_peak=126607360
1791526000 16-mixed-main 7da071f16258 hwm_kb=134240 rss_kb=125308 cgroup_peak=126607360
1791526000 16-mixed-main 7da071f16258 hwm_kb=136784 rss_kb=96264 cgroup_peak=128753664
1791526001 16-mixed-main 7da071f16258 hwm_kb=136784 rss_kb=101100 cgroup_peak=128753664
1791526001 16-mixed-main 7da071f16258 hwm_kb=136784 rss_kb=116232 cgroup_peak=128753664
1791526002 16-mixed-main 7da071f16258 hwm_kb=136784 rss_kb=121984 cgroup_peak=128753664
1791526002 16-mixed-main 7da071f16258 hwm_kb=136784 rss_kb=111864 cgroup_peak=128753664
1791526003 16-mixed-main 7da071f16258 hwm_kb=136784 rss_kb=105892 cgroup_peak=128753664
1791526003 16-mixed-main 7da071f16258 hwm_kb=136784 rss_kb=122236 cgroup_peak=128753664
1791526004 16-mixed-main 7da071f16258 hwm_kb=136784 rss_kb=102524 cgroup_peak=128753664
1791526004 16-mixed-main 7da071f16258 hwm_kb=136784 rss_kb=103196 cgroup_peak=128753664
1791526005 16-mixed-main 7da071f16258 hwm_kb=136784 rss_kb=100252 cgroup_peak=128753664
1791526006 16-mixed-main 7da071f16258 hwm_kb=136784 rss_kb=117396 cgroup_peak=128753664
1791526006 16-mixed-main 7da071f16258 hwm_kb=136784 rss_kb=128048 cgroup_peak=128753664
1791526007 16-mixed-main 7da071f16258 hwm_kb=136784 rss_kb=107036 cgroup_peak=128753664
1791526007 16-mixed-main 7da071f16258 hwm_kb=136784 rss_kb=117992 cgroup_peak=128753664
1791526008 16-mixed-main 7da071f16258 hwm_kb=136784 rss_kb=119452 cgroup_peak=128753664
1791526008 16-mixed-main 7da071f16258 hwm_kb=136784 rss_kb=124236 cgroup_peak=128753664
1791526009 16-mixed-main 7da071f16258 hwm_kb=136784 rss_kb=103676 cgroup_peak=128753664
1791526009 16-mixed-main 7da071f16258 hwm_kb=136784 rss_kb=101752 cgroup_peak=128753664
1791526010 16-mixed-main 7da071f16258 hwm_kb=136784 rss_kb=111180 cgroup_peak=128753664
1791526010 16-mixed-main 7da071f16258 hwm_kb=136784 rss_kb=117916 cgroup_peak=128753664
1791526011 16-mixed-main 7da071f16258 hwm_kb=136784 rss_kb=125460 cgroup_peak=128753664
1791526011 16-mixed-main 7da071f16258 hwm_kb=136784 rss_kb=113492 cgroup_peak=128753664
1791526012 16-mixed-main 7da071f16258 hwm_kb=136784 rss_kb=118968 cgroup_peak=128753664
1791526012 16-mixed-main 7da071f16258 hwm_kb=136784 rss_kb=116180 cgroup_peak=128753664
1791526013 16-mixed-main 7da071f16258 hwm_kb=136784 rss_kb=119264 cgroup_peak=128753664
1791526013 16-mixed-main 7da071f16258 hwm_kb=136784 rss_kb=113304 cgroup_peak=128753664
1791526014 16-mixed-main 7da071f16258 hwm_kb=136784 rss_kb=118592 cgroup_peak=128753664
1791526015 16-mixed-main 7da071f16258 hwm_kb=136784 rss_kb=111472 cgroup_peak=128753664
1791526015 16-mixed-main 7da071f16258 hwm_kb=136784 rss_kb=119612 cgroup_peak=128753664
1791526016 16-mixed-main 7da071f16258 hwm_kb=136784 rss_kb=118544 cgroup_peak=128753664
1791526016 16-mixed-main 7da071f16258 hwm_kb=136784 rss_kb=115448 cgroup_peak=128753664
1791526017 16-mixed-main 7da071f16258 hwm_kb=136784 rss_kb=119672 cgroup_peak=128753664
1791526017 16-mixed-main 7da071f16258 hwm_kb=136784 rss_kb=122188 cgroup_peak=128753664
1791526018 16-mixed-main 7da071f16258 hwm_kb=136784 rss_kb=115344 cgroup_peak=128753664
1791526018 16-mixed-main 7da071f16258 hwm_kb=136784 rss_kb=118520 cgroup_peak=128753664
1791526019 16-mixed-main 7da071f16258 hwm_kb=136784 rss_kb=122320 cgroup_peak=128753664
1791526019 16-mixed-main 7da071f16258 hwm_kb=136784 rss_kb=107864 cgroup_peak=128753664
1791526020 16-mixed-main 7da071f16258 hwm_kb=136784 rss_kb=109096 cgroup_peak=128753664
1791526020 16-mixed-main 7da071f16258 hwm_kb=136784 rss_kb=107992 cgroup_peak=128753664
1791526021 16-mixed-main 7da071f16258 hwm_kb=136784 rss_kb=103696 cgroup_peak=128753664
1791526021 16-mixed-main 7da071f16258 hwm_kb=136784 rss_kb=103664 cgroup_peak=128753664
1791526022 16-mixed-main 7da071f16258 hwm_kb=136784 rss_kb=103448 cgroup_peak=128753664
1791526022 16-mixed-main 7da071f16258 hwm_kb=136784 rss_kb=110272 cgroup_peak=128753664
1791526023 16-mixed-main 7da071f16258 hwm_kb=136784 rss_kb=108488 cgroup_peak=128753664
1791526023 16-mixed-main 7da071f16258 hwm_kb=136784 rss_kb=118228 cgroup_peak=128753664
1791526024 16-mixed-main 7da071f16258 hwm_kb=136784 rss_kb=112680 cgroup_peak=128753664
1791526025 16-mixed-main 7da071f16258 hwm_kb=136784 rss_kb=115936 cgroup_peak=128753664
1791526025 16-mixed-main 7da071f16258 hwm_kb=136784 rss_kb=125028 cgroup_peak=128753664
1791526026 16-mixed-main 7da071f16258 hwm_kb=136784 rss_kb=101424 cgroup_peak=128753664
1791526026 16-mixed-main 7da071f16258 hwm_kb=136784 rss_kb=103200 cgroup_peak=128753664
1791526027 16-mixed-main 7da071f16258 hwm_kb=136784 rss_kb=112704 cgroup_peak=128753664
1791526027 16-mixed-main 7da071f16258 hwm_kb=136784 rss_kb=111020 cgroup_peak=128753664
1791526028 16-mixed-main 7da071f16258 hwm_kb=136784 rss_kb=114112 cgroup_peak=128753664
1791526028 16-mixed-main 7da071f16258 hwm_kb=136784 rss_kb=118680 cgroup_peak=128753664
1791526029 16-mixed-main 7da071f16258 hwm_kb=136784 rss_kb=126568 cgroup_peak=128753664
1791526029 16-mixed-main 7da071f16258 hwm_kb=136784 rss_kb=111520 cgroup_peak=128753664
1791526030 16-mixed-main 7da071f16258 hwm_kb=136784 rss_kb=108476 cgroup_peak=128753664
1791526030 16-mixed-main 7da071f16258 hwm_kb=136784 rss_kb=110188 cgroup_peak=128753664
1791526031 16-mixed-main 7da071f16258 hwm_kb=136784 rss_kb=107880 cgroup_peak=128753664
1791526031 16-mixed-main 7da071f16258 hwm_kb=136784 rss_kb=128292 cgroup_peak=128753664
1791526032 16-mixed-main 7da071f16258 hwm_kb=136784 rss_kb=120268 cgroup_peak=128753664
1791526042 17-normal-main f6eea9dff694 hwm_kb=31408 rss_kb=31408 cgroup_peak=18481152
1791526043 17-normal-main f6eea9dff694 hwm_kb=31408 rss_kb=31408 cgroup_peak=18481152
1791526043 17-normal-main f6eea9dff694 hwm_kb=31408 rss_kb=31408 cgroup_peak=18481152
1791526044 17-normal-main f6eea9dff694 hwm_kb=31408 rss_kb=31408 cgroup_peak=18481152
1791526044 17-normal-main f6eea9dff694 hwm_kb=31408 rss_kb=31408 cgroup_peak=18481152
1791526045 17-normal-main f6eea9dff694 hwm_kb=31408 rss_kb=31408 cgroup_peak=18481152
1791526045 17-normal-main f6eea9dff694 hwm_kb=44540 rss_kb=40036 cgroup_peak=28844032
1791526046 17-normal-main f6eea9dff694 hwm_kb=44540 rss_kb=42408 cgroup_peak=28844032
1791526046 17-normal-main f6eea9dff694 hwm_kb=44540 rss_kb=40952 cgroup_peak=28844032
1791526047 17-normal-main f6eea9dff694 hwm_kb=44540 rss_kb=41468 cgroup_peak=28844032
1791526048 17-normal-main f6eea9dff694 hwm_kb=44540 rss_kb=43764 cgroup_peak=28844032
1791526048 17-normal-main f6eea9dff694 hwm_kb=44540 rss_kb=43960 cgroup_peak=28844032
1791526049 17-normal-main f6eea9dff694 hwm_kb=44668 rss_kb=42284 cgroup_peak=28844032
1791526049 17-normal-main f6eea9dff694 hwm_kb=44668 rss_kb=42664 cgroup_peak=28844032
1791526050 17-normal-main f6eea9dff694 hwm_kb=44668 rss_kb=42632 cgroup_peak=28844032
1791526050 17-normal-main f6eea9dff694 hwm_kb=44668 rss_kb=43156 cgroup_peak=28844032
1791526051 17-normal-main f6eea9dff694 hwm_kb=44668 rss_kb=43128 cgroup_peak=28844032
1791526051 17-normal-main f6eea9dff694 hwm_kb=44668 rss_kb=42944 cgroup_peak=28844032
1791526052 17-normal-main f6eea9dff694 hwm_kb=44668 rss_kb=43640 cgroup_peak=28844032
1791526052 17-normal-main f6eea9dff694 hwm_kb=45420 rss_kb=43224 cgroup_peak=29372416
1791526053 17-normal-main f6eea9dff694 hwm_kb=45420 rss_kb=43740 cgroup_peak=29372416
1791526053 17-normal-main f6eea9dff694 hwm_kb=45420 rss_kb=43168 cgroup_peak=29372416
1791526054 17-normal-main f6eea9dff694 hwm_kb=45420 rss_kb=42080 cgroup_peak=29372416
1791526054 17-normal-main f6eea9dff694 hwm_kb=45420 rss_kb=42764 cgroup_peak=29372416
1791526055 17-normal-main f6eea9dff694 hwm_kb=45420 rss_kb=43652 cgroup_peak=29372416
1791526055 17-normal-main f6eea9dff694 hwm_kb=45420 rss_kb=42216 cgroup_peak=29372416
1791526056 17-normal-main f6eea9dff694 hwm_kb=45420 rss_kb=41108 cgroup_peak=29372416
1791526056 17-normal-main f6eea9dff694 hwm_kb=45420 rss_kb=42752 cgroup_peak=29372416
1791526057 17-normal-main f6eea9dff694 hwm_kb=45420 rss_kb=41704 cgroup_peak=29372416
1791526057 17-normal-main f6eea9dff694 hwm_kb=45420 rss_kb=42712 cgroup_peak=29372416
1791526058 17-normal-main f6eea9dff694 hwm_kb=45420 rss_kb=42856 cgroup_peak=29372416
1791526059 17-normal-main f6eea9dff694 hwm_kb=45420 rss_kb=42600 cgroup_peak=29372416
1791526059 17-normal-main f6eea9dff694 hwm_kb=45420 rss_kb=42408 cgroup_peak=29372416
1791526060 17-normal-main f6eea9dff694 hwm_kb=45420 rss_kb=41364 cgroup_peak=29474816
1791526060 17-normal-main f6eea9dff694 hwm_kb=46000 rss_kb=45012 cgroup_peak=29941760
1791526061 17-normal-main f6eea9dff694 hwm_kb=46000 rss_kb=43820 cgroup_peak=29941760
1791526061 17-normal-main f6eea9dff694 hwm_kb=46000 rss_kb=43112 cgroup_peak=29941760
1791526062 17-normal-main f6eea9dff694 hwm_kb=46000 rss_kb=43572 cgroup_peak=29941760
1791526062 17-normal-main f6eea9dff694 hwm_kb=46000 rss_kb=43332 cgroup_peak=29941760
1791526063 17-normal-main f6eea9dff694 hwm_kb=46000 rss_kb=42908 cgroup_peak=29941760
1791526063 17-normal-main f6eea9dff694 hwm_kb=46000 rss_kb=43308 cgroup_peak=29941760
1791526064 17-normal-main f6eea9dff694 hwm_kb=46000 rss_kb=43384 cgroup_peak=29941760
1791526064 17-normal-main f6eea9dff694 hwm_kb=46000 rss_kb=42704 cgroup_peak=29941760
1791526065 17-normal-main f6eea9dff694 hwm_kb=46000 rss_kb=43244 cgroup_peak=29941760
1791526065 17-normal-main f6eea9dff694 hwm_kb=46000 rss_kb=41244 cgroup_peak=29941760
1791526066 17-normal-main f6eea9dff694 hwm_kb=46000 rss_kb=42052 cgroup_peak=29941760
1791526066 17-normal-main f6eea9dff694 hwm_kb=46000 rss_kb=41500 cgroup_peak=29941760
1791526067 17-normal-main f6eea9dff694 hwm_kb=46000 rss_kb=42636 cgroup_peak=29941760
1791526068 17-normal-main f6eea9dff694 hwm_kb=46000 rss_kb=42864 cgroup_peak=29941760
1791526068 17-normal-main f6eea9dff694 hwm_kb=46000 rss_kb=43696 cgroup_peak=29941760
1791526069 17-normal-main f6eea9dff694 hwm_kb=46000 rss_kb=42992 cgroup_peak=29941760
1791526069 17-normal-main f6eea9dff694 hwm_kb=46000 rss_kb=43048 cgroup_peak=29941760
1791526070 17-normal-main f6eea9dff694 hwm_kb=46000 rss_kb=43392 cgroup_peak=29941760
1791526070 17-normal-main f6eea9dff694 hwm_kb=46000 rss_kb=43728 cgroup_peak=29941760
1791526071 17-normal-main f6eea9dff694 hwm_kb=46000 rss_kb=42640 cgroup_peak=29941760
1791526071 17-normal-main f6eea9dff694 hwm_kb=46000 rss_kb=44152 cgroup_peak=29941760
1791526072 17-normal-main f6eea9dff694 hwm_kb=46000 rss_kb=44100 cgroup_peak=29941760
1791526072 17-normal-main f6eea9dff694 hwm_kb=46000 rss_kb=43124 cgroup_peak=29941760
1791526073 17-normal-main f6eea9dff694 hwm_kb=46000 rss_kb=43460 cgroup_peak=29941760
1791526073 17-normal-main f6eea9dff694 hwm_kb=46000 rss_kb=44048 cgroup_peak=29941760
1791526074 17-normal-main f6eea9dff694 hwm_kb=46000 rss_kb=42860 cgroup_peak=29941760
1791526074 17-normal-main f6eea9dff694 hwm_kb=46000 rss_kb=43624 cgroup_peak=29941760
1791526075 17-normal-main f6eea9dff694 hwm_kb=46000 rss_kb=44032 cgroup_peak=29941760
1791526075 17-normal-main f6eea9dff694 hwm_kb=46000 rss_kb=44076 cgroup_peak=29941760
1791526076 17-normal-main f6eea9dff694 hwm_kb=46000 rss_kb=44340 cgroup_peak=29941760
1791526076 17-normal-main f6eea9dff694 hwm_kb=46000 rss_kb=42916 cgroup_peak=29941760
1791526077 17-normal-main f6eea9dff694 hwm_kb=46000 rss_kb=43252 cgroup_peak=29941760
1791526078 17-normal-main f6eea9dff694 hwm_kb=46000 rss_kb=43812 cgroup_peak=29941760
1791526078 17-normal-main f6eea9dff694 hwm_kb=46008 rss_kb=44088 cgroup_peak=29990912
1791526079 17-normal-main f6eea9dff694 hwm_kb=46072 rss_kb=44056 cgroup_peak=29995008
1791526079 17-normal-main f6eea9dff694 hwm_kb=46072 rss_kb=42728 cgroup_peak=29995008
1791526080 17-normal-main f6eea9dff694 hwm_kb=46072 rss_kb=44932 cgroup_peak=29995008
1791526080 17-normal-main f6eea9dff694 hwm_kb=46072 rss_kb=43544 cgroup_peak=29995008
1791526081 17-normal-main f6eea9dff694 hwm_kb=46072 rss_kb=43376 cgroup_peak=29995008
1791526081 17-normal-main f6eea9dff694 hwm_kb=46072 rss_kb=43920 cgroup_peak=29995008
1791526082 17-normal-main f6eea9dff694 hwm_kb=46072 rss_kb=45492 cgroup_peak=30060544
1791526082 17-normal-main f6eea9dff694 hwm_kb=46452 rss_kb=43856 cgroup_peak=30355456
1791526083 17-normal-main f6eea9dff694 hwm_kb=46452 rss_kb=42868 cgroup_peak=30355456
1791526083 17-normal-main f6eea9dff694 hwm_kb=46452 rss_kb=46292 cgroup_peak=30355456
1791526084 17-normal-main f6eea9dff694 hwm_kb=46452 rss_kb=44368 cgroup_peak=30355456
1791526084 17-normal-main f6eea9dff694 hwm_kb=46452 rss_kb=43928 cgroup_peak=30355456
1791526085 17-normal-main f6eea9dff694 hwm_kb=46452 rss_kb=44840 cgroup_peak=30355456
1791526085 17-normal-main f6eea9dff694 hwm_kb=52544 rss_kb=52544 cgroup_peak=39264256
1791526086 17-normal-main f6eea9dff694 hwm_kb=89328 rss_kb=89328 cgroup_peak=77705216
1791526086 17-normal-main f6eea9dff694 hwm_kb=120112 rss_kb=120116 cgroup_peak=110235648
1791526087 17-normal-main f6eea9dff694 hwm_kb=130584 rss_kb=121892 cgroup_peak=122396672
1791526088 17-normal-main f6eea9dff694 hwm_kb=130584 rss_kb=125312 cgroup_peak=122396672
1791526088 17-normal-main f6eea9dff694 hwm_kb=130584 rss_kb=127240 cgroup_peak=122396672
1791526089 17-normal-main f6eea9dff694 hwm_kb=130584 rss_kb=126296 cgroup_peak=122667008
1791526089 17-normal-main f6eea9dff694 hwm_kb=130872 rss_kb=128460 cgroup_peak=127225856
1791526090 17-normal-main f6eea9dff694 hwm_kb=132276 rss_kb=130020 cgroup_peak=129888256
1791526090 17-normal-main f6eea9dff694 hwm_kb=132324 rss_kb=130932 cgroup_peak=131088384
1791526091 17-normal-main f6eea9dff694 hwm_kb=134068 rss_kb=133696 cgroup_peak=134995968
1791526091 17-normal-main f6eea9dff694 hwm_kb=134936 rss_kb=134232 cgroup_peak=136290304
1791526092 17-normal-main f6eea9dff694 hwm_kb=134936 rss_kb=132328 cgroup_peak=136404992
1791526092 17-normal-main f6eea9dff694 hwm_kb=134936 rss_kb=131420 cgroup_peak=136417280
1791526093 17-normal-main f6eea9dff694 hwm_kb=134936 rss_kb=132512 cgroup_peak=139714560
1791526093 17-normal-main f6eea9dff694 hwm_kb=134936 rss_kb=131952 cgroup_peak=139714560
1791526094 17-normal-main f6eea9dff694 hwm_kb=134936 rss_kb=131140 cgroup_peak=139714560
1791526094 17-normal-main f6eea9dff694 hwm_kb=134936 rss_kb=129636 cgroup_peak=139714560
1791526095 17-normal-main f6eea9dff694 hwm_kb=134936 rss_kb=131252 cgroup_peak=139874304
1791526095 17-normal-main f6eea9dff694 hwm_kb=134936 rss_kb=130944 cgroup_peak=140775424
1791526097 17-normal-main 349a3b74d5c5 hwm_kb=30936 rss_kb=30936 cgroup_peak=13611008
1791526098 17-normal-main 349a3b74d5c5 hwm_kb=30936 rss_kb=30936 cgroup_peak=17776640
1791526098 17-normal-main 349a3b74d5c5 hwm_kb=30936 rss_kb=30936 cgroup_peak=17776640
1791526099 17-normal-main 349a3b74d5c5 hwm_kb=30936 rss_kb=30936 cgroup_peak=17776640
1791526099 17-normal-main 349a3b74d5c5 hwm_kb=30936 rss_kb=30936 cgroup_peak=17776640
1791526100 17-normal-main 349a3b74d5c5 hwm_kb=30936 rss_kb=30936 cgroup_peak=17776640
1791526100 17-normal-main 349a3b74d5c5 hwm_kb=31136 rss_kb=31136 cgroup_peak=17776640
1791526101 17-normal-main 349a3b74d5c5 hwm_kb=42096 rss_kb=40312 cgroup_peak=26116096
1791526101 17-normal-main 349a3b74d5c5 hwm_kb=42096 rss_kb=39996 cgroup_peak=26116096
1791526102 17-normal-main 349a3b74d5c5 hwm_kb=42096 rss_kb=40536 cgroup_peak=26165248
1791526102 17-normal-main 349a3b74d5c5 hwm_kb=42096 rss_kb=40080 cgroup_peak=26165248
1791526103 17-normal-main 349a3b74d5c5 hwm_kb=44252 rss_kb=41712 cgroup_peak=28459008
1791526103 17-normal-main 349a3b74d5c5 hwm_kb=44252 rss_kb=41400 cgroup_peak=28459008
1791526104 17-normal-main 349a3b74d5c5 hwm_kb=44252 rss_kb=43256 cgroup_peak=28459008
1791526104 17-normal-main 349a3b74d5c5 hwm_kb=45664 rss_kb=41084 cgroup_peak=29601792
1791526105 17-normal-main 349a3b74d5c5 hwm_kb=45664 rss_kb=43428 cgroup_peak=29601792
1791526105 17-normal-main 349a3b74d5c5 hwm_kb=45664 rss_kb=42072 cgroup_peak=29601792
1791526106 17-normal-main 349a3b74d5c5 hwm_kb=45664 rss_kb=42684 cgroup_peak=29601792
1791526107 17-normal-main 349a3b74d5c5 hwm_kb=45664 rss_kb=42716 cgroup_peak=29601792
1791526107 17-normal-main 349a3b74d5c5 hwm_kb=45664 rss_kb=44136 cgroup_peak=29601792
1791526108 17-normal-main 349a3b74d5c5 hwm_kb=45664 rss_kb=43128 cgroup_peak=29601792
1791526108 17-normal-main 349a3b74d5c5 hwm_kb=46276 rss_kb=45572 cgroup_peak=30162944
1791526109 17-normal-main 349a3b74d5c5 hwm_kb=46276 rss_kb=43284 cgroup_peak=30162944
1791526109 17-normal-main 349a3b74d5c5 hwm_kb=48212 rss_kb=45096 cgroup_peak=32092160
1791526110 17-normal-main 349a3b74d5c5 hwm_kb=48212 rss_kb=45108 cgroup_peak=32092160
1791526110 17-normal-main 349a3b74d5c5 hwm_kb=48212 rss_kb=44440 cgroup_peak=32092160
1791526111 17-normal-main 349a3b74d5c5 hwm_kb=48212 rss_kb=44360 cgroup_peak=32092160
1791526111 17-normal-main 349a3b74d5c5 hwm_kb=48212 rss_kb=42372 cgroup_peak=32092160
1791526112 17-normal-main 349a3b74d5c5 hwm_kb=48212 rss_kb=43636 cgroup_peak=32092160
1791526112 17-normal-main 349a3b74d5c5 hwm_kb=48212 rss_kb=44348 cgroup_peak=32092160
1791526113 17-normal-main 349a3b74d5c5 hwm_kb=48212 rss_kb=43856 cgroup_peak=32092160
1791526113 17-normal-main 349a3b74d5c5 hwm_kb=48212 rss_kb=44208 cgroup_peak=32092160
1791526114 17-normal-main 349a3b74d5c5 hwm_kb=48212 rss_kb=44708 cgroup_peak=32092160
1791526114 17-normal-main 349a3b74d5c5 hwm_kb=48212 rss_kb=45676 cgroup_peak=32092160
1791526115 17-normal-main 349a3b74d5c5 hwm_kb=48212 rss_kb=44456 cgroup_peak=32092160
1791526115 17-normal-main 349a3b74d5c5 hwm_kb=48212 rss_kb=44424 cgroup_peak=32092160
1791526116 17-normal-main 349a3b74d5c5 hwm_kb=48212 rss_kb=44888 cgroup_peak=32092160
1791526117 17-normal-main 349a3b74d5c5 hwm_kb=48212 rss_kb=45064 cgroup_peak=32092160
1791526117 17-normal-main 349a3b74d5c5 hwm_kb=48212 rss_kb=44476 cgroup_peak=32092160
1791526118 17-normal-main 349a3b74d5c5 hwm_kb=48212 rss_kb=44400 cgroup_peak=32935936
1791526118 17-normal-main 349a3b74d5c5 hwm_kb=48212 rss_kb=44080 cgroup_peak=32935936
1791526119 17-normal-main 349a3b74d5c5 hwm_kb=48212 rss_kb=44816 cgroup_peak=32935936
1791526119 17-normal-main 349a3b74d5c5 hwm_kb=48212 rss_kb=44868 cgroup_peak=32935936
1791526120 17-normal-main 349a3b74d5c5 hwm_kb=48212 rss_kb=45048 cgroup_peak=32935936
1791526120 17-normal-main 349a3b74d5c5 hwm_kb=48212 rss_kb=44908 cgroup_peak=32935936
1791526121 17-normal-main 349a3b74d5c5 hwm_kb=48212 rss_kb=44116 cgroup_peak=32935936
1791526121 17-normal-main 349a3b74d5c5 hwm_kb=48212 rss_kb=44168 cgroup_peak=32935936
1791526122 17-normal-main 349a3b74d5c5 hwm_kb=48212 rss_kb=43980 cgroup_peak=32935936
1791526122 17-normal-main 349a3b74d5c5 hwm_kb=48212 rss_kb=43552 cgroup_peak=32935936
1791526123 17-normal-main 349a3b74d5c5 hwm_kb=48212 rss_kb=44364 cgroup_peak=32935936
1791526123 17-normal-main 349a3b74d5c5 hwm_kb=49144 rss_kb=43648 cgroup_peak=34123776
1791526124 17-normal-main 349a3b74d5c5 hwm_kb=49144 rss_kb=43032 cgroup_peak=34213888
1791526124 17-normal-main 349a3b74d5c5 hwm_kb=49144 rss_kb=43172 cgroup_peak=34213888
1791526125 17-normal-main 349a3b74d5c5 hwm_kb=49144 rss_kb=43416 cgroup_peak=34213888
1791526126 17-normal-main 349a3b74d5c5 hwm_kb=49144 rss_kb=43608 cgroup_peak=34213888
1791526126 17-normal-main 349a3b74d5c5 hwm_kb=49144 rss_kb=43708 cgroup_peak=34213888
1791526127 17-normal-main 349a3b74d5c5 hwm_kb=49144 rss_kb=42732 cgroup_peak=34213888
1791526127 17-normal-main 349a3b74d5c5 hwm_kb=49144 rss_kb=43040 cgroup_peak=34213888
1791526128 17-normal-main 349a3b74d5c5 hwm_kb=49144 rss_kb=45076 cgroup_peak=34213888
1791526128 17-normal-main 349a3b74d5c5 hwm_kb=49144 rss_kb=45500 cgroup_peak=34213888
1791526129 17-normal-main 349a3b74d5c5 hwm_kb=49144 rss_kb=44124 cgroup_peak=34213888
1791526129 17-normal-main 349a3b74d5c5 hwm_kb=49144 rss_kb=42580 cgroup_peak=34213888
1791526130 17-normal-main 349a3b74d5c5 hwm_kb=49144 rss_kb=42544 cgroup_peak=34213888
1791526130 17-normal-main 349a3b74d5c5 hwm_kb=49144 rss_kb=43544 cgroup_peak=34213888
1791526131 17-normal-main 349a3b74d5c5 hwm_kb=49144 rss_kb=42704 cgroup_peak=34213888
1791526131 17-normal-main 349a3b74d5c5 hwm_kb=49144 rss_kb=42240 cgroup_peak=34213888
1791526132 17-normal-main 349a3b74d5c5 hwm_kb=49144 rss_kb=42256 cgroup_peak=34213888
1791526132 17-normal-main 349a3b74d5c5 hwm_kb=49144 rss_kb=41928 cgroup_peak=34213888
1791526133 17-normal-main 349a3b74d5c5 hwm_kb=49144 rss_kb=43132 cgroup_peak=34213888
1791526133 17-normal-main 349a3b74d5c5 hwm_kb=49144 rss_kb=43596 cgroup_peak=34213888
1791526134 17-normal-main 349a3b74d5c5 hwm_kb=49144 rss_kb=43252 cgroup_peak=34213888
1791526134 17-normal-main 349a3b74d5c5 hwm_kb=49144 rss_kb=43700 cgroup_peak=34213888
1791526135 17-normal-main 349a3b74d5c5 hwm_kb=49144 rss_kb=42604 cgroup_peak=34213888
1791526136 17-normal-main 349a3b74d5c5 hwm_kb=49144 rss_kb=44384 cgroup_peak=34213888
1791526136 17-normal-main 349a3b74d5c5 hwm_kb=49144 rss_kb=43508 cgroup_peak=34213888
1791526137 17-normal-main 349a3b74d5c5 hwm_kb=49144 rss_kb=42712 cgroup_peak=34213888
1791526137 17-normal-main 349a3b74d5c5 hwm_kb=49144 rss_kb=42820 cgroup_peak=34213888
1791526138 17-normal-main 349a3b74d5c5 hwm_kb=49144 rss_kb=43812 cgroup_peak=34213888
1791526138 17-normal-main 349a3b74d5c5 hwm_kb=49144 rss_kb=44624 cgroup_peak=34213888
1791526139 17-normal-main 349a3b74d5c5 hwm_kb=49144 rss_kb=43740 cgroup_peak=34213888
1791526139 17-normal-main 349a3b74d5c5 hwm_kb=49144 rss_kb=42728 cgroup_peak=34213888
1791526140 17-normal-main 349a3b74d5c5 hwm_kb=49144 rss_kb=43948 cgroup_peak=34213888
1791526140 17-normal-main 349a3b74d5c5 hwm_kb=49144 rss_kb=42708 cgroup_peak=34213888
1791526141 17-normal-main 349a3b74d5c5 hwm_kb=78556 rss_kb=78556 cgroup_peak=67579904
1791526141 17-normal-main 349a3b74d5c5 hwm_kb=111752 rss_kb=111752 cgroup_peak=102576128
1791526142 17-normal-main 349a3b74d5c5 hwm_kb=123680 rss_kb=123680 cgroup_peak=115511296
1791526142 17-normal-main 349a3b74d5c5 hwm_kb=125044 rss_kb=121304 cgroup_peak=117895168
1791526143 17-normal-main 349a3b74d5c5 hwm_kb=129632 rss_kb=129632 cgroup_peak=123506688
1791526143 17-normal-main 349a3b74d5c5 hwm_kb=132740 rss_kb=132740 cgroup_peak=127750144
1791526144 17-normal-main 349a3b74d5c5 hwm_kb=132276 rss_kb=129800 cgroup_peak=127795200
1791526144 17-normal-main 349a3b74d5c5 hwm_kb=132276 rss_kb=131308 cgroup_peak=128262144
1791526145 17-normal-main 349a3b74d5c5 hwm_kb=138240 rss_kb=132920 cgroup_peak=135794688
1791526146 17-normal-main 349a3b74d5c5 hwm_kb=138240 rss_kb=130420 cgroup_peak=135794688
1791526146 17-normal-main 349a3b74d5c5 hwm_kb=138240 rss_kb=135196 cgroup_peak=135794688
1791526147 17-normal-main 349a3b74d5c5 hwm_kb=138240 rss_kb=134368 cgroup_peak=135983104
1791526147 17-normal-main 349a3b74d5c5 hwm_kb=138240 rss_kb=132188 cgroup_peak=135983104
1791526148 17-normal-main 349a3b74d5c5 hwm_kb=138240 rss_kb=133288 cgroup_peak=136265728
1791526148 17-normal-main 349a3b74d5c5 hwm_kb=138240 rss_kb=134964 cgroup_peak=138567680
1791526149 17-normal-main 349a3b74d5c5 hwm_kb=138240 rss_kb=134688 cgroup_peak=140591104
1791526149 17-normal-main 349a3b74d5c5 hwm_kb=138240 rss_kb=134596 cgroup_peak=140591104
1791526150 17-normal-main 349a3b74d5c5 hwm_kb=138240 rss_kb=137176 cgroup_peak=144322560
1791526150 17-normal-main 349a3b74d5c5 hwm_kb=138240 rss_kb=135408 cgroup_peak=144322560
1791526153 18-normal-a e9526429e48a hwm_kb=30836 rss_kb=30836 cgroup_peak=17559552
1791526154 18-normal-a e9526429e48a hwm_kb=30836 rss_kb=30836 cgroup_peak=17559552
1791526154 18-normal-a e9526429e48a hwm_kb=30836 rss_kb=30836 cgroup_peak=17559552
1791526155 18-normal-a e9526429e48a hwm_kb=30836 rss_kb=30836 cgroup_peak=17559552
1791526155 18-normal-a e9526429e48a hwm_kb=30836 rss_kb=30836 cgroup_peak=17559552
1791526156 18-normal-a e9526429e48a hwm_kb=30836 rss_kb=30836 cgroup_peak=17559552
1791526156 18-normal-a e9526429e48a hwm_kb=30884 rss_kb=30884 cgroup_peak=17559552
1791526157 18-normal-a e9526429e48a hwm_kb=42928 rss_kb=39872 cgroup_peak=28221440
1791526157 18-normal-a e9526429e48a hwm_kb=42928 rss_kb=41684 cgroup_peak=28221440
1791526158 18-normal-a e9526429e48a hwm_kb=42928 rss_kb=40588 cgroup_peak=28221440
1791526158 18-normal-a e9526429e48a hwm_kb=42928 rss_kb=41788 cgroup_peak=28688384
1791526159 18-normal-a e9526429e48a hwm_kb=42928 rss_kb=42136 cgroup_peak=29208576
1791526159 18-normal-a e9526429e48a hwm_kb=43080 rss_kb=41924 cgroup_peak=29220864
1791526160 18-normal-a e9526429e48a hwm_kb=43516 rss_kb=43080 cgroup_peak=29491200
1791526161 18-normal-a e9526429e48a hwm_kb=45532 rss_kb=41516 cgroup_peak=31506432
1791526161 18-normal-a e9526429e48a hwm_kb=45532 rss_kb=42456 cgroup_peak=31506432
1791526162 18-normal-a e9526429e48a hwm_kb=45532 rss_kb=41696 cgroup_peak=31506432
1791526162 18-normal-a e9526429e48a hwm_kb=45532 rss_kb=43880 cgroup_peak=31506432
1791526163 18-normal-a e9526429e48a hwm_kb=45532 rss_kb=43264 cgroup_peak=31506432
1791526163 18-normal-a e9526429e48a hwm_kb=45532 rss_kb=43164 cgroup_peak=31506432
1791526164 18-normal-a e9526429e48a hwm_kb=45532 rss_kb=42444 cgroup_peak=31506432
1791526164 18-normal-a e9526429e48a hwm_kb=45532 rss_kb=42216 cgroup_peak=31506432
1791526165 18-normal-a e9526429e48a hwm_kb=45532 rss_kb=42872 cgroup_peak=31506432
1791526165 18-normal-a e9526429e48a hwm_kb=45532 rss_kb=41952 cgroup_peak=31506432
1791526166 18-normal-a e9526429e48a hwm_kb=45532 rss_kb=42580 cgroup_peak=31506432
1791526166 18-normal-a e9526429e48a hwm_kb=45532 rss_kb=44292 cgroup_peak=31506432
1791526167 18-normal-a e9526429e48a hwm_kb=45652 rss_kb=42808 cgroup_peak=31506432
1791526167 18-normal-a e9526429e48a hwm_kb=45652 rss_kb=41320 cgroup_peak=31506432
1791526168 18-normal-a e9526429e48a hwm_kb=45652 rss_kb=41356 cgroup_peak=31506432
1791526168 18-normal-a e9526429e48a hwm_kb=45652 rss_kb=41660 cgroup_peak=31506432
1791526169 18-normal-a e9526429e48a hwm_kb=45652 rss_kb=43264 cgroup_peak=31506432
1791526169 18-normal-a e9526429e48a hwm_kb=45652 rss_kb=43296 cgroup_peak=31506432
1791526170 18-normal-a e9526429e48a hwm_kb=45652 rss_kb=43684 cgroup_peak=31571968
1791526171 18-normal-a e9526429e48a hwm_kb=45652 rss_kb=43296 cgroup_peak=31571968
1791526171 18-normal-a e9526429e48a hwm_kb=45652 rss_kb=42308 cgroup_peak=31571968
1791526172 18-normal-a e9526429e48a hwm_kb=45652 rss_kb=42548 cgroup_peak=31571968
1791526172 18-normal-a e9526429e48a hwm_kb=45652 rss_kb=42880 cgroup_peak=31571968
1791526173 18-normal-a e9526429e48a hwm_kb=45652 rss_kb=43264 cgroup_peak=31571968
1791526173 18-normal-a e9526429e48a hwm_kb=45652 rss_kb=43480 cgroup_peak=31571968
1791526174 18-normal-a e9526429e48a hwm_kb=46532 rss_kb=44128 cgroup_peak=32600064
1791526174 18-normal-a e9526429e48a hwm_kb=46796 rss_kb=42676 cgroup_peak=32681984
1791526175 18-normal-a e9526429e48a hwm_kb=46796 rss_kb=42236 cgroup_peak=32681984
1791526175 18-normal-a e9526429e48a hwm_kb=46796 rss_kb=42716 cgroup_peak=32681984
1791526176 18-normal-a e9526429e48a hwm_kb=46796 rss_kb=41720 cgroup_peak=32681984
1791526176 18-normal-a e9526429e48a hwm_kb=46796 rss_kb=41260 cgroup_peak=32681984
1791526177 18-normal-a e9526429e48a hwm_kb=46796 rss_kb=43584 cgroup_peak=32681984
1791526177 18-normal-a e9526429e48a hwm_kb=46796 rss_kb=41272 cgroup_peak=32681984
1791526178 18-normal-a e9526429e48a hwm_kb=46796 rss_kb=43012 cgroup_peak=32681984
1791526178 18-normal-a e9526429e48a hwm_kb=46796 rss_kb=42264 cgroup_peak=32681984
1791526179 18-normal-a e9526429e48a hwm_kb=46796 rss_kb=42468 cgroup_peak=32681984
1791526180 18-normal-a e9526429e48a hwm_kb=46796 rss_kb=43516 cgroup_peak=32681984
1791526180 18-normal-a e9526429e48a hwm_kb=46796 rss_kb=43328 cgroup_peak=32681984
1791526181 18-normal-a e9526429e48a hwm_kb=46796 rss_kb=43636 cgroup_peak=32681984
1791526181 18-normal-a e9526429e48a hwm_kb=46796 rss_kb=43692 cgroup_peak=32681984
1791526182 18-normal-a e9526429e48a hwm_kb=47256 rss_kb=43768 cgroup_peak=32849920
1791526182 18-normal-a e9526429e48a hwm_kb=47256 rss_kb=43276 cgroup_peak=32849920
1791526183 18-normal-a e9526429e48a hwm_kb=47256 rss_kb=43356 cgroup_peak=32849920
1791526183 18-normal-a e9526429e48a hwm_kb=47256 rss_kb=43276 cgroup_peak=32849920
1791526184 18-normal-a e9526429e48a hwm_kb=47256 rss_kb=43260 cgroup_peak=32849920
1791526184 18-normal-a e9526429e48a hwm_kb=47256 rss_kb=43284 cgroup_peak=32849920
1791526185 18-normal-a e9526429e48a hwm_kb=47256 rss_kb=42264 cgroup_peak=32849920
1791526185 18-normal-a e9526429e48a hwm_kb=47256 rss_kb=42616 cgroup_peak=32849920
1791526186 18-normal-a e9526429e48a hwm_kb=47256 rss_kb=44128 cgroup_peak=32849920
1791526186 18-normal-a e9526429e48a hwm_kb=47256 rss_kb=42876 cgroup_peak=32849920
1791526187 18-normal-a e9526429e48a hwm_kb=47256 rss_kb=41808 cgroup_peak=32849920
1791526187 18-normal-a e9526429e48a hwm_kb=47256 rss_kb=42104 cgroup_peak=32849920
1791526188 18-normal-a e9526429e48a hwm_kb=47256 rss_kb=41584 cgroup_peak=32849920
1791526188 18-normal-a e9526429e48a hwm_kb=47256 rss_kb=42900 cgroup_peak=32849920
1791526189 18-normal-a e9526429e48a hwm_kb=47256 rss_kb=43572 cgroup_peak=32849920
1791526190 18-normal-a e9526429e48a hwm_kb=47256 rss_kb=43552 cgroup_peak=32849920
1791526190 18-normal-a e9526429e48a hwm_kb=47256 rss_kb=43540 cgroup_peak=32849920
1791526191 18-normal-a e9526429e48a hwm_kb=47256 rss_kb=43128 cgroup_peak=32849920
1791526191 18-normal-a e9526429e48a hwm_kb=47256 rss_kb=42184 cgroup_peak=32849920
1791526192 18-normal-a e9526429e48a hwm_kb=47256 rss_kb=43824 cgroup_peak=32849920
1791526192 18-normal-a e9526429e48a hwm_kb=47256 rss_kb=43152 cgroup_peak=32849920
1791526193 18-normal-a e9526429e48a hwm_kb=47256 rss_kb=43208 cgroup_peak=32849920
1791526193 18-normal-a e9526429e48a hwm_kb=47256 rss_kb=43556 cgroup_peak=32849920
1791526194 18-normal-a e9526429e48a hwm_kb=47256 rss_kb=45264 cgroup_peak=32849920
1791526194 18-normal-a e9526429e48a hwm_kb=47256 rss_kb=43612 cgroup_peak=32849920
1791526195 18-normal-a e9526429e48a hwm_kb=47256 rss_kb=43296 cgroup_peak=32849920
1791526195 18-normal-a e9526429e48a hwm_kb=47256 rss_kb=43464 cgroup_peak=32849920
1791526196 18-normal-a e9526429e48a hwm_kb=47256 rss_kb=43260 cgroup_peak=32849920
1791526196 18-normal-a e9526429e48a hwm_kb=47256 rss_kb=43616 cgroup_peak=32849920
1791526197 18-normal-a e9526429e48a hwm_kb=79692 rss_kb=79692 cgroup_peak=69496832
1791526197 18-normal-a e9526429e48a hwm_kb=116800 rss_kb=116800 cgroup_peak=108814336
1791526198 18-normal-a e9526429e48a hwm_kb=123716 rss_kb=122936 cgroup_peak=116768768
1791526199 18-normal-a e9526429e48a hwm_kb=124396 rss_kb=123476 cgroup_peak=119107584
1791526199 18-normal-a e9526429e48a hwm_kb=125724 rss_kb=121672 cgroup_peak=121151488
1791526200 18-normal-a e9526429e48a hwm_kb=126008 rss_kb=126128 cgroup_peak=122937344
1791526200 18-normal-a e9526429e48a hwm_kb=130976 rss_kb=130424 cgroup_peak=128061440
1791526201 18-normal-a e9526429e48a hwm_kb=131440 rss_kb=131472 cgroup_peak=130138112
1791526201 18-normal-a e9526429e48a hwm_kb=131932 rss_kb=127232 cgroup_peak=131477504
1791526202 18-normal-a e9526429e48a hwm_kb=131932 rss_kb=130924 cgroup_peak=133353472
1791526202 18-normal-a e9526429e48a hwm_kb=135352 rss_kb=133052 cgroup_peak=137531392
1791526203 18-normal-a e9526429e48a hwm_kb=135352 rss_kb=134072 cgroup_peak=137531392
1791526203 18-normal-a e9526429e48a hwm_kb=135352 rss_kb=131988 cgroup_peak=137531392
1791526204 18-normal-a e9526429e48a hwm_kb=135352 rss_kb=131988 cgroup_peak=138051584
1791526204 18-normal-a e9526429e48a hwm_kb=135352 rss_kb=133888 cgroup_peak=139575296
1791526205 18-normal-a e9526429e48a hwm_kb=135352 rss_kb=134560 cgroup_peak=140914688
1791526205 18-normal-a e9526429e48a hwm_kb=135352 rss_kb=130132 cgroup_peak=141877248
1791526206 18-normal-a e9526429e48a hwm_kb=135352 rss_kb=129576 cgroup_peak=141877248
1791526206 18-normal-a e9526429e48a hwm_kb=135352 rss_kb=130952 cgroup_peak=141877248
1791526208 18-normal-a 6634bea4ae94 hwm_kb=31640 rss_kb=31640 cgroup_peak=14987264
1791526209 18-normal-a 6634bea4ae94 hwm_kb=32488 rss_kb=32488 cgroup_peak=19587072
1791526209 18-normal-a 6634bea4ae94 hwm_kb=32488 rss_kb=32488 cgroup_peak=19587072
1791526210 18-normal-a 6634bea4ae94 hwm_kb=32488 rss_kb=32488 cgroup_peak=19587072
1791526210 18-normal-a 6634bea4ae94 hwm_kb=32488 rss_kb=32488 cgroup_peak=19587072
1791526211 18-normal-a 6634bea4ae94 hwm_kb=32488 rss_kb=32488 cgroup_peak=19587072
1791526211 18-normal-a 6634bea4ae94 hwm_kb=32668 rss_kb=32668 cgroup_peak=19587072
1791526212 18-normal-a 6634bea4ae94 hwm_kb=44392 rss_kb=42124 cgroup_peak=28893184
1791526212 18-normal-a 6634bea4ae94 hwm_kb=44392 rss_kb=42968 cgroup_peak=30208000
1791526213 18-normal-a 6634bea4ae94 hwm_kb=44392 rss_kb=41668 cgroup_peak=30875648
1791526213 18-normal-a 6634bea4ae94 hwm_kb=44392 rss_kb=43064 cgroup_peak=31158272
1791526214 18-normal-a 6634bea4ae94 hwm_kb=47144 rss_kb=45692 cgroup_peak=34988032
1791526214 18-normal-a 6634bea4ae94 hwm_kb=47208 rss_kb=46192 cgroup_peak=35627008
1791526215 18-normal-a 6634bea4ae94 hwm_kb=47776 rss_kb=45156 cgroup_peak=36282368
1791526215 18-normal-a 6634bea4ae94 hwm_kb=47776 rss_kb=44388 cgroup_peak=36282368
1791526216 18-normal-a 6634bea4ae94 hwm_kb=47776 rss_kb=44476 cgroup_peak=36282368
1791526216 18-normal-a 6634bea4ae94 hwm_kb=47776 rss_kb=43156 cgroup_peak=36282368
1791526217 18-normal-a 6634bea4ae94 hwm_kb=47776 rss_kb=44368 cgroup_peak=36282368
1791526218 18-normal-a 6634bea4ae94 hwm_kb=47776 rss_kb=43656 cgroup_peak=36282368
1791526218 18-normal-a 6634bea4ae94 hwm_kb=47776 rss_kb=44360 cgroup_peak=36282368
1791526219 18-normal-a 6634bea4ae94 hwm_kb=47776 rss_kb=44952 cgroup_peak=36282368
1791526219 18-normal-a 6634bea4ae94 hwm_kb=47776 rss_kb=44980 cgroup_peak=36282368
1791526220 18-normal-a 6634bea4ae94 hwm_kb=47776 rss_kb=44012 cgroup_peak=36282368
1791526220 18-normal-a 6634bea4ae94 hwm_kb=47776 rss_kb=44004 cgroup_peak=36282368
1791526221 18-normal-a 6634bea4ae94 hwm_kb=47776 rss_kb=44792 cgroup_peak=36282368
1791526221 18-normal-a 6634bea4ae94 hwm_kb=47776 rss_kb=45076 cgroup_peak=36282368
1791526222 18-normal-a 6634bea4ae94 hwm_kb=47776 rss_kb=45152 cgroup_peak=36282368
1791526222 18-normal-a 6634bea4ae94 hwm_kb=47776 rss_kb=46224 cgroup_peak=36282368
1791526223 18-normal-a 6634bea4ae94 hwm_kb=47776 rss_kb=44384 cgroup_peak=36282368
1791526223 18-normal-a 6634bea4ae94 hwm_kb=47776 rss_kb=45036 cgroup_peak=36282368
1791526224 18-normal-a 6634bea4ae94 hwm_kb=47776 rss_kb=46296 cgroup_peak=36745216
1791526224 18-normal-a 6634bea4ae94 hwm_kb=47776 rss_kb=46364 cgroup_peak=36745216
1791526225 18-normal-a 6634bea4ae94 hwm_kb=47776 rss_kb=47032 cgroup_peak=36745216
1791526225 18-normal-a 6634bea4ae94 hwm_kb=47776 rss_kb=46760 cgroup_peak=36978688
1791526226 18-normal-a 6634bea4ae94 hwm_kb=47776 rss_kb=44668 cgroup_peak=36978688
1791526226 18-normal-a 6634bea4ae94 hwm_kb=47776 rss_kb=45636 cgroup_peak=36978688
1791526227 18-normal-a 6634bea4ae94 hwm_kb=47948 rss_kb=44416 cgroup_peak=37249024
1791526228 18-normal-a 6634bea4ae94 hwm_kb=47948 rss_kb=45488 cgroup_peak=37249024
1791526228 18-normal-a 6634bea4ae94 hwm_kb=47948 rss_kb=45544 cgroup_peak=37249024
1791526229 18-normal-a 6634bea4ae94 hwm_kb=47948 rss_kb=44500 cgroup_peak=37343232
1791526229 18-normal-a 6634bea4ae94 hwm_kb=47948 rss_kb=45092 cgroup_peak=37343232
1791526230 18-normal-a 6634bea4ae94 hwm_kb=47948 rss_kb=45392 cgroup_peak=37343232
1791526230 18-normal-a 6634bea4ae94 hwm_kb=47948 rss_kb=44612 cgroup_peak=37343232
1791526231 18-normal-a 6634bea4ae94 hwm_kb=47948 rss_kb=44408 cgroup_peak=37343232
1791526231 18-normal-a 6634bea4ae94 hwm_kb=47948 rss_kb=45344 cgroup_peak=37343232
1791526232 18-normal-a 6634bea4ae94 hwm_kb=47948 rss_kb=43932 cgroup_peak=37343232
1791526232 18-normal-a 6634bea4ae94 hwm_kb=47948 rss_kb=44080 cgroup_peak=37343232
1791526233 18-normal-a 6634bea4ae94 hwm_kb=47948 rss_kb=44404 cgroup_peak=37343232
1791526233 18-normal-a 6634bea4ae94 hwm_kb=47948 rss_kb=43764 cgroup_peak=37343232
1791526234 18-normal-a 6634bea4ae94 hwm_kb=47948 rss_kb=46476 cgroup_peak=37343232
1791526234 18-normal-a 6634bea4ae94 hwm_kb=47948 rss_kb=45364 cgroup_peak=37343232
1791526235 18-normal-a 6634bea4ae94 hwm_kb=47948 rss_kb=43948 cgroup_peak=37343232
1791526235 18-normal-a 6634bea4ae94 hwm_kb=47948 rss_kb=45428 cgroup_peak=37343232
1791526236 18-normal-a 6634bea4ae94 hwm_kb=47948 rss_kb=45316 cgroup_peak=37343232
1791526237 18-normal-a 6634bea4ae94 hwm_kb=47948 rss_kb=45332 cgroup_peak=37343232
1791526237 18-normal-a 6634bea4ae94 hwm_kb=47948 rss_kb=44800 cgroup_peak=37343232
1791526238 18-normal-a 6634bea4ae94 hwm_kb=47948 rss_kb=44752 cgroup_peak=37343232
1791526238 18-normal-a 6634bea4ae94 hwm_kb=47948 rss_kb=44920 cgroup_peak=37343232
1791526239 18-normal-a 6634bea4ae94 hwm_kb=47948 rss_kb=44520 cgroup_peak=37343232
1791526239 18-normal-a 6634bea4ae94 hwm_kb=47948 rss_kb=43728 cgroup_peak=37343232
1791526240 18-normal-a 6634bea4ae94 hwm_kb=47948 rss_kb=46056 cgroup_peak=37343232
1791526240 18-normal-a 6634bea4ae94 hwm_kb=47948 rss_kb=45292 cgroup_peak=37343232
1791526241 18-normal-a 6634bea4ae94 hwm_kb=47948 rss_kb=45624 cgroup_peak=37343232
1791526241 18-normal-a 6634bea4ae94 hwm_kb=47948 rss_kb=45752 cgroup_peak=37343232
1791526242 18-normal-a 6634bea4ae94 hwm_kb=47948 rss_kb=44588 cgroup_peak=37343232
1791526242 18-normal-a 6634bea4ae94 hwm_kb=47948 rss_kb=43652 cgroup_peak=37343232
1791526243 18-normal-a 6634bea4ae94 hwm_kb=47948 rss_kb=43160 cgroup_peak=37343232
1791526243 18-normal-a 6634bea4ae94 hwm_kb=47948 rss_kb=44172 cgroup_peak=37343232
1791526244 18-normal-a 6634bea4ae94 hwm_kb=47948 rss_kb=44304 cgroup_peak=37343232
1791526244 18-normal-a 6634bea4ae94 hwm_kb=47948 rss_kb=43668 cgroup_peak=37343232
1791526245 18-normal-a 6634bea4ae94 hwm_kb=47948 rss_kb=45336 cgroup_peak=37343232
1791526246 18-normal-a 6634bea4ae94 hwm_kb=47948 rss_kb=44964 cgroup_peak=37343232
1791526246 18-normal-a 6634bea4ae94 hwm_kb=47948 rss_kb=44984 cgroup_peak=37343232
1791526247 18-normal-a 6634bea4ae94 hwm_kb=47948 rss_kb=45084 cgroup_peak=37343232
1791526247 18-normal-a 6634bea4ae94 hwm_kb=47948 rss_kb=44920 cgroup_peak=37343232
1791526248 18-normal-a 6634bea4ae94 hwm_kb=47948 rss_kb=45080 cgroup_peak=37343232
1791526248 18-normal-a 6634bea4ae94 hwm_kb=47948 rss_kb=44688 cgroup_peak=37343232
1791526249 18-normal-a 6634bea4ae94 hwm_kb=47948 rss_kb=45276 cgroup_peak=37343232
1791526249 18-normal-a 6634bea4ae94 hwm_kb=47948 rss_kb=44716 cgroup_peak=37343232
1791526250 18-normal-a 6634bea4ae94 hwm_kb=53052 rss_kb=46564 cgroup_peak=42577920
1791526250 18-normal-a 6634bea4ae94 hwm_kb=53052 rss_kb=47024 cgroup_peak=42577920
1791526251 18-normal-a 6634bea4ae94 hwm_kb=53052 rss_kb=45192 cgroup_peak=42577920
1791526251 18-normal-a 6634bea4ae94 hwm_kb=53052 rss_kb=45572 cgroup_peak=42577920
1791526252 18-normal-a 6634bea4ae94 hwm_kb=75996 rss_kb=76176 cgroup_peak=69697536
1791526252 18-normal-a 6634bea4ae94 hwm_kb=110228 rss_kb=110228 cgroup_peak=105463808
1791526253 18-normal-a 6634bea4ae94 hwm_kb=126708 rss_kb=125296 cgroup_peak=123346944
1791526253 18-normal-a 6634bea4ae94 hwm_kb=128628 rss_kb=127364 cgroup_peak=126193664
1791526254 18-normal-a 6634bea4ae94 hwm_kb=128628 rss_kb=128024 cgroup_peak=126783488
1791526254 18-normal-a 6634bea4ae94 hwm_kb=132480 rss_kb=132480 cgroup_peak=131706880
1791526255 18-normal-a 6634bea4ae94 hwm_kb=133812 rss_kb=133812 cgroup_peak=133877760
1791526256 18-normal-a 6634bea4ae94 hwm_kb=135656 rss_kb=135656 cgroup_peak=136777728
1791526256 18-normal-a 6634bea4ae94 hwm_kb=135776 rss_kb=133120 cgroup_peak=138870784
1791526257 18-normal-a 6634bea4ae94 hwm_kb=135832 rss_kb=135000 cgroup_peak=139849728
1791526257 18-normal-a 6634bea4ae94 hwm_kb=135832 rss_kb=135084 cgroup_peak=141561856
1791526258 18-normal-a 6634bea4ae94 hwm_kb=136016 rss_kb=135744 cgroup_peak=142835712
1791526258 18-normal-a 6634bea4ae94 hwm_kb=136016 rss_kb=134868 cgroup_peak=142962688
1791526259 18-normal-a 6634bea4ae94 hwm_kb=137352 rss_kb=137352 cgroup_peak=143519744
1791526259 18-normal-a 6634bea4ae94 hwm_kb=137272 rss_kb=136064 cgroup_peak=144560128
1791526260 18-normal-a 6634bea4ae94 hwm_kb=137272 rss_kb=132680 cgroup_peak=144560128
1791526260 18-normal-a 6634bea4ae94 hwm_kb=137272 rss_kb=133400 cgroup_peak=146317312
1791526261 18-normal-a 6634bea4ae94 hwm_kb=137272 rss_kb=136028 cgroup_peak=146317312
1791526261 18-normal-a 6634bea4ae94 hwm_kb=137272 rss_kb=132616 cgroup_peak=146317312
1791526264 19-normal-a 83619542af3b hwm_kb=30832 rss_kb=30832 cgroup_peak=17600512
1791526265 19-normal-a 83619542af3b hwm_kb=30832 rss_kb=30832 cgroup_peak=17600512
1791526265 19-normal-a 83619542af3b hwm_kb=30832 rss_kb=30832 cgroup_peak=17600512
1791526266 19-normal-a 83619542af3b hwm_kb=30832 rss_kb=30832 cgroup_peak=17600512
1791526266 19-normal-a 83619542af3b hwm_kb=30832 rss_kb=30832 cgroup_peak=17600512
1791526267 19-normal-a 83619542af3b hwm_kb=30832 rss_kb=30832 cgroup_peak=17600512
1791526267 19-normal-a 83619542af3b hwm_kb=41972 rss_kb=42160 cgroup_peak=26198016
1791526268 19-normal-a 83619542af3b hwm_kb=45420 rss_kb=40384 cgroup_peak=29593600
1791526268 19-normal-a 83619542af3b hwm_kb=45420 rss_kb=40512 cgroup_peak=29593600
1791526269 19-normal-a 83619542af3b hwm_kb=45420 rss_kb=40928 cgroup_peak=29593600
1791526269 19-normal-a 83619542af3b hwm_kb=45420 rss_kb=42704 cgroup_peak=29593600
1791526270 19-normal-a 83619542af3b hwm_kb=45420 rss_kb=44216 cgroup_peak=29593600
1791526271 19-normal-a 83619542af3b hwm_kb=45420 rss_kb=43160 cgroup_peak=29593600
1791526271 19-normal-a 83619542af3b hwm_kb=45420 rss_kb=43240 cgroup_peak=29593600
1791526272 19-normal-a 83619542af3b hwm_kb=45420 rss_kb=43452 cgroup_peak=29593600
1791526272 19-normal-a 83619542af3b hwm_kb=45908 rss_kb=43108 cgroup_peak=30040064
1791526273 19-normal-a 83619542af3b hwm_kb=45908 rss_kb=43128 cgroup_peak=30040064
1791526273 19-normal-a 83619542af3b hwm_kb=45908 rss_kb=43080 cgroup_peak=30040064
1791526274 19-normal-a 83619542af3b hwm_kb=45908 rss_kb=43012 cgroup_peak=30040064
1791526274 19-normal-a 83619542af3b hwm_kb=45908 rss_kb=43072 cgroup_peak=30040064
1791526275 19-normal-a 83619542af3b hwm_kb=45908 rss_kb=44156 cgroup_peak=30040064
1791526275 19-normal-a 83619542af3b hwm_kb=45908 rss_kb=42640 cgroup_peak=30040064
1791526276 19-normal-a 83619542af3b hwm_kb=45908 rss_kb=43508 cgroup_peak=30040064
1791526276 19-normal-a 83619542af3b hwm_kb=45908 rss_kb=42640 cgroup_peak=30040064
1791526277 19-normal-a 83619542af3b hwm_kb=45908 rss_kb=43012 cgroup_peak=30040064
1791526277 19-normal-a 83619542af3b hwm_kb=45908 rss_kb=43336 cgroup_peak=30040064
1791526278 19-normal-a 83619542af3b hwm_kb=45908 rss_kb=41816 cgroup_peak=30040064
1791526278 19-normal-a 83619542af3b hwm_kb=45908 rss_kb=41828 cgroup_peak=30040064
1791526279 19-normal-a 83619542af3b hwm_kb=45908 rss_kb=41600 cgroup_peak=30040064
1791526279 19-normal-a 83619542af3b hwm_kb=45908 rss_kb=42448 cgroup_peak=30040064
1791526280 19-normal-a 83619542af3b hwm_kb=45908 rss_kb=43464 cgroup_peak=30040064
1791526281 19-normal-a 83619542af3b hwm_kb=46880 rss_kb=43116 cgroup_peak=31219712
1791526281 19-normal-a 83619542af3b hwm_kb=46880 rss_kb=43204 cgroup_peak=31219712
1791526282 19-normal-a 83619542af3b hwm_kb=46880 rss_kb=43592 cgroup_peak=31219712
1791526282 19-normal-a 83619542af3b hwm_kb=46880 rss_kb=43184 cgroup_peak=31219712
1791526283 19-normal-a 83619542af3b hwm_kb=46880 rss_kb=41888 cgroup_peak=31219712
1791526283 19-normal-a 83619542af3b hwm_kb=46880 rss_kb=42736 cgroup_peak=31219712
1791526284 19-normal-a 83619542af3b hwm_kb=46880 rss_kb=43836 cgroup_peak=31219712
1791526284 19-normal-a 83619542af3b hwm_kb=46880 rss_kb=43184 cgroup_peak=31219712
1791526285 19-normal-a 83619542af3b hwm_kb=46880 rss_kb=43288 cgroup_peak=31219712
1791526285 19-normal-a 83619542af3b hwm_kb=46880 rss_kb=42248 cgroup_peak=31219712
1791526286 19-normal-a 83619542af3b hwm_kb=46880 rss_kb=43492 cgroup_peak=31219712
1791526286 19-normal-a 83619542af3b hwm_kb=46880 rss_kb=42732 cgroup_peak=31219712
1791526287 19-normal-a 83619542af3b hwm_kb=46880 rss_kb=43356 cgroup_peak=31219712
1791526287 19-normal-a 83619542af3b hwm_kb=46880 rss_kb=42204 cgroup_peak=31219712
1791526288 19-normal-a 83619542af3b hwm_kb=46880 rss_kb=42960 cgroup_peak=31219712
1791526288 19-normal-a 83619542af3b hwm_kb=46880 rss_kb=41412 cgroup_peak=31219712
1791526289 19-normal-a 83619542af3b hwm_kb=46880 rss_kb=41500 cgroup_peak=31219712
1791526289 19-normal-a 83619542af3b hwm_kb=46880 rss_kb=43636 cgroup_peak=31219712
1791526290 19-normal-a 83619542af3b hwm_kb=46880 rss_kb=42556 cgroup_peak=31219712
1791526291 19-normal-a 83619542af3b hwm_kb=46880 rss_kb=43404 cgroup_peak=31219712
1791526291 19-normal-a 83619542af3b hwm_kb=46880 rss_kb=43428 cgroup_peak=31219712
1791526292 19-normal-a 83619542af3b hwm_kb=46880 rss_kb=42532 cgroup_peak=31219712
1791526292 19-normal-a 83619542af3b hwm_kb=46880 rss_kb=41980 cgroup_peak=31219712
1791526293 19-normal-a 83619542af3b hwm_kb=46880 rss_kb=44596 cgroup_peak=31219712
1791526293 19-normal-a 83619542af3b hwm_kb=49296 rss_kb=44244 cgroup_peak=32956416
1791526294 19-normal-a 83619542af3b hwm_kb=49296 rss_kb=44220 cgroup_peak=32956416
1791526294 19-normal-a 83619542af3b hwm_kb=49296 rss_kb=44212 cgroup_peak=32956416
1791526295 19-normal-a 83619542af3b hwm_kb=49296 rss_kb=43568 cgroup_peak=32956416
1791526295 19-normal-a 83619542af3b hwm_kb=49296 rss_kb=45060 cgroup_peak=32956416
1791526296 19-normal-a 83619542af3b hwm_kb=49296 rss_kb=44576 cgroup_peak=32956416
1791526296 19-normal-a 83619542af3b hwm_kb=49296 rss_kb=46224 cgroup_peak=32956416
1791526297 19-normal-a 83619542af3b hwm_kb=49296 rss_kb=44860 cgroup_peak=32956416
1791526297 19-normal-a 83619542af3b hwm_kb=49296 rss_kb=44420 cgroup_peak=32956416
1791526298 19-normal-a 83619542af3b hwm_kb=49296 rss_kb=42780 cgroup_peak=32956416
1791526298 19-normal-a 83619542af3b hwm_kb=49296 rss_kb=42784 cgroup_peak=32956416
1791526299 19-normal-a 83619542af3b hwm_kb=49296 rss_kb=43436 cgroup_peak=32956416
1791526300 19-normal-a 83619542af3b hwm_kb=49296 rss_kb=43832 cgroup_peak=32956416
1791526300 19-normal-a 83619542af3b hwm_kb=49296 rss_kb=44788 cgroup_peak=32956416
1791526301 19-normal-a 83619542af3b hwm_kb=49296 rss_kb=44812 cgroup_peak=32956416
1791526301 19-normal-a 83619542af3b hwm_kb=49296 rss_kb=44476 cgroup_peak=32956416
1791526302 19-normal-a 83619542af3b hwm_kb=49296 rss_kb=46300 cgroup_peak=32956416
1791526302 19-normal-a 83619542af3b hwm_kb=49296 rss_kb=43824 cgroup_peak=32956416
1791526303 19-normal-a 83619542af3b hwm_kb=49296 rss_kb=45284 cgroup_peak=32956416
1791526303 19-normal-a 83619542af3b hwm_kb=49296 rss_kb=46684 cgroup_peak=32956416
1791526304 19-normal-a 83619542af3b hwm_kb=49456 rss_kb=43820 cgroup_peak=34521088
1791526304 19-normal-a 83619542af3b hwm_kb=49456 rss_kb=43480 cgroup_peak=34521088
1791526305 19-normal-a 83619542af3b hwm_kb=49456 rss_kb=43660 cgroup_peak=34521088
1791526305 19-normal-a 83619542af3b hwm_kb=49456 rss_kb=43560 cgroup_peak=34521088
1791526306 19-normal-a 83619542af3b hwm_kb=49456 rss_kb=41940 cgroup_peak=34521088
1791526306 19-normal-a 83619542af3b hwm_kb=49456 rss_kb=43328 cgroup_peak=34521088
1791526307 19-normal-a 83619542af3b hwm_kb=49456 rss_kb=43724 cgroup_peak=34521088
1791526307 19-normal-a 83619542af3b hwm_kb=50980 rss_kb=51108 cgroup_peak=38297600
1791526308 19-normal-a 83619542af3b hwm_kb=84844 rss_kb=84844 cgroup_peak=73093120
1791526308 19-normal-a 83619542af3b hwm_kb=117288 rss_kb=117288 cgroup_peak=107077632
1791526309 19-normal-a 83619542af3b hwm_kb=126284 rss_kb=126284 cgroup_peak=117465088
1791526310 19-normal-a 83619542af3b hwm_kb=127924 rss_kb=126096 cgroup_peak=120057856
1791526310 19-normal-a 83619542af3b hwm_kb=129160 rss_kb=129160 cgroup_peak=122544128
1791526311 19-normal-a 83619542af3b hwm_kb=129460 rss_kb=128736 cgroup_peak=123736064
1791526311 19-normal-a 83619542af3b hwm_kb=131372 rss_kb=131252 cgroup_peak=126779392
1791526312 19-normal-a 83619542af3b hwm_kb=131372 rss_kb=127852 cgroup_peak=126779392
1791526312 19-normal-a 83619542af3b hwm_kb=131372 rss_kb=131292 cgroup_peak=127864832
1791526313 19-normal-a 83619542af3b hwm_kb=133492 rss_kb=133356 cgroup_peak=131182592
1791526313 19-normal-a 83619542af3b hwm_kb=135252 rss_kb=130776 cgroup_peak=134053888
1791526314 19-normal-a 83619542af3b hwm_kb=135252 rss_kb=132604 cgroup_peak=134053888
1791526314 19-normal-a 83619542af3b hwm_kb=135252 rss_kb=131692 cgroup_peak=134230016
1791526315 19-normal-a 83619542af3b hwm_kb=135252 rss_kb=131616 cgroup_peak=135233536
1791526315 19-normal-a 83619542af3b hwm_kb=135252 rss_kb=130896 cgroup_peak=135233536
1791526316 19-normal-a 83619542af3b hwm_kb=135252 rss_kb=133960 cgroup_peak=136998912
1791526316 19-normal-a 83619542af3b hwm_kb=135252 rss_kb=130588 cgroup_peak=137318400
1791526317 19-normal-a 83619542af3b hwm_kb=135252 rss_kb=130844 cgroup_peak=137318400
1791526317 19-normal-a 83619542af3b hwm_kb=135252 rss_kb=133324 cgroup_peak=140849152
1791526319 19-normal-a 051d2b3456b6 hwm_kb=30300 rss_kb=30300 cgroup_peak=13455360
1791526319 19-normal-a 051d2b3456b6 hwm_kb=31124 rss_kb=31124 cgroup_peak=17534976
1791526320 19-normal-a 051d2b3456b6 hwm_kb=31124 rss_kb=31124 cgroup_peak=17534976
1791526321 19-normal-a 051d2b3456b6 hwm_kb=31124 rss_kb=31124 cgroup_peak=17534976
1791526321 19-normal-a 051d2b3456b6 hwm_kb=31124 rss_kb=31124 cgroup_peak=17534976
1791526322 19-normal-a 051d2b3456b6 hwm_kb=31124 rss_kb=31124 cgroup_peak=17534976
1791526322 19-normal-a 051d2b3456b6 hwm_kb=31200 rss_kb=31200 cgroup_peak=17534976
1791526323 19-normal-a 051d2b3456b6 hwm_kb=46080 rss_kb=41208 cgroup_peak=30470144
1791526323 19-normal-a 051d2b3456b6 hwm_kb=46080 rss_kb=40992 cgroup_peak=30470144
1791526324 19-normal-a 051d2b3456b6 hwm_kb=46080 rss_kb=40996 cgroup_peak=30470144
1791526324 19-normal-a 051d2b3456b6 hwm_kb=46080 rss_kb=41420 cgroup_peak=30470144
1791526325 19-normal-a 051d2b3456b6 hwm_kb=46116 rss_kb=42508 cgroup_peak=30470144
1791526325 19-normal-a 051d2b3456b6 hwm_kb=46116 rss_kb=43092 cgroup_peak=30470144
1791526326 19-normal-a 051d2b3456b6 hwm_kb=46116 rss_kb=41476 cgroup_peak=30470144
1791526326 19-normal-a 051d2b3456b6 hwm_kb=46116 rss_kb=42652 cgroup_peak=30470144
1791526327 19-normal-a 051d2b3456b6 hwm_kb=46116 rss_kb=42984 cgroup_peak=30470144
1791526327 19-normal-a 051d2b3456b6 hwm_kb=46116 rss_kb=42796 cgroup_peak=30470144
1791526328 19-normal-a 051d2b3456b6 hwm_kb=46116 rss_kb=42892 cgroup_peak=30470144
1791526329 19-normal-a 051d2b3456b6 hwm_kb=46116 rss_kb=42344 cgroup_peak=30470144
1791526329 19-normal-a 051d2b3456b6 hwm_kb=46116 rss_kb=42600 cgroup_peak=30470144
1791526330 19-normal-a 051d2b3456b6 hwm_kb=46116 rss_kb=43200 cgroup_peak=30470144
1791526330 19-normal-a 051d2b3456b6 hwm_kb=46116 rss_kb=42872 cgroup_peak=30470144
1791526331 19-normal-a 051d2b3456b6 hwm_kb=46116 rss_kb=41876 cgroup_peak=30470144
1791526331 19-normal-a 051d2b3456b6 hwm_kb=46116 rss_kb=42320 cgroup_peak=30470144
1791526332 19-normal-a 051d2b3456b6 hwm_kb=46116 rss_kb=42832 cgroup_peak=30470144
1791526332 19-normal-a 051d2b3456b6 hwm_kb=46116 rss_kb=42700 cgroup_peak=30470144
1791526333 19-normal-a 051d2b3456b6 hwm_kb=46116 rss_kb=40820 cgroup_peak=30470144
1791526333 19-normal-a 051d2b3456b6 hwm_kb=46116 rss_kb=41460 cgroup_peak=30470144
1791526334 19-normal-a 051d2b3456b6 hwm_kb=46116 rss_kb=41920 cgroup_peak=30470144
1791526334 19-normal-a 051d2b3456b6 hwm_kb=46116 rss_kb=41296 cgroup_peak=30470144
1791526335 19-normal-a 051d2b3456b6 hwm_kb=46116 rss_kb=42896 cgroup_peak=30470144
1791526335 19-normal-a 051d2b3456b6 hwm_kb=46116 rss_kb=42096 cgroup_peak=30470144
1791526336 19-normal-a 051d2b3456b6 hwm_kb=46116 rss_kb=42120 cgroup_peak=30470144
1791526336 19-normal-a 051d2b3456b6 hwm_kb=46116 rss_kb=42088 cgroup_peak=30470144
1791526337 19-normal-a 051d2b3456b6 hwm_kb=46116 rss_kb=42356 cgroup_peak=30470144
1791526338 19-normal-a 051d2b3456b6 hwm_kb=46116 rss_kb=43352 cgroup_peak=30470144
1791526338 19-normal-a 051d2b3456b6 hwm_kb=46132 rss_kb=44088 cgroup_peak=30470144
1791526339 19-normal-a 051d2b3456b6 hwm_kb=46132 rss_kb=43512 cgroup_peak=30470144
1791526339 19-normal-a 051d2b3456b6 hwm_kb=46132 rss_kb=43416 cgroup_peak=30470144
1791526340 19-normal-a 051d2b3456b6 hwm_kb=46132 rss_kb=43516 cgroup_peak=30470144
1791526340 19-normal-a 051d2b3456b6 hwm_kb=46132 rss_kb=42596 cgroup_peak=30470144
1791526341 19-normal-a 051d2b3456b6 hwm_kb=46132 rss_kb=43404 cgroup_peak=30470144
1791526341 19-normal-a 051d2b3456b6 hwm_kb=46132 rss_kb=43120 cgroup_peak=30470144
1791526342 19-normal-a 051d2b3456b6 hwm_kb=46132 rss_kb=42032 cgroup_peak=30470144
1791526342 19-normal-a 051d2b3456b6 hwm_kb=46132 rss_kb=43440 cgroup_peak=30470144
1791526343 19-normal-a 051d2b3456b6 hwm_kb=46132 rss_kb=42148 cgroup_peak=30470144
1791526343 19-normal-a 051d2b3456b6 hwm_kb=46132 rss_kb=42768 cgroup_peak=30470144
1791526344 19-normal-a 051d2b3456b6 hwm_kb=46132 rss_kb=42144 cgroup_peak=30470144
1791526344 19-normal-a 051d2b3456b6 hwm_kb=46132 rss_kb=42220 cgroup_peak=30470144
1791526345 19-normal-a 051d2b3456b6 hwm_kb=46132 rss_kb=43496 cgroup_peak=30470144
1791526345 19-normal-a 051d2b3456b6 hwm_kb=46504 rss_kb=44144 cgroup_peak=30470144
1791526346 19-normal-a 051d2b3456b6 hwm_kb=46504 rss_kb=43900 cgroup_peak=30470144
1791526347 19-normal-a 051d2b3456b6 hwm_kb=46504 rss_kb=43668 cgroup_peak=30470144
1791526347 19-normal-a 051d2b3456b6 hwm_kb=46504 rss_kb=43256 cgroup_peak=30470144
1791526348 19-normal-a 051d2b3456b6 hwm_kb=46504 rss_kb=45748 cgroup_peak=30470144
1791526348 19-normal-a 051d2b3456b6 hwm_kb=46504 rss_kb=43292 cgroup_peak=30470144
1791526349 19-normal-a 051d2b3456b6 hwm_kb=46504 rss_kb=44368 cgroup_peak=30470144
1791526349 19-normal-a 051d2b3456b6 hwm_kb=46504 rss_kb=43560 cgroup_peak=30470144
1791526350 19-normal-a 051d2b3456b6 hwm_kb=46504 rss_kb=42876 cgroup_peak=30470144
1791526350 19-normal-a 051d2b3456b6 hwm_kb=47488 rss_kb=43512 cgroup_peak=31105024
1791526351 19-normal-a 051d2b3456b6 hwm_kb=47488 rss_kb=42808 cgroup_peak=31555584
1791526351 19-normal-a 051d2b3456b6 hwm_kb=47488 rss_kb=44292 cgroup_peak=31555584
1791526352 19-normal-a 051d2b3456b6 hwm_kb=47488 rss_kb=43004 cgroup_peak=31555584
1791526352 19-normal-a 051d2b3456b6 hwm_kb=47488 rss_kb=43456 cgroup_peak=31555584
1791526353 19-normal-a 051d2b3456b6 hwm_kb=47488 rss_kb=42732 cgroup_peak=31555584
1791526353 19-normal-a 051d2b3456b6 hwm_kb=47488 rss_kb=42648 cgroup_peak=31555584
1791526354 19-normal-a 051d2b3456b6 hwm_kb=47488 rss_kb=42616 cgroup_peak=31555584
1791526354 19-normal-a 051d2b3456b6 hwm_kb=47488 rss_kb=42812 cgroup_peak=31555584
1791526355 19-normal-a 051d2b3456b6 hwm_kb=47488 rss_kb=43424 cgroup_peak=31555584
1791526355 19-normal-a 051d2b3456b6 hwm_kb=47488 rss_kb=43200 cgroup_peak=31555584
1791526356 19-normal-a 051d2b3456b6 hwm_kb=47488 rss_kb=43616 cgroup_peak=31555584
1791526357 19-normal-a 051d2b3456b6 hwm_kb=47488 rss_kb=44040 cgroup_peak=31555584
1791526357 19-normal-a 051d2b3456b6 hwm_kb=47488 rss_kb=43224 cgroup_peak=31555584
1791526358 19-normal-a 051d2b3456b6 hwm_kb=47488 rss_kb=43888 cgroup_peak=31555584
1791526358 19-normal-a 051d2b3456b6 hwm_kb=47488 rss_kb=43160 cgroup_peak=31555584
1791526359 19-normal-a 051d2b3456b6 hwm_kb=47488 rss_kb=42576 cgroup_peak=31555584
1791526359 19-normal-a 051d2b3456b6 hwm_kb=47488 rss_kb=43304 cgroup_peak=31555584
1791526360 19-normal-a 051d2b3456b6 hwm_kb=47488 rss_kb=43796 cgroup_peak=31555584
1791526360 19-normal-a 051d2b3456b6 hwm_kb=47488 rss_kb=44176 cgroup_peak=31555584
1791526361 19-normal-a 051d2b3456b6 hwm_kb=47488 rss_kb=43628 cgroup_peak=31555584
1791526361 19-normal-a 051d2b3456b6 hwm_kb=47488 rss_kb=42920 cgroup_peak=31555584
1791526362 19-normal-a 051d2b3456b6 hwm_kb=47488 rss_kb=44140 cgroup_peak=31555584
1791526362 19-normal-a 051d2b3456b6 hwm_kb=47488 rss_kb=44760 cgroup_peak=31555584
1791526363 19-normal-a 051d2b3456b6 hwm_kb=84752 rss_kb=84752 cgroup_peak=73142272
1791526363 19-normal-a 051d2b3456b6 hwm_kb=110536 rss_kb=110536 cgroup_peak=100323328
1791526364 19-normal-a 051d2b3456b6 hwm_kb=126456 rss_kb=125516 cgroup_peak=117637120
1791526365 19-normal-a 051d2b3456b6 hwm_kb=127204 rss_kb=125500 cgroup_peak=118546432
1791526365 19-normal-a 051d2b3456b6 hwm_kb=127292 rss_kb=127292 cgroup_peak=119930880
1791526366 19-normal-a 051d2b3456b6 hwm_kb=127560 rss_kb=124212 cgroup_peak=120913920
1791526366 19-normal-a 051d2b3456b6 hwm_kb=128704 rss_kb=128704 cgroup_peak=123072512
1791526367 19-normal-a 051d2b3456b6 hwm_kb=134368 rss_kb=134368 cgroup_peak=130506752
1791526367 19-normal-a 051d2b3456b6 hwm_kb=135080 rss_kb=134584 cgroup_peak=132055040
1791526368 19-normal-a 051d2b3456b6 hwm_kb=135080 rss_kb=131532 cgroup_peak=132055040
1791526368 19-normal-a 051d2b3456b6 hwm_kb=135080 rss_kb=132968 cgroup_peak=132055040
1791526369 19-normal-a 051d2b3456b6 hwm_kb=135080 rss_kb=132168 cgroup_peak=132055040
1791526369 19-normal-a 051d2b3456b6 hwm_kb=135572 rss_kb=135140 cgroup_peak=136015872
1791526370 19-normal-a 051d2b3456b6 hwm_kb=136448 rss_kb=133368 cgroup_peak=136912896
1791526370 19-normal-a 051d2b3456b6 hwm_kb=136448 rss_kb=133340 cgroup_peak=136912896
1791526371 19-normal-a 051d2b3456b6 hwm_kb=136448 rss_kb=133704 cgroup_peak=136912896
1791526372 19-normal-a 051d2b3456b6 hwm_kb=137028 rss_kb=132416 cgroup_peak=140726272
1791526372 19-normal-a 051d2b3456b6 hwm_kb=137696 rss_kb=137696 cgroup_peak=142262272
1791526373 19-normal-a 051d2b3456b6 hwm_kb=139044 rss_kb=138872 cgroup_peak=144056320
1791526387 20-normal-main 2d3c09c258b0 hwm_kb=31768 rss_kb=31768 cgroup_peak=17727488
1791526388 20-normal-main 2d3c09c258b0 hwm_kb=31768 rss_kb=31768 cgroup_peak=18960384
1791526388 20-normal-main 2d3c09c258b0 hwm_kb=31768 rss_kb=31768 cgroup_peak=18960384
1791526389 20-normal-main 2d3c09c258b0 hwm_kb=31768 rss_kb=31768 cgroup_peak=18960384
1791526389 20-normal-main 2d3c09c258b0 hwm_kb=31768 rss_kb=31768 cgroup_peak=18960384
1791526390 20-normal-main 2d3c09c258b0 hwm_kb=31768 rss_kb=31768 cgroup_peak=18960384
1791526390 20-normal-main 2d3c09c258b0 hwm_kb=34476 rss_kb=34476 cgroup_peak=18960384
1791526391 20-normal-main 2d3c09c258b0 hwm_kb=43324 rss_kb=41312 cgroup_peak=27602944
1791526391 20-normal-main 2d3c09c258b0 hwm_kb=43360 rss_kb=42176 cgroup_peak=27742208
1791526392 20-normal-main 2d3c09c258b0 hwm_kb=43560 rss_kb=42860 cgroup_peak=27742208
1791526393 20-normal-main 2d3c09c258b0 hwm_kb=43560 rss_kb=42340 cgroup_peak=27742208
1791526393 20-normal-main 2d3c09c258b0 hwm_kb=45316 rss_kb=44472 cgroup_peak=29671424
1791526394 20-normal-main 2d3c09c258b0 hwm_kb=45684 rss_kb=43396 cgroup_peak=30007296
1791526394 20-normal-main 2d3c09c258b0 hwm_kb=45804 rss_kb=44112 cgroup_peak=30007296
1791526395 20-normal-main 2d3c09c258b0 hwm_kb=45804 rss_kb=43088 cgroup_peak=30007296
1791526395 20-normal-main 2d3c09c258b0 hwm_kb=45804 rss_kb=44376 cgroup_peak=30007296
1791526396 20-normal-main 2d3c09c258b0 hwm_kb=45804 rss_kb=44252 cgroup_peak=30007296
1791526396 20-normal-main 2d3c09c258b0 hwm_kb=45804 rss_kb=44232 cgroup_peak=30007296
1791526397 20-normal-main 2d3c09c258b0 hwm_kb=45804 rss_kb=43524 cgroup_peak=30007296
1791526397 20-normal-main 2d3c09c258b0 hwm_kb=45804 rss_kb=44116 cgroup_peak=30007296
1791526398 20-normal-main 2d3c09c258b0 hwm_kb=45804 rss_kb=43144 cgroup_peak=30007296
1791526398 20-normal-main 2d3c09c258b0 hwm_kb=46600 rss_kb=46600 cgroup_peak=30224384
1791526399 20-normal-main 2d3c09c258b0 hwm_kb=46168 rss_kb=43868 cgroup_peak=30224384
1791526399 20-normal-main 2d3c09c258b0 hwm_kb=46168 rss_kb=45068 cgroup_peak=30224384
1791526400 20-normal-main 2d3c09c258b0 hwm_kb=46168 rss_kb=43632 cgroup_peak=30224384
1791526400 20-normal-main 2d3c09c258b0 hwm_kb=46168 rss_kb=44100 cgroup_peak=30224384
1791526401 20-normal-main 2d3c09c258b0 hwm_kb=46168 rss_kb=42596 cgroup_peak=30224384
1791526402 20-normal-main 2d3c09c258b0 hwm_kb=46168 rss_kb=42084 cgroup_peak=30224384
1791526402 20-normal-main 2d3c09c258b0 hwm_kb=46168 rss_kb=43120 cgroup_peak=30224384
1791526403 20-normal-main 2d3c09c258b0 hwm_kb=46168 rss_kb=42348 cgroup_peak=30224384
1791526403 20-normal-main 2d3c09c258b0 hwm_kb=46168 rss_kb=43800 cgroup_peak=30224384
1791526404 20-normal-main 2d3c09c258b0 hwm_kb=46168 rss_kb=44388 cgroup_peak=30224384
1791526404 20-normal-main 2d3c09c258b0 hwm_kb=46168 rss_kb=44948 cgroup_peak=30224384
1791526405 20-normal-main 2d3c09c258b0 hwm_kb=46168 rss_kb=44284 cgroup_peak=30224384
1791526405 20-normal-main 2d3c09c258b0 hwm_kb=46168 rss_kb=44180 cgroup_peak=30224384
1791526406 20-normal-main 2d3c09c258b0 hwm_kb=46168 rss_kb=42852 cgroup_peak=30224384
1791526406 20-normal-main 2d3c09c258b0 hwm_kb=46168 rss_kb=44660 cgroup_peak=30224384
1791526407 20-normal-main 2d3c09c258b0 hwm_kb=47232 rss_kb=44308 cgroup_peak=31285248
1791526407 20-normal-main 2d3c09c258b0 hwm_kb=47232 rss_kb=44296 cgroup_peak=31285248
1791526408 20-normal-main 2d3c09c258b0 hwm_kb=47232 rss_kb=44800 cgroup_peak=31285248
1791526408 20-normal-main 2d3c09c258b0 hwm_kb=47232 rss_kb=44660 cgroup_peak=31285248
1791526409 20-normal-main 2d3c09c258b0 hwm_kb=47232 rss_kb=43440 cgroup_peak=31285248
1791526409 20-normal-main 2d3c09c258b0 hwm_kb=47232 rss_kb=43136 cgroup_peak=31285248
1791526410 20-normal-main 2d3c09c258b0 hwm_kb=47232 rss_kb=43816 cgroup_peak=31285248
1791526411 20-normal-main 2d3c09c258b0 hwm_kb=47232 rss_kb=43720 cgroup_peak=31285248
1791526411 20-normal-main 2d3c09c258b0 hwm_kb=47232 rss_kb=44560 cgroup_peak=31285248
1791526412 20-normal-main 2d3c09c258b0 hwm_kb=47232 rss_kb=43252 cgroup_peak=31285248
1791526412 20-normal-main 2d3c09c258b0 hwm_kb=47232 rss_kb=43004 cgroup_peak=31285248
1791526413 20-normal-main 2d3c09c258b0 hwm_kb=47232 rss_kb=43464 cgroup_peak=31285248
1791526413 20-normal-main 2d3c09c258b0 hwm_kb=47232 rss_kb=44932 cgroup_peak=31285248
1791526414 20-normal-main 2d3c09c258b0 hwm_kb=48308 rss_kb=44956 cgroup_peak=32354304
1791526414 20-normal-main 2d3c09c258b0 hwm_kb=48308 rss_kb=43988 cgroup_peak=32354304
1791526415 20-normal-main 2d3c09c258b0 hwm_kb=48308 rss_kb=44796 cgroup_peak=32354304
1791526415 20-normal-main 2d3c09c258b0 hwm_kb=48308 rss_kb=45428 cgroup_peak=32354304
1791526416 20-normal-main 2d3c09c258b0 hwm_kb=48308 rss_kb=44464 cgroup_peak=32354304
1791526416 20-normal-main 2d3c09c258b0 hwm_kb=48308 rss_kb=43712 cgroup_peak=32354304
1791526417 20-normal-main 2d3c09c258b0 hwm_kb=48308 rss_kb=44616 cgroup_peak=32354304
1791526417 20-normal-main 2d3c09c258b0 hwm_kb=48308 rss_kb=44040 cgroup_peak=32354304
1791526418 20-normal-main 2d3c09c258b0 hwm_kb=48308 rss_kb=44256 cgroup_peak=32354304
1791526418 20-normal-main 2d3c09c258b0 hwm_kb=48308 rss_kb=44500 cgroup_peak=32354304
1791526419 20-normal-main 2d3c09c258b0 hwm_kb=48308 rss_kb=42904 cgroup_peak=32354304
1791526420 20-normal-main 2d3c09c258b0 hwm_kb=48308 rss_kb=44040 cgroup_peak=32354304
1791526420 20-normal-main 2d3c09c258b0 hwm_kb=48308 rss_kb=44144 cgroup_peak=32354304
1791526421 20-normal-main 2d3c09c258b0 hwm_kb=48308 rss_kb=44876 cgroup_peak=32354304
1791526421 20-normal-main 2d3c09c258b0 hwm_kb=48308 rss_kb=43696 cgroup_peak=32354304
1791526422 20-normal-main 2d3c09c258b0 hwm_kb=48308 rss_kb=43388 cgroup_peak=32354304
1791526422 20-normal-main 2d3c09c258b0 hwm_kb=48308 rss_kb=44768 cgroup_peak=32354304
1791526423 20-normal-main 2d3c09c258b0 hwm_kb=48308 rss_kb=44860 cgroup_peak=32354304
1791526423 20-normal-main 2d3c09c258b0 hwm_kb=48308 rss_kb=44476 cgroup_peak=32354304
1791526424 20-normal-main 2d3c09c258b0 hwm_kb=48308 rss_kb=44200 cgroup_peak=32354304
1791526424 20-normal-main 2d3c09c258b0 hwm_kb=48308 rss_kb=46632 cgroup_peak=32354304
1791526425 20-normal-main 2d3c09c258b0 hwm_kb=48308 rss_kb=44496 cgroup_peak=32354304
1791526425 20-normal-main 2d3c09c258b0 hwm_kb=48308 rss_kb=44328 cgroup_peak=32354304
1791526426 20-normal-main 2d3c09c258b0 hwm_kb=48308 rss_kb=45912 cgroup_peak=32354304
1791526426 20-normal-main 2d3c09c258b0 hwm_kb=48960 rss_kb=44972 cgroup_peak=33300480
1791526427 20-normal-main 2d3c09c258b0 hwm_kb=48960 rss_kb=44364 cgroup_peak=33300480
1791526427 20-normal-main 2d3c09c258b0 hwm_kb=48960 rss_kb=45004 cgroup_peak=33300480
1791526428 20-normal-main 2d3c09c258b0 hwm_kb=48960 rss_kb=45428 cgroup_peak=33300480
1791526428 20-normal-main 2d3c09c258b0 hwm_kb=48960 rss_kb=44680 cgroup_peak=33300480
1791526429 20-normal-main 2d3c09c258b0 hwm_kb=48960 rss_kb=45132 cgroup_peak=33300480
1791526430 20-normal-main 2d3c09c258b0 hwm_kb=48960 rss_kb=45216 cgroup_peak=33300480
1791526430 20-normal-main 2d3c09c258b0 hwm_kb=48960 rss_kb=44408 cgroup_peak=33300480
1791526431 20-normal-main 2d3c09c258b0 hwm_kb=48960 rss_kb=44936 cgroup_peak=33300480
1791526431 20-normal-main 2d3c09c258b0 hwm_kb=78792 rss_kb=78792 cgroup_peak=67321856
1791526432 20-normal-main 2d3c09c258b0 hwm_kb=119000 rss_kb=119004 cgroup_peak=109195264
1791526432 20-normal-main 2d3c09c258b0 hwm_kb=126044 rss_kb=126044 cgroup_peak=117084160
1791526433 20-normal-main 2d3c09c258b0 hwm_kb=125464 rss_kb=125468 cgroup_peak=117678080
1791526433 20-normal-main 2d3c09c258b0 hwm_kb=128060 rss_kb=127936 cgroup_peak=121720832
1791526434 20-normal-main 2d3c09c258b0 hwm_kb=128532 rss_kb=128532 cgroup_peak=122605568
1791526434 20-normal-main 2d3c09c258b0 hwm_kb=131616 rss_kb=129316 cgroup_peak=126750720
1791526435 20-normal-main 2d3c09c258b0 hwm_kb=132468 rss_kb=132468 cgroup_peak=128413696
1791526435 20-normal-main 2d3c09c258b0 hwm_kb=133920 rss_kb=133348 cgroup_peak=130727936
1791526436 20-normal-main 2d3c09c258b0 hwm_kb=134304 rss_kb=134184 cgroup_peak=132141056
1791526436 20-normal-main 2d3c09c258b0 hwm_kb=134304 rss_kb=127092 cgroup_peak=132325376
1791526437 20-normal-main 2d3c09c258b0 hwm_kb=134304 rss_kb=132728 cgroup_peak=132341760
1791526437 20-normal-main 2d3c09c258b0 hwm_kb=134304 rss_kb=133572 cgroup_peak=134107136
1791526438 20-normal-main 2d3c09c258b0 hwm_kb=134304 rss_kb=132848 cgroup_peak=134549504
1791526438 20-normal-main 2d3c09c258b0 hwm_kb=134304 rss_kb=129884 cgroup_peak=136278016
1791526439 20-normal-main 2d3c09c258b0 hwm_kb=135204 rss_kb=134296 cgroup_peak=138555392
1791526440 20-normal-main 2d3c09c258b0 hwm_kb=135204 rss_kb=133968 cgroup_peak=138997760
1791526440 20-normal-main 2d3c09c258b0 hwm_kb=135204 rss_kb=132156 cgroup_peak=140455936
1791526441 20-normal-main 2d3c09c258b0 hwm_kb=137748 rss_kb=133500 cgroup_peak=144125952
1791526443 20-normal-main f0cb81957601 hwm_kb=31048 rss_kb=31048 cgroup_peak=17522688
1791526443 20-normal-main f0cb81957601 hwm_kb=31048 rss_kb=31048 cgroup_peak=17522688
1791526444 20-normal-main f0cb81957601 hwm_kb=31048 rss_kb=31048 cgroup_peak=17522688
1791526444 20-normal-main f0cb81957601 hwm_kb=31048 rss_kb=31048 cgroup_peak=17522688
1791526445 20-normal-main f0cb81957601 hwm_kb=31048 rss_kb=31048 cgroup_peak=17522688
1791526445 20-normal-main f0cb81957601 hwm_kb=31200 rss_kb=31200 cgroup_peak=17522688
1791526446 20-normal-main f0cb81957601 hwm_kb=42856 rss_kb=42092 cgroup_peak=27058176
1791526446 20-normal-main f0cb81957601 hwm_kb=42856 rss_kb=41584 cgroup_peak=27058176
1791526447 20-normal-main f0cb81957601 hwm_kb=42856 rss_kb=41376 cgroup_peak=27058176
1791526447 20-normal-main f0cb81957601 hwm_kb=42856 rss_kb=41320 cgroup_peak=27058176
1791526448 20-normal-main f0cb81957601 hwm_kb=43316 rss_kb=42452 cgroup_peak=27172864
1791526448 20-normal-main f0cb81957601 hwm_kb=43320 rss_kb=42604 cgroup_peak=27598848
1791526449 20-normal-main f0cb81957601 hwm_kb=45644 rss_kb=44324 cgroup_peak=29741056
1791526450 20-normal-main f0cb81957601 hwm_kb=45644 rss_kb=43920 cgroup_peak=29741056
1791526450 20-normal-main f0cb81957601 hwm_kb=45644 rss_kb=44324 cgroup_peak=29741056
1791526451 20-normal-main f0cb81957601 hwm_kb=45980 rss_kb=45984 cgroup_peak=30429184
1791526451 20-normal-main f0cb81957601 hwm_kb=45964 rss_kb=45472 cgroup_peak=30470144
1791526452 20-normal-main f0cb81957601 hwm_kb=45964 rss_kb=44120 cgroup_peak=30470144
1791526452 20-normal-main f0cb81957601 hwm_kb=45964 rss_kb=44884 cgroup_peak=30470144
1791526453 20-normal-main f0cb81957601 hwm_kb=45964 rss_kb=44056 cgroup_peak=30470144
1791526453 20-normal-main f0cb81957601 hwm_kb=45964 rss_kb=43492 cgroup_peak=30470144
1791526454 20-normal-main f0cb81957601 hwm_kb=45964 rss_kb=43524 cgroup_peak=30642176
1791526454 20-normal-main f0cb81957601 hwm_kb=45964 rss_kb=42900 cgroup_peak=30695424
1791526455 20-normal-main f0cb81957601 hwm_kb=45964 rss_kb=42808 cgroup_peak=30937088
1791526455 20-normal-main f0cb81957601 hwm_kb=45964 rss_kb=43520 cgroup_peak=30937088
1791526456 20-normal-main f0cb81957601 hwm_kb=45964 rss_kb=40680 cgroup_peak=30937088
1791526456 20-normal-main f0cb81957601 hwm_kb=45964 rss_kb=42064 cgroup_peak=30937088
1791526457 20-normal-main f0cb81957601 hwm_kb=45964 rss_kb=42072 cgroup_peak=30937088
1791526458 20-normal-main f0cb81957601 hwm_kb=45964 rss_kb=41396 cgroup_peak=30937088
1791526458 20-normal-main f0cb81957601 hwm_kb=45964 rss_kb=43344 cgroup_peak=30937088
1791526459 20-normal-main f0cb81957601 hwm_kb=45964 rss_kb=43720 cgroup_peak=30937088
1791526459 20-normal-main f0cb81957601 hwm_kb=45964 rss_kb=43064 cgroup_peak=30937088
1791526460 20-normal-main f0cb81957601 hwm_kb=45964 rss_kb=44016 cgroup_peak=30937088
1791526460 20-normal-main f0cb81957601 hwm_kb=45964 rss_kb=42156 cgroup_peak=30937088
1791526461 20-normal-main f0cb81957601 hwm_kb=45964 rss_kb=42476 cgroup_peak=30937088
1791526461 20-normal-main f0cb81957601 hwm_kb=45964 rss_kb=41536 cgroup_peak=30937088
1791526462 20-normal-main f0cb81957601 hwm_kb=45964 rss_kb=42800 cgroup_peak=30937088
1791526462 20-normal-main f0cb81957601 hwm_kb=45964 rss_kb=43192 cgroup_peak=30937088
1791526463 20-normal-main f0cb81957601 hwm_kb=45964 rss_kb=44472 cgroup_peak=30937088
1791526463 20-normal-main f0cb81957601 hwm_kb=45964 rss_kb=42740 cgroup_peak=30937088
1791526464 20-normal-main f0cb81957601 hwm_kb=45964 rss_kb=42772 cgroup_peak=30937088
1791526464 20-normal-main f0cb81957601 hwm_kb=45964 rss_kb=42996 cgroup_peak=30937088
1791526465 20-normal-main f0cb81957601 hwm_kb=45964 rss_kb=41452 cgroup_peak=30937088
1791526466 20-normal-main f0cb81957601 hwm_kb=45964 rss_kb=43112 cgroup_peak=30937088
1791526466 20-normal-main f0cb81957601 hwm_kb=45964 rss_kb=41388 cgroup_peak=30937088
1791526467 20-normal-main f0cb81957601 hwm_kb=45964 rss_kb=42320 cgroup_peak=30937088
1791526467 20-normal-main f0cb81957601 hwm_kb=45964 rss_kb=41352 cgroup_peak=30937088
1791526468 20-normal-main f0cb81957601 hwm_kb=45964 rss_kb=42256 cgroup_peak=30937088
1791526468 20-normal-main f0cb81957601 hwm_kb=45964 rss_kb=43344 cgroup_peak=30937088
1791526469 20-normal-main f0cb81957601 hwm_kb=45964 rss_kb=43364 cgroup_peak=30937088
1791526469 20-normal-main f0cb81957601 hwm_kb=45964 rss_kb=42544 cgroup_peak=30937088
1791526470 20-normal-main f0cb81957601 hwm_kb=45964 rss_kb=43860 cgroup_peak=30937088
1791526470 20-normal-main f0cb81957601 hwm_kb=45964 rss_kb=43376 cgroup_peak=30937088
1791526471 20-normal-main f0cb81957601 hwm_kb=45964 rss_kb=42976 cgroup_peak=30937088
1791526471 20-normal-main f0cb81957601 hwm_kb=48172 rss_kb=45380 cgroup_peak=32145408
1791526472 20-normal-main f0cb81957601 hwm_kb=48172 rss_kb=45068 cgroup_peak=32145408
1791526472 20-normal-main f0cb81957601 hwm_kb=48172 rss_kb=46780 cgroup_peak=32145408
1791526473 20-normal-main f0cb81957601 hwm_kb=48172 rss_kb=43976 cgroup_peak=32145408
1791526473 20-normal-main f0cb81957601 hwm_kb=48172 rss_kb=45816 cgroup_peak=32145408
1791526474 20-normal-main f0cb81957601 hwm_kb=48172 rss_kb=44556 cgroup_peak=32145408
1791526475 20-normal-main f0cb81957601 hwm_kb=48172 rss_kb=44488 cgroup_peak=32145408
1791526475 20-normal-main f0cb81957601 hwm_kb=48172 rss_kb=47840 cgroup_peak=32145408
1791526476 20-normal-main f0cb81957601 hwm_kb=48172 rss_kb=44380 cgroup_peak=32145408
1791526476 20-normal-main f0cb81957601 hwm_kb=48172 rss_kb=43320 cgroup_peak=32145408
1791526477 20-normal-main f0cb81957601 hwm_kb=48172 rss_kb=43720 cgroup_peak=32145408
1791526477 20-normal-main f0cb81957601 hwm_kb=48172 rss_kb=44480 cgroup_peak=32145408
1791526478 20-normal-main f0cb81957601 hwm_kb=48172 rss_kb=42848 cgroup_peak=32145408
1791526478 20-normal-main f0cb81957601 hwm_kb=48172 rss_kb=45100 cgroup_peak=32145408
1791526479 20-normal-main f0cb81957601 hwm_kb=48172 rss_kb=45112 cgroup_peak=32145408
1791526479 20-normal-main f0cb81957601 hwm_kb=48172 rss_kb=44824 cgroup_peak=32145408
1791526480 20-normal-main f0cb81957601 hwm_kb=48172 rss_kb=44380 cgroup_peak=32145408
1791526480 20-normal-main f0cb81957601 hwm_kb=48172 rss_kb=45420 cgroup_peak=32501760
1791526481 20-normal-main f0cb81957601 hwm_kb=48172 rss_kb=45944 cgroup_peak=32501760
1791526481 20-normal-main f0cb81957601 hwm_kb=48172 rss_kb=44360 cgroup_peak=32501760
1791526482 20-normal-main f0cb81957601 hwm_kb=48172 rss_kb=45012 cgroup_peak=32501760
1791526483 20-normal-main f0cb81957601 hwm_kb=48172 rss_kb=44980 cgroup_peak=32501760
1791526483 20-normal-main f0cb81957601 hwm_kb=48172 rss_kb=43376 cgroup_peak=32501760
1791526484 20-normal-main f0cb81957601 hwm_kb=48172 rss_kb=46968 cgroup_peak=32501760
1791526484 20-normal-main f0cb81957601 hwm_kb=48172 rss_kb=44816 cgroup_peak=32501760
1791526485 20-normal-main f0cb81957601 hwm_kb=48172 rss_kb=45452 cgroup_peak=32501760
1791526485 20-normal-main f0cb81957601 hwm_kb=48172 rss_kb=45112 cgroup_peak=32501760
1791526486 20-normal-main f0cb81957601 hwm_kb=50892 rss_kb=53296 cgroup_peak=40644608
1791526486 20-normal-main f0cb81957601 hwm_kb=81880 rss_kb=81880 cgroup_peak=70819840
1791526487 20-normal-main f0cb81957601 hwm_kb=117724 rss_kb=117724 cgroup_peak=108679168
1791526487 20-normal-main f0cb81957601 hwm_kb=124468 rss_kb=122564 cgroup_peak=116318208
1791526488 20-normal-main f0cb81957601 hwm_kb=124892 rss_kb=124400 cgroup_peak=117743616
1791526488 20-normal-main f0cb81957601 hwm_kb=126412 rss_kb=126412 cgroup_peak=120000512
1791526489 20-normal-main f0cb81957601 hwm_kb=130048 rss_kb=130048 cgroup_peak=124407808
1791526489 20-normal-main f0cb81957601 hwm_kb=132600 rss_kb=132600 cgroup_peak=127954944
1791526490 20-normal-main f0cb81957601 hwm_kb=132316 rss_kb=132316 cgroup_peak=128548864
1791526490 20-normal-main f0cb81957601 hwm_kb=132668 rss_kb=131840 cgroup_peak=130490368
1791526491 20-normal-main f0cb81957601 hwm_kb=132708 rss_kb=132480 cgroup_peak=131170304
1791526492 20-normal-main f0cb81957601 hwm_kb=134660 rss_kb=134660 cgroup_peak=133439488
1791526492 20-normal-main f0cb81957601 hwm_kb=136580 rss_kb=133408 cgroup_peak=137625600
1791526493 20-normal-main f0cb81957601 hwm_kb=136580 rss_kb=134596 cgroup_peak=137625600
1791526493 20-normal-main f0cb81957601 hwm_kb=136580 rss_kb=134380 cgroup_peak=137625600
1791526494 20-normal-main f0cb81957601 hwm_kb=136580 rss_kb=133632 cgroup_peak=137625600
1791526494 20-normal-main f0cb81957601 hwm_kb=136580 rss_kb=135116 cgroup_peak=139796480
1791526495 20-normal-main f0cb81957601 hwm_kb=137464 rss_kb=133340 cgroup_peak=142057472
1791526495 20-normal-main f0cb81957601 hwm_kb=137464 rss_kb=132384 cgroup_peak=142057472
1791526496 20-normal-main f0cb81957601 hwm_kb=137464 rss_kb=132040 cgroup_peak=142057472
1791526498 21-normal-main 59bfc8625bef hwm_kb=33536 rss_kb=33536 cgroup_peak=20557824
1791526499 21-normal-main 59bfc8625bef hwm_kb=33536 rss_kb=33536 cgroup_peak=20557824
1791526499 21-normal-main 59bfc8625bef hwm_kb=33536 rss_kb=33536 cgroup_peak=20557824
1791526500 21-normal-main 59bfc8625bef hwm_kb=33536 rss_kb=33536 cgroup_peak=20557824
1791526500 21-normal-main 59bfc8625bef hwm_kb=33536 rss_kb=33536 cgroup_peak=20557824
1791526501 21-normal-main 59bfc8625bef hwm_kb=33536 rss_kb=33536 cgroup_peak=20557824
1791526501 21-normal-main 59bfc8625bef hwm_kb=33684 rss_kb=33756 cgroup_peak=20557824
1791526502 21-normal-main 59bfc8625bef hwm_kb=44180 rss_kb=42232 cgroup_peak=28266496
1791526502 21-normal-main 59bfc8625bef hwm_kb=44256 rss_kb=43560 cgroup_peak=28368896
1791526503 21-normal-main 59bfc8625bef hwm_kb=44256 rss_kb=43988 cgroup_peak=28368896
1791526503 21-normal-main 59bfc8625bef hwm_kb=44324 rss_kb=42856 cgroup_peak=28385280
1791526504 21-normal-main 59bfc8625bef hwm_kb=45760 rss_kb=43384 cgroup_peak=29716480
1791526504 21-normal-main 59bfc8625bef hwm_kb=45760 rss_kb=44424 cgroup_peak=29716480
1791526505 21-normal-main 59bfc8625bef hwm_kb=47704 rss_kb=46152 cgroup_peak=31662080
1791526505 21-normal-main 59bfc8625bef hwm_kb=47740 rss_kb=44344 cgroup_peak=32428032
1791526506 21-normal-main 59bfc8625bef hwm_kb=47740 rss_kb=44240 cgroup_peak=32428032
1791526506 21-normal-main 59bfc8625bef hwm_kb=47740 rss_kb=45032 cgroup_peak=32428032
1791526507 21-normal-main 59bfc8625bef hwm_kb=47740 rss_kb=44344 cgroup_peak=32428032
1791526508 21-normal-main 59bfc8625bef hwm_kb=47740 rss_kb=44804 cgroup_peak=32428032
1791526508 21-normal-main 59bfc8625bef hwm_kb=47856 rss_kb=43412 cgroup_peak=32428032
1791526509 21-normal-main 59bfc8625bef hwm_kb=47856 rss_kb=44852 cgroup_peak=32428032
1791526509 21-normal-main 59bfc8625bef hwm_kb=47856 rss_kb=44072 cgroup_peak=32428032
1791526510 21-normal-main 59bfc8625bef hwm_kb=47856 rss_kb=45024 cgroup_peak=32428032
1791526510 21-normal-main 59bfc8625bef hwm_kb=47856 rss_kb=43804 cgroup_peak=32428032
1791526511 21-normal-main 59bfc8625bef hwm_kb=47856 rss_kb=45340 cgroup_peak=32428032
1791526511 21-normal-main 59bfc8625bef hwm_kb=47856 rss_kb=45072 cgroup_peak=32428032
1791526512 21-normal-main 59bfc8625bef hwm_kb=47856 rss_kb=44020 cgroup_peak=32428032
1791526512 21-normal-main 59bfc8625bef hwm_kb=47856 rss_kb=43900 cgroup_peak=32428032
1791526513 21-normal-main 59bfc8625bef hwm_kb=47856 rss_kb=43288 cgroup_peak=32428032
1791526513 21-normal-main 59bfc8625bef hwm_kb=47856 rss_kb=44608 cgroup_peak=32428032
1791526514 21-normal-main 59bfc8625bef hwm_kb=47856 rss_kb=44276 cgroup_peak=32428032
1791526514 21-normal-main 59bfc8625bef hwm_kb=47856 rss_kb=44868 cgroup_peak=32428032
1791526515 21-normal-main 59bfc8625bef hwm_kb=47856 rss_kb=44508 cgroup_peak=32428032
1791526516 21-normal-main 59bfc8625bef hwm_kb=47856 rss_kb=45396 cgroup_peak=32428032
1791526516 21-normal-main 59bfc8625bef hwm_kb=47856 rss_kb=44672 cgroup_peak=32428032
1791526517 21-normal-main 59bfc8625bef hwm_kb=47856 rss_kb=45500 cgroup_peak=32428032
1791526517 21-normal-main 59bfc8625bef hwm_kb=47856 rss_kb=45040 cgroup_peak=32428032
1791526518 21-normal-main 59bfc8625bef hwm_kb=47856 rss_kb=44712 cgroup_peak=32428032
1791526518 21-normal-main 59bfc8625bef hwm_kb=47856 rss_kb=44220 cgroup_peak=32428032
1791526519 21-normal-main 59bfc8625bef hwm_kb=47856 rss_kb=44884 cgroup_peak=32579584
1791526519 21-normal-main 59bfc8625bef hwm_kb=47856 rss_kb=44696 cgroup_peak=32579584
1791526520 21-normal-main 59bfc8625bef hwm_kb=47856 rss_kb=45020 cgroup_peak=32579584
1791526520 21-normal-main 59bfc8625bef hwm_kb=47856 rss_kb=44056 cgroup_peak=32579584
1791526521 21-normal-main 59bfc8625bef hwm_kb=47856 rss_kb=45600 cgroup_peak=32579584
1791526521 21-normal-main 59bfc8625bef hwm_kb=47856 rss_kb=44124 cgroup_peak=32579584
1791526522 21-normal-main 59bfc8625bef hwm_kb=47856 rss_kb=45844 cgroup_peak=32579584
1791526523 21-normal-main 59bfc8625bef hwm_kb=47856 rss_kb=43420 cgroup_peak=32579584
1791526523 21-normal-main 59bfc8625bef hwm_kb=47856 rss_kb=43516 cgroup_peak=32579584
1791526524 21-normal-main 59bfc8625bef hwm_kb=47856 rss_kb=44652 cgroup_peak=32579584
1791526524 21-normal-main 59bfc8625bef hwm_kb=47856 rss_kb=44532 cgroup_peak=32579584
1791526525 21-normal-main 59bfc8625bef hwm_kb=47856 rss_kb=44412 cgroup_peak=32579584
1791526525 21-normal-main 59bfc8625bef hwm_kb=47856 rss_kb=44880 cgroup_peak=32579584
1791526526 21-normal-main 59bfc8625bef hwm_kb=47856 rss_kb=44424 cgroup_peak=32579584
1791526526 21-normal-main 59bfc8625bef hwm_kb=47856 rss_kb=45396 cgroup_peak=32579584
1791526527 21-normal-main 59bfc8625bef hwm_kb=47856 rss_kb=45388 cgroup_peak=32579584
1791526527 21-normal-main 59bfc8625bef hwm_kb=47856 rss_kb=45836 cgroup_peak=32579584
1791526528 21-normal-main 59bfc8625bef hwm_kb=47856 rss_kb=45400 cgroup_peak=32579584
1791526528 21-normal-main 59bfc8625bef hwm_kb=47856 rss_kb=44928 cgroup_peak=32579584
1791526529 21-normal-main 59bfc8625bef hwm_kb=47856 rss_kb=45376 cgroup_peak=32579584
1791526530 21-normal-main 59bfc8625bef hwm_kb=47856 rss_kb=45768 cgroup_peak=32579584
1791526530 21-normal-main 59bfc8625bef hwm_kb=47856 rss_kb=45544 cgroup_peak=32579584
1791526531 21-normal-main 59bfc8625bef hwm_kb=47856 rss_kb=44996 cgroup_peak=32579584
1791526531 21-normal-main 59bfc8625bef hwm_kb=47856 rss_kb=43616 cgroup_peak=32579584
1791526532 21-normal-main 59bfc8625bef hwm_kb=49420 rss_kb=45552 cgroup_peak=33591296
1791526532 21-normal-main 59bfc8625bef hwm_kb=49420 rss_kb=47388 cgroup_peak=33591296
1791526533 21-normal-main 59bfc8625bef hwm_kb=49420 rss_kb=46256 cgroup_peak=33591296
1791526533 21-normal-main 59bfc8625bef hwm_kb=49420 rss_kb=46756 cgroup_peak=33591296
1791526534 21-normal-main 59bfc8625bef hwm_kb=49420 rss_kb=45884 cgroup_peak=34013184
1791526534 21-normal-main 59bfc8625bef hwm_kb=49420 rss_kb=46744 cgroup_peak=34058240
1791526535 21-normal-main 59bfc8625bef hwm_kb=49420 rss_kb=47488 cgroup_peak=34537472
1791526535 21-normal-main 59bfc8625bef hwm_kb=49420 rss_kb=46384 cgroup_peak=34537472
1791526536 21-normal-main 59bfc8625bef hwm_kb=49420 rss_kb=47064 cgroup_peak=34537472
1791526536 21-normal-main 59bfc8625bef hwm_kb=49420 rss_kb=48640 cgroup_peak=34537472
1791526537 21-normal-main 59bfc8625bef hwm_kb=50308 rss_kb=46728 cgroup_peak=36077568
1791526537 21-normal-main 59bfc8625bef hwm_kb=50308 rss_kb=47072 cgroup_peak=36077568
1791526538 21-normal-main 59bfc8625bef hwm_kb=50308 rss_kb=46992 cgroup_peak=36077568
1791526538 21-normal-main 59bfc8625bef hwm_kb=50308 rss_kb=48464 cgroup_peak=36077568
1791526539 21-normal-main 59bfc8625bef hwm_kb=50308 rss_kb=47692 cgroup_peak=36077568
1791526540 21-normal-main 59bfc8625bef hwm_kb=50308 rss_kb=45272 cgroup_peak=36077568
1791526540 21-normal-main 59bfc8625bef hwm_kb=50308 rss_kb=46248 cgroup_peak=36077568
1791526541 21-normal-main 59bfc8625bef hwm_kb=50308 rss_kb=45912 cgroup_peak=36077568
1791526541 21-normal-main 59bfc8625bef hwm_kb=50308 rss_kb=48532 cgroup_peak=36077568
1791526542 21-normal-main 59bfc8625bef hwm_kb=75488 rss_kb=75580 cgroup_peak=65748992
1791526542 21-normal-main 59bfc8625bef hwm_kb=110656 rss_kb=111160 cgroup_peak=103620608
1791526543 21-normal-main 59bfc8625bef hwm_kb=125224 rss_kb=125224 cgroup_peak=118501376
1791526543 21-normal-main 59bfc8625bef hwm_kb=126084 rss_kb=126084 cgroup_peak=119869440
1791526544 21-normal-main 59bfc8625bef hwm_kb=130360 rss_kb=130364 cgroup_peak=125157376
1791526544 21-normal-main 59bfc8625bef hwm_kb=131616 rss_kb=130088 cgroup_peak=127434752
1791526545 21-normal-main 59bfc8625bef hwm_kb=131712 rss_kb=127988 cgroup_peak=128622592
1791526545 21-normal-main 59bfc8625bef hwm_kb=133316 rss_kb=133316 cgroup_peak=130691072
1791526546 21-normal-main 59bfc8625bef hwm_kb=134048 rss_kb=132996 cgroup_peak=133513216
1791526546 21-normal-main 59bfc8625bef hwm_kb=134360 rss_kb=132128 cgroup_peak=134144000
1791526547 21-normal-main 59bfc8625bef hwm_kb=136036 rss_kb=136036 cgroup_peak=136232960
1791526547 21-normal-main 59bfc8625bef hwm_kb=135324 rss_kb=134708 cgroup_peak=136409088
1791526548 21-normal-main 59bfc8625bef hwm_kb=135324 rss_kb=132140 cgroup_peak=136413184
1791526548 21-normal-main 59bfc8625bef hwm_kb=135324 rss_kb=133536 cgroup_peak=136413184
1791526549 21-normal-main 59bfc8625bef hwm_kb=135912 rss_kb=135912 cgroup_peak=139448320
1791526550 21-normal-main 59bfc8625bef hwm_kb=137176 rss_kb=130476 cgroup_peak=141668352
1791526550 21-normal-main 59bfc8625bef hwm_kb=137176 rss_kb=133012 cgroup_peak=141668352
1791526551 21-normal-main 59bfc8625bef hwm_kb=137176 rss_kb=133848 cgroup_peak=141668352
1791526551 21-normal-main 59bfc8625bef hwm_kb=137176 rss_kb=132512 cgroup_peak=143818752
1791526553 21-normal-main c1b3e0e6cff4 hwm_kb=30744 rss_kb=30744 cgroup_peak=17522688
1791526554 21-normal-main c1b3e0e6cff4 hwm_kb=30744 rss_kb=30744 cgroup_peak=17522688
1791526554 21-normal-main c1b3e0e6cff4 hwm_kb=30744 rss_kb=30744 cgroup_peak=17522688
1791526555 21-normal-main c1b3e0e6cff4 hwm_kb=30744 rss_kb=30744 cgroup_peak=17522688
1791526555 21-normal-main c1b3e0e6cff4 hwm_kb=30744 rss_kb=30744 cgroup_peak=17522688
1791526556 21-normal-main c1b3e0e6cff4 hwm_kb=30744 rss_kb=30744 cgroup_peak=17522688
1791526556 21-normal-main c1b3e0e6cff4 hwm_kb=41188 rss_kb=40860 cgroup_peak=25141248
1791526557 21-normal-main c1b3e0e6cff4 hwm_kb=42560 rss_kb=40416 cgroup_peak=26632192
1791526557 21-normal-main c1b3e0e6cff4 hwm_kb=42560 rss_kb=40720 cgroup_peak=26632192
1791526558 21-normal-main c1b3e0e6cff4 hwm_kb=42560 rss_kb=41252 cgroup_peak=26632192
1791526559 21-normal-main c1b3e0e6cff4 hwm_kb=43980 rss_kb=44004 cgroup_peak=27590656
1791526559 21-normal-main c1b3e0e6cff4 hwm_kb=44536 rss_kb=41320 cgroup_peak=28344320
1791526560 21-normal-main c1b3e0e6cff4 hwm_kb=44536 rss_kb=42144 cgroup_peak=28344320
1791526560 21-normal-main c1b3e0e6cff4 hwm_kb=44536 rss_kb=42476 cgroup_peak=28344320
1791526561 21-normal-main c1b3e0e6cff4 hwm_kb=44536 rss_kb=42560 cgroup_peak=28344320
1791526561 21-normal-main c1b3e0e6cff4 hwm_kb=44544 rss_kb=42672 cgroup_peak=28610560
1791526562 21-normal-main c1b3e0e6cff4 hwm_kb=47220 rss_kb=44108 cgroup_peak=33165312
1791526562 21-normal-main c1b3e0e6cff4 hwm_kb=47220 rss_kb=44148 cgroup_peak=33165312
1791526563 21-normal-main c1b3e0e6cff4 hwm_kb=47220 rss_kb=44252 cgroup_peak=33165312
1791526563 21-normal-main c1b3e0e6cff4 hwm_kb=47220 rss_kb=43276 cgroup_peak=33165312
1791526564 21-normal-main c1b3e0e6cff4 hwm_kb=47220 rss_kb=47184 cgroup_peak=33165312
1791526564 21-normal-main c1b3e0e6cff4 hwm_kb=47220 rss_kb=43148 cgroup_peak=33165312
1791526565 21-normal-main c1b3e0e6cff4 hwm_kb=47220 rss_kb=44276 cgroup_peak=33165312
1791526565 21-normal-main c1b3e0e6cff4 hwm_kb=47220 rss_kb=43780 cgroup_peak=33165312
1791526566 21-normal-main c1b3e0e6cff4 hwm_kb=47220 rss_kb=44828 cgroup_peak=33165312
1791526566 21-normal-main c1b3e0e6cff4 hwm_kb=47220 rss_kb=43008 cgroup_peak=33165312
1791526567 21-normal-main c1b3e0e6cff4 hwm_kb=47220 rss_kb=42200 cgroup_peak=33165312
1791526568 21-normal-main c1b3e0e6cff4 hwm_kb=47220 rss_kb=41792 cgroup_peak=33165312
1791526568 21-normal-main c1b3e0e6cff4 hwm_kb=47220 rss_kb=43560 cgroup_peak=33165312
1791526569 21-normal-main c1b3e0e6cff4 hwm_kb=47220 rss_kb=45488 cgroup_peak=33165312
1791526569 21-normal-main c1b3e0e6cff4 hwm_kb=47220 rss_kb=43428 cgroup_peak=33165312
1791526570 21-normal-main c1b3e0e6cff4 hwm_kb=47220 rss_kb=44684 cgroup_peak=33165312
1791526570 21-normal-main c1b3e0e6cff4 hwm_kb=47220 rss_kb=43496 cgroup_peak=33165312
1791526571 21-normal-main c1b3e0e6cff4 hwm_kb=47220 rss_kb=45540 cgroup_peak=33165312
1791526571 21-normal-main c1b3e0e6cff4 hwm_kb=47220 rss_kb=44292 cgroup_peak=33165312
1791526572 21-normal-main c1b3e0e6cff4 hwm_kb=47220 rss_kb=44388 cgroup_peak=33165312
1791526572 21-normal-main c1b3e0e6cff4 hwm_kb=47220 rss_kb=44732 cgroup_peak=33165312
1791526573 21-normal-main c1b3e0e6cff4 hwm_kb=47220 rss_kb=44500 cgroup_peak=33165312
1791526573 21-normal-main c1b3e0e6cff4 hwm_kb=47220 rss_kb=43420 cgroup_peak=33165312
1791526574 21-normal-main c1b3e0e6cff4 hwm_kb=47220 rss_kb=43464 cgroup_peak=33165312
1791526574 21-normal-main c1b3e0e6cff4 hwm_kb=47220 rss_kb=44164 cgroup_peak=33165312
1791526575 21-normal-main c1b3e0e6cff4 hwm_kb=47220 rss_kb=43312 cgroup_peak=33165312
1791526575 21-normal-main c1b3e0e6cff4 hwm_kb=47220 rss_kb=44748 cgroup_peak=33165312
1791526576 21-normal-main c1b3e0e6cff4 hwm_kb=47220 rss_kb=43928 cgroup_peak=33165312
1791526577 21-normal-main c1b3e0e6cff4 hwm_kb=47220 rss_kb=42620 cgroup_peak=33165312
1791526577 21-normal-main c1b3e0e6cff4 hwm_kb=47220 rss_kb=42548 cgroup_peak=33165312
1791526578 21-normal-main c1b3e0e6cff4 hwm_kb=47220 rss_kb=42748 cgroup_peak=33165312
1791526578 21-normal-main c1b3e0e6cff4 hwm_kb=47220 rss_kb=43200 cgroup_peak=33165312
1791526579 21-normal-main c1b3e0e6cff4 hwm_kb=47220 rss_kb=43680 cgroup_peak=33165312
1791526579 21-normal-main c1b3e0e6cff4 hwm_kb=47220 rss_kb=42484 cgroup_peak=33165312
1791526580 21-normal-main c1b3e0e6cff4 hwm_kb=47220 rss_kb=43300 cgroup_peak=33165312
1791526580 21-normal-main c1b3e0e6cff4 hwm_kb=47220 rss_kb=43976 cgroup_peak=33165312
1791526581 21-normal-main c1b3e0e6cff4 hwm_kb=47220 rss_kb=44312 cgroup_peak=33165312
1791526581 21-normal-main c1b3e0e6cff4 hwm_kb=47220 rss_kb=43808 cgroup_peak=33165312
1791526582 21-normal-main c1b3e0e6cff4 hwm_kb=47220 rss_kb=43604 cgroup_peak=33165312
1791526582 21-normal-main c1b3e0e6cff4 hwm_kb=47220 rss_kb=45276 cgroup_peak=33165312
1791526583 21-normal-main c1b3e0e6cff4 hwm_kb=47220 rss_kb=44012 cgroup_peak=33165312
1791526583 21-normal-main c1b3e0e6cff4 hwm_kb=47220 rss_kb=42916 cgroup_peak=33165312
1791526584 21-normal-main c1b3e0e6cff4 hwm_kb=47220 rss_kb=44084 cgroup_peak=33165312
1791526584 21-normal-main c1b3e0e6cff4 hwm_kb=47220 rss_kb=44932 cgroup_peak=33165312
1791526585 21-normal-main c1b3e0e6cff4 hwm_kb=47220 rss_kb=43176 cgroup_peak=33165312
1791526585 21-normal-main c1b3e0e6cff4 hwm_kb=47220 rss_kb=44576 cgroup_peak=33165312
1791526586 21-normal-main c1b3e0e6cff4 hwm_kb=47220 rss_kb=44320 cgroup_peak=33165312
1791526587 21-normal-main c1b3e0e6cff4 hwm_kb=47220 rss_kb=43232 cgroup_peak=33165312
1791526587 21-normal-main c1b3e0e6cff4 hwm_kb=47220 rss_kb=42900 cgroup_peak=33165312
1791526588 21-normal-main c1b3e0e6cff4 hwm_kb=47220 rss_kb=43160 cgroup_peak=33165312
1791526588 21-normal-main c1b3e0e6cff4 hwm_kb=47220 rss_kb=41796 cgroup_peak=33165312
1791526589 21-normal-main c1b3e0e6cff4 hwm_kb=47220 rss_kb=43436 cgroup_peak=33165312
1791526589 21-normal-main c1b3e0e6cff4 hwm_kb=47220 rss_kb=45288 cgroup_peak=33165312
1791526590 21-normal-main c1b3e0e6cff4 hwm_kb=47220 rss_kb=45168 cgroup_peak=33165312
1791526590 21-normal-main c1b3e0e6cff4 hwm_kb=47220 rss_kb=43604 cgroup_peak=33165312
1791526591 21-normal-main c1b3e0e6cff4 hwm_kb=47220 rss_kb=43176 cgroup_peak=33165312
1791526591 21-normal-main c1b3e0e6cff4 hwm_kb=47220 rss_kb=43504 cgroup_peak=33165312
1791526592 21-normal-main c1b3e0e6cff4 hwm_kb=47220 rss_kb=44832 cgroup_peak=33165312
1791526592 21-normal-main c1b3e0e6cff4 hwm_kb=47220 rss_kb=44124 cgroup_peak=33165312
1791526593 21-normal-main c1b3e0e6cff4 hwm_kb=47220 rss_kb=43964 cgroup_peak=33165312
1791526593 21-normal-main c1b3e0e6cff4 hwm_kb=47220 rss_kb=44368 cgroup_peak=33165312
1791526594 21-normal-main c1b3e0e6cff4 hwm_kb=47220 rss_kb=45568 cgroup_peak=33165312
1791526594 21-normal-main c1b3e0e6cff4 hwm_kb=47220 rss_kb=44044 cgroup_peak=33165312
1791526595 21-normal-main c1b3e0e6cff4 hwm_kb=47220 rss_kb=44116 cgroup_peak=33165312
1791526595 21-normal-main c1b3e0e6cff4 hwm_kb=47220 rss_kb=44016 cgroup_peak=33165312
1791526596 21-normal-main c1b3e0e6cff4 hwm_kb=47220 rss_kb=44520 cgroup_peak=33484800
1791526597 21-normal-main c1b3e0e6cff4 hwm_kb=61916 rss_kb=61916 cgroup_peak=51789824
1791526597 21-normal-main c1b3e0e6cff4 hwm_kb=96320 rss_kb=96372 cgroup_peak=88276992
1791526598 21-normal-main c1b3e0e6cff4 hwm_kb=122432 rss_kb=122432 cgroup_peak=115810304
1791526598 21-normal-main c1b3e0e6cff4 hwm_kb=127376 rss_kb=123900 cgroup_peak=122064896
1791526599 21-normal-main c1b3e0e6cff4 hwm_kb=128728 rss_kb=127028 cgroup_peak=124448768
1791526599 21-normal-main c1b3e0e6cff4 hwm_kb=128728 rss_kb=127860 cgroup_peak=124448768
1791526600 21-normal-main c1b3e0e6cff4 hwm_kb=128728 rss_kb=128648 cgroup_peak=125722624
1791526600 21-normal-main c1b3e0e6cff4 hwm_kb=130832 rss_kb=128444 cgroup_peak=128737280
1791526601 21-normal-main c1b3e0e6cff4 hwm_kb=132368 rss_kb=132368 cgroup_peak=131325952
1791526601 21-normal-main c1b3e0e6cff4 hwm_kb=131984 rss_kb=126996 cgroup_peak=131334144
1791526602 21-normal-main c1b3e0e6cff4 hwm_kb=133340 rss_kb=128380 cgroup_peak=134344704
1791526602 21-normal-main c1b3e0e6cff4 hwm_kb=133340 rss_kb=130488 cgroup_peak=134381568
1791526603 21-normal-main c1b3e0e6cff4 hwm_kb=133340 rss_kb=130220 cgroup_peak=134381568
1791526603 21-normal-main c1b3e0e6cff4 hwm_kb=135668 rss_kb=130396 cgroup_peak=138883072
1791526604 21-normal-main c1b3e0e6cff4 hwm_kb=135668 rss_kb=129236 cgroup_peak=138883072
1791526604 21-normal-main c1b3e0e6cff4 hwm_kb=135668 rss_kb=132780 cgroup_peak=138883072
1791526605 21-normal-main c1b3e0e6cff4 hwm_kb=135668 rss_kb=131996 cgroup_peak=139333632
1791526605 21-normal-main c1b3e0e6cff4 hwm_kb=135668 rss_kb=133496 cgroup_peak=142045184
1791526606 21-normal-main c1b3e0e6cff4 hwm_kb=135668 rss_kb=128448 cgroup_peak=142610432
1791526607 21-normal-main c1b3e0e6cff4 hwm_kb=135668 rss_kb=133252 cgroup_peak=142610432
1791526609 22-normal-b cd8a24b9af61 hwm_kb=32168 rss_kb=32168 cgroup_peak=18849792
1791526609 22-normal-b cd8a24b9af61 hwm_kb=32168 rss_kb=32168 cgroup_peak=18849792
1791526610 22-normal-b cd8a24b9af61 hwm_kb=32168 rss_kb=32168 cgroup_peak=18849792
1791526610 22-normal-b cd8a24b9af61 hwm_kb=32168 rss_kb=32168 cgroup_peak=18849792
1791526611 22-normal-b cd8a24b9af61 hwm_kb=32168 rss_kb=32168 cgroup_peak=18849792
1791526612 22-normal-b cd8a24b9af61 hwm_kb=32168 rss_kb=32168 cgroup_peak=18849792
1791526612 22-normal-b cd8a24b9af61 hwm_kb=32376 rss_kb=32376 cgroup_peak=18849792
1791526613 22-normal-b cd8a24b9af61 hwm_kb=47692 rss_kb=42064 cgroup_peak=32124928
1791526613 22-normal-b cd8a24b9af61 hwm_kb=47692 rss_kb=41532 cgroup_peak=32124928
1791526614 22-normal-b cd8a24b9af61 hwm_kb=47692 rss_kb=42728 cgroup_peak=32124928
1791526614 22-normal-b cd8a24b9af61 hwm_kb=47692 rss_kb=43212 cgroup_peak=32124928
1791526615 22-normal-b cd8a24b9af61 hwm_kb=47692 rss_kb=43956 cgroup_peak=33361920
1791526615 22-normal-b cd8a24b9af61 hwm_kb=47692 rss_kb=44756 cgroup_peak=33361920
1791526616 22-normal-b cd8a24b9af61 hwm_kb=47692 rss_kb=43664 cgroup_peak=33361920
1791526616 22-normal-b cd8a24b9af61 hwm_kb=47692 rss_kb=43524 cgroup_peak=33419264
1791526617 22-normal-b cd8a24b9af61 hwm_kb=47692 rss_kb=43824 cgroup_peak=33419264
1791526617 22-normal-b cd8a24b9af61 hwm_kb=47692 rss_kb=42596 cgroup_peak=33988608
1791526618 22-normal-b cd8a24b9af61 hwm_kb=47692 rss_kb=43004 cgroup_peak=33988608
1791526618 22-normal-b cd8a24b9af61 hwm_kb=47692 rss_kb=44212 cgroup_peak=33988608
1791526619 22-normal-b cd8a24b9af61 hwm_kb=47892 rss_kb=43696 cgroup_peak=35803136
1791526619 22-normal-b cd8a24b9af61 hwm_kb=47892 rss_kb=44060 cgroup_peak=35803136
1791526620 22-normal-b cd8a24b9af61 hwm_kb=47892 rss_kb=44496 cgroup_peak=35803136
1791526620 22-normal-b cd8a24b9af61 hwm_kb=47892 rss_kb=43956 cgroup_peak=35803136
1791526621 22-normal-b cd8a24b9af61 hwm_kb=47892 rss_kb=43672 cgroup_peak=35803136
1791526622 22-normal-b cd8a24b9af61 hwm_kb=47892 rss_kb=43340 cgroup_peak=35803136
1791526622 22-normal-b cd8a24b9af61 hwm_kb=47892 rss_kb=44096 cgroup_peak=35803136
1791526623 22-normal-b cd8a24b9af61 hwm_kb=47892 rss_kb=42736 cgroup_peak=35803136
1791526623 22-normal-b cd8a24b9af61 hwm_kb=47892 rss_kb=42188 cgroup_peak=35803136
1791526624 22-normal-b cd8a24b9af61 hwm_kb=47892 rss_kb=43072 cgroup_peak=35803136
1791526624 22-normal-b cd8a24b9af61 hwm_kb=47892 rss_kb=42400 cgroup_peak=35803136
1791526625 22-normal-b cd8a24b9af61 hwm_kb=47892 rss_kb=44084 cgroup_peak=35803136
1791526625 22-normal-b cd8a24b9af61 hwm_kb=47892 rss_kb=42896 cgroup_peak=35803136
1791526626 22-normal-b cd8a24b9af61 hwm_kb=47892 rss_kb=44864 cgroup_peak=35803136
1791526626 22-normal-b cd8a24b9af61 hwm_kb=47892 rss_kb=45036 cgroup_peak=35803136
1791526627 22-normal-b cd8a24b9af61 hwm_kb=47892 rss_kb=44156 cgroup_peak=35803136
1791526627 22-normal-b cd8a24b9af61 hwm_kb=47892 rss_kb=44296 cgroup_peak=35803136
1791526628 22-normal-b cd8a24b9af61 hwm_kb=47892 rss_kb=42824 cgroup_peak=35803136
1791526628 22-normal-b cd8a24b9af61 hwm_kb=47892 rss_kb=42616 cgroup_peak=35803136
1791526629 22-normal-b cd8a24b9af61 hwm_kb=47892 rss_kb=44704 cgroup_peak=35803136
1791526629 22-normal-b cd8a24b9af61 hwm_kb=47892 rss_kb=43688 cgroup_peak=36548608
1791526630 22-normal-b cd8a24b9af61 hwm_kb=47892 rss_kb=44476 cgroup_peak=36548608
1791526631 22-normal-b cd8a24b9af61 hwm_kb=47892 rss_kb=43808 cgroup_peak=36548608
1791526631 22-normal-b cd8a24b9af61 hwm_kb=47892 rss_kb=45408 cgroup_peak=36548608
1791526632 22-normal-b cd8a24b9af61 hwm_kb=47892 rss_kb=44160 cgroup_peak=36548608
1791526632 22-normal-b cd8a24b9af61 hwm_kb=47892 rss_kb=44304 cgroup_peak=36548608
1791526633 22-normal-b cd8a24b9af61 hwm_kb=47892 rss_kb=43772 cgroup_peak=36548608
1791526633 22-normal-b cd8a24b9af61 hwm_kb=47892 rss_kb=42372 cgroup_peak=36548608
1791526634 22-normal-b cd8a24b9af61 hwm_kb=47892 rss_kb=42736 cgroup_peak=36548608
1791526634 22-normal-b cd8a24b9af61 hwm_kb=47892 rss_kb=42240 cgroup_peak=36548608
1791526635 22-normal-b cd8a24b9af61 hwm_kb=47892 rss_kb=43716 cgroup_peak=36548608
1791526635 22-normal-b cd8a24b9af61 hwm_kb=47892 rss_kb=46916 cgroup_peak=36548608
1791526636 22-normal-b cd8a24b9af61 hwm_kb=47892 rss_kb=43104 cgroup_peak=36548608
1791526636 22-normal-b cd8a24b9af61 hwm_kb=47892 rss_kb=44460 cgroup_peak=36548608
1791526637 22-normal-b cd8a24b9af61 hwm_kb=47892 rss_kb=44716 cgroup_peak=36548608
1791526637 22-normal-b cd8a24b9af61 hwm_kb=47892 rss_kb=44872 cgroup_peak=36548608
1791526638 22-normal-b cd8a24b9af61 hwm_kb=47892 rss_kb=44976 cgroup_peak=36548608
1791526638 22-normal-b cd8a24b9af61 hwm_kb=47892 rss_kb=45616 cgroup_peak=36548608
1791526639 22-normal-b cd8a24b9af61 hwm_kb=47892 rss_kb=43780 cgroup_peak=36548608
1791526639 22-normal-b cd8a24b9af61 hwm_kb=47892 rss_kb=44160 cgroup_peak=36548608
1791526640 22-normal-b cd8a24b9af61 hwm_kb=47892 rss_kb=44324 cgroup_peak=36548608
1791526641 22-normal-b cd8a24b9af61 hwm_kb=47892 rss_kb=44580 cgroup_peak=36548608
1791526641 22-normal-b cd8a24b9af61 hwm_kb=47892 rss_kb=43096 cgroup_peak=36548608
1791526642 22-normal-b cd8a24b9af61 hwm_kb=47892 rss_kb=45320 cgroup_peak=36548608
1791526642 22-normal-b cd8a24b9af61 hwm_kb=47892 rss_kb=44448 cgroup_peak=36548608
1791526643 22-normal-b cd8a24b9af61 hwm_kb=47892 rss_kb=43256 cgroup_peak=36548608
1791526643 22-normal-b cd8a24b9af61 hwm_kb=47892 rss_kb=44128 cgroup_peak=36548608
1791526644 22-normal-b cd8a24b9af61 hwm_kb=47892 rss_kb=44096 cgroup_peak=36548608
1791526644 22-normal-b cd8a24b9af61 hwm_kb=47892 rss_kb=43552 cgroup_peak=36548608
1791526645 22-normal-b cd8a24b9af61 hwm_kb=47892 rss_kb=44404 cgroup_peak=36548608
1791526645 22-normal-b cd8a24b9af61 hwm_kb=47892 rss_kb=44152 cgroup_peak=36548608
1791526646 22-normal-b cd8a24b9af61 hwm_kb=47892 rss_kb=45216 cgroup_peak=36548608
1791526646 22-normal-b cd8a24b9af61 hwm_kb=47892 rss_kb=45068 cgroup_peak=36548608
1791526647 22-normal-b cd8a24b9af61 hwm_kb=47892 rss_kb=43912 cgroup_peak=36548608
1791526647 22-normal-b cd8a24b9af61 hwm_kb=47892 rss_kb=44724 cgroup_peak=36548608
1791526648 22-normal-b cd8a24b9af61 hwm_kb=47892 rss_kb=45816 cgroup_peak=36548608
1791526648 22-normal-b cd8a24b9af61 hwm_kb=47980 rss_kb=43712 cgroup_peak=37027840
1791526649 22-normal-b cd8a24b9af61 hwm_kb=47980 rss_kb=45176 cgroup_peak=37027840
1791526649 22-normal-b cd8a24b9af61 hwm_kb=47980 rss_kb=44292 cgroup_peak=37027840
1791526650 22-normal-b cd8a24b9af61 hwm_kb=47980 rss_kb=44328 cgroup_peak=37027840
1791526651 22-normal-b cd8a24b9af61 hwm_kb=47980 rss_kb=44596 cgroup_peak=37027840
1791526651 22-normal-b cd8a24b9af61 hwm_kb=47980 rss_kb=44416 cgroup_peak=37027840
1791526652 22-normal-b cd8a24b9af61 hwm_kb=47980 rss_kb=44576 cgroup_peak=37027840
1791526652 22-normal-b cd8a24b9af61 hwm_kb=47980 rss_kb=43596 cgroup_peak=37027840
1791526653 22-normal-b cd8a24b9af61 hwm_kb=83400 rss_kb=83400 cgroup_peak=76423168
1791526653 22-normal-b cd8a24b9af61 hwm_kb=119340 rss_kb=119344 cgroup_peak=114319360
1791526654 22-normal-b cd8a24b9af61 hwm_kb=127288 rss_kb=122028 cgroup_peak=123342848
1791526654 22-normal-b cd8a24b9af61 hwm_kb=127288 rss_kb=123540 cgroup_peak=123342848
1791526655 22-normal-b cd8a24b9af61 hwm_kb=132860 rss_kb=130568 cgroup_peak=131272704
1791526655 22-normal-b cd8a24b9af61 hwm_kb=132860 rss_kb=130800 cgroup_peak=131272704
1791526656 22-normal-b cd8a24b9af61 hwm_kb=134864 rss_kb=134864 cgroup_peak=135294976
1791526656 22-normal-b cd8a24b9af61 hwm_kb=134416 rss_kb=132936 cgroup_peak=135294976
1791526657 22-normal-b cd8a24b9af61 hwm_kb=136484 rss_kb=134952 cgroup_peak=138801152
1791526657 22-normal-b cd8a24b9af61 hwm_kb=136724 rss_kb=134064 cgroup_peak=139886592
1791526658 22-normal-b cd8a24b9af61 hwm_kb=136724 rss_kb=131892 cgroup_peak=139886592
1791526658 22-normal-b cd8a24b9af61 hwm_kb=136724 rss_kb=132896 cgroup_peak=139886592
1791526659 22-normal-b cd8a24b9af61 hwm_kb=136724 rss_kb=131524 cgroup_peak=141692928
1791526659 22-normal-b cd8a24b9af61 hwm_kb=136724 rss_kb=134784 cgroup_peak=143085568
1791526660 22-normal-b cd8a24b9af61 hwm_kb=136760 rss_kb=134200 cgroup_peak=144568320
1791526661 22-normal-b cd8a24b9af61 hwm_kb=138512 rss_kb=138356 cgroup_peak=147587072
1791526661 22-normal-b cd8a24b9af61 hwm_kb=138512 rss_kb=135428 cgroup_peak=147750912
1791526662 22-normal-b cd8a24b9af61 hwm_kb=138512 rss_kb=133596 cgroup_peak=147750912
1791526662 22-normal-b cd8a24b9af61 hwm_kb=138512 rss_kb=133276 cgroup_peak=147750912
1791526664 22-normal-b 1513ebd836d9 hwm_kb=31284 rss_kb=31284 cgroup_peak=17772544
1791526665 22-normal-b 1513ebd836d9 hwm_kb=31284 rss_kb=31284 cgroup_peak=17772544
1791526665 22-normal-b 1513ebd836d9 hwm_kb=31284 rss_kb=31284 cgroup_peak=17772544
1791526666 22-normal-b 1513ebd836d9 hwm_kb=31284 rss_kb=31284 cgroup_peak=17772544
1791526666 22-normal-b 1513ebd836d9 hwm_kb=31284 rss_kb=31284 cgroup_peak=17772544
1791526667 22-normal-b 1513ebd836d9 hwm_kb=31480 rss_kb=31480 cgroup_peak=17772544
1791526667 22-normal-b 1513ebd836d9 hwm_kb=42096 rss_kb=41072 cgroup_peak=26083328
1791526668 22-normal-b 1513ebd836d9 hwm_kb=42516 rss_kb=41556 cgroup_peak=26382336
1791526668 22-normal-b 1513ebd836d9 hwm_kb=43004 rss_kb=41220 cgroup_peak=27119616
1791526669 22-normal-b 1513ebd836d9 hwm_kb=43004 rss_kb=41184 cgroup_peak=27119616
1791526669 22-normal-b 1513ebd836d9 hwm_kb=43144 rss_kb=43156 cgroup_peak=27119616
1791526670 22-normal-b 1513ebd836d9 hwm_kb=44144 rss_kb=42708 cgroup_peak=28299264
1791526671 22-normal-b 1513ebd836d9 hwm_kb=44376 rss_kb=44376 cgroup_peak=28299264
1791526671 22-normal-b 1513ebd836d9 hwm_kb=44204 rss_kb=42956 cgroup_peak=28299264
1791526672 22-normal-b 1513ebd836d9 hwm_kb=47520 rss_kb=43476 cgroup_peak=31453184
1791526672 22-normal-b 1513ebd836d9 hwm_kb=47520 rss_kb=45440 cgroup_peak=31453184
1791526673 22-normal-b 1513ebd836d9 hwm_kb=47520 rss_kb=45512 cgroup_peak=31453184
1791526673 22-normal-b 1513ebd836d9 hwm_kb=47520 rss_kb=45576 cgroup_peak=31453184
1791526674 22-normal-b 1513ebd836d9 hwm_kb=47520 rss_kb=45180 cgroup_peak=31453184
1791526674 22-normal-b 1513ebd836d9 hwm_kb=47520 rss_kb=45028 cgroup_peak=31453184
1791526675 22-normal-b 1513ebd836d9 hwm_kb=47520 rss_kb=44456 cgroup_peak=31453184
1791526675 22-normal-b 1513ebd836d9 hwm_kb=47520 rss_kb=45072 cgroup_peak=31453184
1791526676 22-normal-b 1513ebd836d9 hwm_kb=47520 rss_kb=45916 cgroup_peak=31453184
1791526676 22-normal-b 1513ebd836d9 hwm_kb=47520 rss_kb=45180 cgroup_peak=31453184
1791526677 22-normal-b 1513ebd836d9 hwm_kb=47520 rss_kb=44240 cgroup_peak=31453184
1791526677 22-normal-b 1513ebd836d9 hwm_kb=47520 rss_kb=44288 cgroup_peak=31453184
1791526678 22-normal-b 1513ebd836d9 hwm_kb=47520 rss_kb=43920 cgroup_peak=31453184
1791526678 22-normal-b 1513ebd836d9 hwm_kb=47520 rss_kb=43108 cgroup_peak=31453184
1791526679 22-normal-b 1513ebd836d9 hwm_kb=47520 rss_kb=43788 cgroup_peak=31453184
1791526680 22-normal-b 1513ebd836d9 hwm_kb=47520 rss_kb=45040 cgroup_peak=31453184
1791526680 22-normal-b 1513ebd836d9 hwm_kb=47520 rss_kb=43556 cgroup_peak=31453184
1791526681 22-normal-b 1513ebd836d9 hwm_kb=47520 rss_kb=45084 cgroup_peak=31453184
1791526681 22-normal-b 1513ebd836d9 hwm_kb=47520 rss_kb=44920 cgroup_peak=31453184
1791526682 22-normal-b 1513ebd836d9 hwm_kb=47520 rss_kb=45312 cgroup_peak=31453184
1791526682 22-normal-b 1513ebd836d9 hwm_kb=47520 rss_kb=44036 cgroup_peak=31453184
1791526683 22-normal-b 1513ebd836d9 hwm_kb=47520 rss_kb=45564 cgroup_peak=31453184
1791526683 22-normal-b 1513ebd836d9 hwm_kb=47520 rss_kb=44880 cgroup_peak=31453184
1791526684 22-normal-b 1513ebd836d9 hwm_kb=47520 rss_kb=43856 cgroup_peak=31453184
1791526684 22-normal-b 1513ebd836d9 hwm_kb=47520 rss_kb=45512 cgroup_peak=31453184
1791526685 22-normal-b 1513ebd836d9 hwm_kb=47520 rss_kb=45064 cgroup_peak=31453184
1791526685 22-normal-b 1513ebd836d9 hwm_kb=47520 rss_kb=45676 cgroup_peak=31453184
1791526686 22-normal-b 1513ebd836d9 hwm_kb=47520 rss_kb=45580 cgroup_peak=31453184
1791526686 22-normal-b 1513ebd836d9 hwm_kb=47520 rss_kb=44172 cgroup_peak=31727616
1791526687 22-normal-b 1513ebd836d9 hwm_kb=47520 rss_kb=45004 cgroup_peak=31727616
1791526687 22-normal-b 1513ebd836d9 hwm_kb=47520 rss_kb=43440 cgroup_peak=31727616
1791526688 22-normal-b 1513ebd836d9 hwm_kb=47520 rss_kb=43392 cgroup_peak=31727616
1791526688 22-normal-b 1513ebd836d9 hwm_kb=47520 rss_kb=44196 cgroup_peak=31727616
1791526689 22-normal-b 1513ebd836d9 hwm_kb=47520 rss_kb=43676 cgroup_peak=31727616
1791526690 22-normal-b 1513ebd836d9 hwm_kb=47520 rss_kb=44524 cgroup_peak=31727616
1791526690 22-normal-b 1513ebd836d9 hwm_kb=47544 rss_kb=45064 cgroup_peak=32071680
1791526691 22-normal-b 1513ebd836d9 hwm_kb=47544 rss_kb=44464 cgroup_peak=32071680
1791526691 22-normal-b 1513ebd836d9 hwm_kb=47544 rss_kb=44792 cgroup_peak=32071680
1791526692 22-normal-b 1513ebd836d9 hwm_kb=47544 rss_kb=43988 cgroup_peak=32071680
1791526692 22-normal-b 1513ebd836d9 hwm_kb=47544 rss_kb=44856 cgroup_peak=32071680
1791526693 22-normal-b 1513ebd836d9 hwm_kb=47544 rss_kb=44116 cgroup_peak=32071680
1791526693 22-normal-b 1513ebd836d9 hwm_kb=47544 rss_kb=44816 cgroup_peak=32071680
1791526694 22-normal-b 1513ebd836d9 hwm_kb=47544 rss_kb=43824 cgroup_peak=32071680
1791526694 22-normal-b 1513ebd836d9 hwm_kb=47544 rss_kb=43052 cgroup_peak=32071680
1791526695 22-normal-b 1513ebd836d9 hwm_kb=47544 rss_kb=43432 cgroup_peak=32071680
1791526695 22-normal-b 1513ebd836d9 hwm_kb=47544 rss_kb=44592 cgroup_peak=32071680
1791526696 22-normal-b 1513ebd836d9 hwm_kb=47544 rss_kb=43244 cgroup_peak=32071680
1791526696 22-normal-b 1513ebd836d9 hwm_kb=47544 rss_kb=43688 cgroup_peak=32071680
1791526697 22-normal-b 1513ebd836d9 hwm_kb=47544 rss_kb=43244 cgroup_peak=32071680
1791526697 22-normal-b 1513ebd836d9 hwm_kb=47544 rss_kb=44276 cgroup_peak=32763904
1791526698 22-normal-b 1513ebd836d9 hwm_kb=47544 rss_kb=44704 cgroup_peak=32763904
1791526698 22-normal-b 1513ebd836d9 hwm_kb=47544 rss_kb=44156 cgroup_peak=32763904
1791526699 22-normal-b 1513ebd836d9 hwm_kb=47544 rss_kb=43752 cgroup_peak=32763904
1791526700 22-normal-b 1513ebd836d9 hwm_kb=47544 rss_kb=43796 cgroup_peak=32763904
1791526700 22-normal-b 1513ebd836d9 hwm_kb=47544 rss_kb=45044 cgroup_peak=32763904
1791526701 22-normal-b 1513ebd836d9 hwm_kb=47544 rss_kb=44504 cgroup_peak=32763904
1791526701 22-normal-b 1513ebd836d9 hwm_kb=47544 rss_kb=43960 cgroup_peak=32763904
1791526702 22-normal-b 1513ebd836d9 hwm_kb=47620 rss_kb=45480 cgroup_peak=32763904
1791526702 22-normal-b 1513ebd836d9 hwm_kb=47656 rss_kb=45716 cgroup_peak=32763904
1791526703 22-normal-b 1513ebd836d9 hwm_kb=48692 rss_kb=45512 cgroup_peak=33079296
1791526703 22-normal-b 1513ebd836d9 hwm_kb=48692 rss_kb=46480 cgroup_peak=33079296
1791526704 22-normal-b 1513ebd836d9 hwm_kb=48692 rss_kb=45696 cgroup_peak=33079296
1791526704 22-normal-b 1513ebd836d9 hwm_kb=48692 rss_kb=44376 cgroup_peak=33079296
1791526705 22-normal-b 1513ebd836d9 hwm_kb=48692 rss_kb=45140 cgroup_peak=33079296
1791526705 22-normal-b 1513ebd836d9 hwm_kb=48692 rss_kb=45296 cgroup_peak=33079296
1791526706 22-normal-b 1513ebd836d9 hwm_kb=48692 rss_kb=45136 cgroup_peak=33079296
1791526706 22-normal-b 1513ebd836d9 hwm_kb=48692 rss_kb=47064 cgroup_peak=33079296
1791526707 22-normal-b 1513ebd836d9 hwm_kb=50152 rss_kb=45688 cgroup_peak=34480128
1791526707 22-normal-b 1513ebd836d9 hwm_kb=62892 rss_kb=62892 cgroup_peak=50819072
1791526708 22-normal-b 1513ebd836d9 hwm_kb=105304 rss_kb=105396 cgroup_peak=95531008
1791526708 22-normal-b 1513ebd836d9 hwm_kb=127288 rss_kb=126488 cgroup_peak=119078912
1791526709 22-normal-b 1513ebd836d9 hwm_kb=128372 rss_kb=122644 cgroup_peak=120803328
1791526710 22-normal-b 1513ebd836d9 hwm_kb=128372 rss_kb=126980 cgroup_peak=121225216
1791526710 22-normal-b 1513ebd836d9 hwm_kb=130640 rss_kb=130640 cgroup_peak=125972480
1791526711 22-normal-b 1513ebd836d9 hwm_kb=131948 rss_kb=128164 cgroup_peak=128774144
1791526711 22-normal-b 1513ebd836d9 hwm_kb=131948 rss_kb=130248 cgroup_peak=128774144
1791526712 22-normal-b 1513ebd836d9 hwm_kb=132652 rss_kb=132388 cgroup_peak=131698688
1791526712 22-normal-b 1513ebd836d9 hwm_kb=133892 rss_kb=131696 cgroup_peak=133459968
1791526713 22-normal-b 1513ebd836d9 hwm_kb=134712 rss_kb=133668 cgroup_peak=134967296
1791526713 22-normal-b 1513ebd836d9 hwm_kb=134712 rss_kb=131632 cgroup_peak=134967296
1791526714 22-normal-b 1513ebd836d9 hwm_kb=134712 rss_kb=132736 cgroup_peak=134967296
1791526714 22-normal-b 1513ebd836d9 hwm_kb=134712 rss_kb=132840 cgroup_peak=136941568
1791526715 22-normal-b 1513ebd836d9 hwm_kb=134712 rss_kb=131524 cgroup_peak=136941568
1791526715 22-normal-b 1513ebd836d9 hwm_kb=134712 rss_kb=132976 cgroup_peak=138362880
1791526716 22-normal-b 1513ebd836d9 hwm_kb=135432 rss_kb=131852 cgroup_peak=142577664
1791526716 22-normal-b 1513ebd836d9 hwm_kb=135432 rss_kb=131984 cgroup_peak=142680064
1791526717 22-normal-b 1513ebd836d9 hwm_kb=135432 rss_kb=126260 cgroup_peak=142680064
1791526717 22-normal-b 1513ebd836d9 hwm_kb=135432 rss_kb=132760 cgroup_peak=142680064
1791526720 23-normal-b 736e3561d070 hwm_kb=32380 rss_kb=32380 cgroup_peak=18509824
1791526720 23-normal-b 736e3561d070 hwm_kb=32380 rss_kb=32380 cgroup_peak=18509824
1791526721 23-normal-b 736e3561d070 hwm_kb=32380 rss_kb=32380 cgroup_peak=18509824
1791526721 23-normal-b 736e3561d070 hwm_kb=32380 rss_kb=32380 cgroup_peak=18509824
1791526722 23-normal-b 736e3561d070 hwm_kb=32380 rss_kb=32380 cgroup_peak=18509824
1791526722 23-normal-b 736e3561d070 hwm_kb=32380 rss_kb=32380 cgroup_peak=18509824
1791526723 23-normal-b 736e3561d070 hwm_kb=44156 rss_kb=43808 cgroup_peak=28524544
1791526723 23-normal-b 736e3561d070 hwm_kb=44156 rss_kb=42572 cgroup_peak=28524544
1791526724 23-normal-b 736e3561d070 hwm_kb=44156 rss_kb=42988 cgroup_peak=28524544
1791526725 23-normal-b 736e3561d070 hwm_kb=44164 rss_kb=43360 cgroup_peak=28524544
1791526725 23-normal-b 736e3561d070 hwm_kb=44868 rss_kb=44804 cgroup_peak=28717056
1791526726 23-normal-b 736e3561d070 hwm_kb=45432 rss_kb=44808 cgroup_peak=29560832
1791526726 23-normal-b 736e3561d070 hwm_kb=46424 rss_kb=44968 cgroup_peak=30220288
1791526727 23-normal-b 736e3561d070 hwm_kb=46424 rss_kb=44268 cgroup_peak=30220288
1791526727 23-normal-b 736e3561d070 hwm_kb=47512 rss_kb=44460 cgroup_peak=31559680
1791526728 23-normal-b 736e3561d070 hwm_kb=47512 rss_kb=44644 cgroup_peak=31559680
1791526728 23-normal-b 736e3561d070 hwm_kb=47512 rss_kb=45124 cgroup_peak=31559680
1791526729 23-normal-b 736e3561d070 hwm_kb=47512 rss_kb=45220 cgroup_peak=31559680
1791526729 23-normal-b 736e3561d070 hwm_kb=47512 rss_kb=45040 cgroup_peak=31559680
1791526730 23-normal-b 736e3561d070 hwm_kb=47512 rss_kb=45600 cgroup_peak=31559680
1791526730 23-normal-b 736e3561d070 hwm_kb=47608 rss_kb=44796 cgroup_peak=31559680
1791526731 23-normal-b 736e3561d070 hwm_kb=47608 rss_kb=44364 cgroup_peak=31559680
1791526731 23-normal-b 736e3561d070 hwm_kb=47608 rss_kb=45144 cgroup_peak=31559680
1791526732 23-normal-b 736e3561d070 hwm_kb=48284 rss_kb=45696 cgroup_peak=32296960
1791526732 23-normal-b 736e3561d070 hwm_kb=48284 rss_kb=45700 cgroup_peak=32296960
1791526733 23-normal-b 736e3561d070 hwm_kb=48284 rss_kb=43648 cgroup_peak=32296960
1791526734 23-normal-b 736e3561d070 hwm_kb=48284 rss_kb=44448 cgroup_peak=32296960
1791526734 23-normal-b 736e3561d070 hwm_kb=48284 rss_kb=44788 cgroup_peak=32296960
1791526735 23-normal-b 736e3561d070 hwm_kb=48284 rss_kb=45116 cgroup_peak=32296960
1791526735 23-normal-b 736e3561d070 hwm_kb=48284 rss_kb=45076 cgroup_peak=32296960
1791526736 23-normal-b 736e3561d070 hwm_kb=48284 rss_kb=44148 cgroup_peak=32296960
1791526736 23-normal-b 736e3561d070 hwm_kb=48284 rss_kb=45824 cgroup_peak=32296960
1791526737 23-normal-b 736e3561d070 hwm_kb=48284 rss_kb=44888 cgroup_peak=32296960
1791526737 23-normal-b 736e3561d070 hwm_kb=48284 rss_kb=44784 cgroup_peak=32296960
1791526738 23-normal-b 736e3561d070 hwm_kb=48284 rss_kb=43752 cgroup_peak=32296960
1791526738 23-normal-b 736e3561d070 hwm_kb=48284 rss_kb=44820 cgroup_peak=32296960
1791526739 23-normal-b 736e3561d070 hwm_kb=48284 rss_kb=43668 cgroup_peak=32296960
1791526739 23-normal-b 736e3561d070 hwm_kb=48284 rss_kb=45100 cgroup_peak=32296960
1791526740 23-normal-b 736e3561d070 hwm_kb=48284 rss_kb=44744 cgroup_peak=32296960
1791526740 23-normal-b 736e3561d070 hwm_kb=48284 rss_kb=44576 cgroup_peak=32296960
1791526741 23-normal-b 736e3561d070 hwm_kb=48284 rss_kb=45156 cgroup_peak=32296960
1791526741 23-normal-b 736e3561d070 hwm_kb=48284 rss_kb=46120 cgroup_peak=32296960
1791526742 23-normal-b 736e3561d070 hwm_kb=48284 rss_kb=45464 cgroup_peak=32296960
1791526742 23-normal-b 736e3561d070 hwm_kb=48284 rss_kb=44640 cgroup_peak=32296960
1791526743 23-normal-b 736e3561d070 hwm_kb=48284 rss_kb=44672 cgroup_peak=32296960
1791526744 23-normal-b 736e3561d070 hwm_kb=48284 rss_kb=44360 cgroup_peak=32296960
1791526744 23-normal-b 736e3561d070 hwm_kb=48284 rss_kb=44752 cgroup_peak=32296960
1791526745 23-normal-b 736e3561d070 hwm_kb=48284 rss_kb=43368 cgroup_peak=32296960
1791526745 23-normal-b 736e3561d070 hwm_kb=48284 rss_kb=44652 cgroup_peak=32296960
1791526746 23-normal-b 736e3561d070 hwm_kb=48284 rss_kb=45008 cgroup_peak=32296960
1791526746 23-normal-b 736e3561d070 hwm_kb=48284 rss_kb=45424 cgroup_peak=32296960
1791526747 23-normal-b 736e3561d070 hwm_kb=48284 rss_kb=45752 cgroup_peak=32296960
1791526747 23-normal-b 736e3561d070 hwm_kb=48284 rss_kb=43796 cgroup_peak=32296960
1791526748 23-normal-b 736e3561d070 hwm_kb=49992 rss_kb=44580 cgroup_peak=33738752
1791526748 23-normal-b 736e3561d070 hwm_kb=49992 rss_kb=45364 cgroup_peak=33738752
1791526749 23-normal-b 736e3561d070 hwm_kb=49992 rss_kb=44756 cgroup_peak=33738752
1791526749 23-normal-b 736e3561d070 hwm_kb=49992 rss_kb=45396 cgroup_peak=33738752
1791526750 23-normal-b 736e3561d070 hwm_kb=49992 rss_kb=44992 cgroup_peak=33738752
1791526750 23-normal-b 736e3561d070 hwm_kb=49992 rss_kb=45248 cgroup_peak=33738752
1791526751 23-normal-b 736e3561d070 hwm_kb=49992 rss_kb=45340 cgroup_peak=33738752
1791526751 23-normal-b 736e3561d070 hwm_kb=49992 rss_kb=44964 cgroup_peak=33738752
1791526752 23-normal-b 736e3561d070 hwm_kb=49992 rss_kb=45292 cgroup_peak=33738752
1791526753 23-normal-b 736e3561d070 hwm_kb=49992 rss_kb=44864 cgroup_peak=33738752
1791526753 23-normal-b 736e3561d070 hwm_kb=49992 rss_kb=45108 cgroup_peak=33738752
1791526754 23-normal-b 736e3561d070 hwm_kb=49992 rss_kb=45804 cgroup_peak=33738752
1791526754 23-normal-b 736e3561d070 hwm_kb=49992 rss_kb=44588 cgroup_peak=33738752
1791526755 23-normal-b 736e3561d070 hwm_kb=49992 rss_kb=44680 cgroup_peak=33738752
1791526755 23-normal-b 736e3561d070 hwm_kb=49992 rss_kb=45424 cgroup_peak=33738752
1791526756 23-normal-b 736e3561d070 hwm_kb=49992 rss_kb=46936 cgroup_peak=33738752
1791526756 23-normal-b 736e3561d070 hwm_kb=49992 rss_kb=46852 cgroup_peak=33738752
1791526757 23-normal-b 736e3561d070 hwm_kb=49992 rss_kb=46308 cgroup_peak=33738752
1791526757 23-normal-b 736e3561d070 hwm_kb=49992 rss_kb=45732 cgroup_peak=33738752
1791526758 23-normal-b 736e3561d070 hwm_kb=49992 rss_kb=45696 cgroup_peak=33738752
1791526758 23-normal-b 736e3561d070 hwm_kb=49992 rss_kb=45660 cgroup_peak=33738752
1791526759 23-normal-b 736e3561d070 hwm_kb=49992 rss_kb=45300 cgroup_peak=33738752
1791526759 23-normal-b 736e3561d070 hwm_kb=49992 rss_kb=45272 cgroup_peak=33738752
1791526760 23-normal-b 736e3561d070 hwm_kb=49992 rss_kb=44564 cgroup_peak=33738752
1791526760 23-normal-b 736e3561d070 hwm_kb=49992 rss_kb=44936 cgroup_peak=33738752
1791526761 23-normal-b 736e3561d070 hwm_kb=49992 rss_kb=46436 cgroup_peak=33738752
1791526761 23-normal-b 736e3561d070 hwm_kb=49992 rss_kb=46004 cgroup_peak=33738752
1791526762 23-normal-b 736e3561d070 hwm_kb=49992 rss_kb=45764 cgroup_peak=33738752
1791526763 23-normal-b 736e3561d070 hwm_kb=49992 rss_kb=45052 cgroup_peak=33738752
1791526763 23-normal-b 736e3561d070 hwm_kb=63132 rss_kb=63192 cgroup_peak=50278400
1791526764 23-normal-b 736e3561d070 hwm_kb=101124 rss_kb=101124 cgroup_peak=90271744
1791526764 23-normal-b 736e3561d070 hwm_kb=128044 rss_kb=128052 cgroup_peak=118628352
1791526765 23-normal-b 736e3561d070 hwm_kb=128532 rss_kb=128532 cgroup_peak=120070144
1791526765 23-normal-b 736e3561d070 hwm_kb=129816 rss_kb=129120 cgroup_peak=122839040
1791526766 23-normal-b 736e3561d070 hwm_kb=129816 rss_kb=125592 cgroup_peak=124796928
1791526766 23-normal-b 736e3561d070 hwm_kb=131584 rss_kb=131504 cgroup_peak=128073728
1791526767 23-normal-b 736e3561d070 hwm_kb=135488 rss_kb=133040 cgroup_peak=133246976
1791526767 23-normal-b 736e3561d070 hwm_kb=139684 rss_kb=139684 cgroup_peak=138293248
1791526768 23-normal-b 736e3561d070 hwm_kb=139288 rss_kb=136632 cgroup_peak=138403840
1791526768 23-normal-b 736e3561d070 hwm_kb=139288 rss_kb=133228 cgroup_peak=138403840
1791526769 23-normal-b 736e3561d070 hwm_kb=139292 rss_kb=138360 cgroup_peak=139317248
1791526769 23-normal-b 736e3561d070 hwm_kb=139292 rss_kb=136028 cgroup_peak=139317248
1791526770 23-normal-b 736e3561d070 hwm_kb=139292 rss_kb=137552 cgroup_peak=139317248
1791526770 23-normal-b 736e3561d070 hwm_kb=139292 rss_kb=138076 cgroup_peak=141365248
1791526771 23-normal-b 736e3561d070 hwm_kb=139292 rss_kb=135656 cgroup_peak=141365248
1791526771 23-normal-b 736e3561d070 hwm_kb=139620 rss_kb=135720 cgroup_peak=145113088
1791526772 23-normal-b 736e3561d070 hwm_kb=139620 rss_kb=133600 cgroup_peak=145113088
1791526773 23-normal-b 736e3561d070 hwm_kb=139620 rss_kb=135640 cgroup_peak=145113088
1791526773 23-normal-b 736e3561d070 hwm_kb=139620 rss_kb=138412 cgroup_peak=146870272
1791526775 23-normal-b 75bb7d032334 hwm_kb=30676 rss_kb=30676 cgroup_peak=17375232
1791526775 23-normal-b 75bb7d032334 hwm_kb=30676 rss_kb=30676 cgroup_peak=17375232
1791526776 23-normal-b 75bb7d032334 hwm_kb=30676 rss_kb=30676 cgroup_peak=17375232
1791526776 23-normal-b 75bb7d032334 hwm_kb=30676 rss_kb=30676 cgroup_peak=17375232
1791526777 23-normal-b 75bb7d032334 hwm_kb=30676 rss_kb=30676 cgroup_peak=17375232
1791526777 23-normal-b 75bb7d032334 hwm_kb=30676 rss_kb=30676 cgroup_peak=17375232
1791526778 23-normal-b 75bb7d032334 hwm_kb=30920 rss_kb=30920 cgroup_peak=17375232
1791526778 23-normal-b 75bb7d032334 hwm_kb=43172 rss_kb=40956 cgroup_peak=27348992
1791526779 23-normal-b 75bb7d032334 hwm_kb=43172 rss_kb=41816 cgroup_peak=27348992
1791526779 23-normal-b 75bb7d032334 hwm_kb=43172 rss_kb=41312 cgroup_peak=27348992
1791526780 23-normal-b 75bb7d032334 hwm_kb=43172 rss_kb=41380 cgroup_peak=27348992
1791526780 23-normal-b 75bb7d032334 hwm_kb=44076 rss_kb=42256 cgroup_peak=28024832
1791526781 23-normal-b 75bb7d032334 hwm_kb=44488 rss_kb=43472 cgroup_peak=28397568
1791526782 23-normal-b 75bb7d032334 hwm_kb=44488 rss_kb=42456 cgroup_peak=28397568
1791526782 23-normal-b 75bb7d032334 hwm_kb=44488 rss_kb=43112 cgroup_peak=28745728
1791526783 23-normal-b 75bb7d032334 hwm_kb=44488 rss_kb=44104 cgroup_peak=28745728
1791526783 23-normal-b 75bb7d032334 hwm_kb=44488 rss_kb=42184 cgroup_peak=28745728
1791526784 23-normal-b 75bb7d032334 hwm_kb=44600 rss_kb=42852 cgroup_peak=28745728
1791526784 23-normal-b 75bb7d032334 hwm_kb=44600 rss_kb=43920 cgroup_peak=28807168
1791526785 23-normal-b 75bb7d032334 hwm_kb=45100 rss_kb=42752 cgroup_peak=29274112
1791526785 23-normal-b 75bb7d032334 hwm_kb=45100 rss_kb=42856 cgroup_peak=29274112
1791526786 23-normal-b 75bb7d032334 hwm_kb=45100 rss_kb=42428 cgroup_peak=29274112
1791526786 23-normal-b 75bb7d032334 hwm_kb=45100 rss_kb=42480 cgroup_peak=29274112
1791526787 23-normal-b 75bb7d032334 hwm_kb=45100 rss_kb=42728 cgroup_peak=29274112
1791526787 23-normal-b 75bb7d032334 hwm_kb=45120 rss_kb=44664 cgroup_peak=29356032
1791526788 23-normal-b 75bb7d032334 hwm_kb=45120 rss_kb=42888 cgroup_peak=29356032
1791526788 23-normal-b 75bb7d032334 hwm_kb=45120 rss_kb=40944 cgroup_peak=29356032
1791526789 23-normal-b 75bb7d032334 hwm_kb=45120 rss_kb=44976 cgroup_peak=29356032
1791526789 23-normal-b 75bb7d032334 hwm_kb=45120 rss_kb=41752 cgroup_peak=29356032
1791526790 23-normal-b 75bb7d032334 hwm_kb=45412 rss_kb=45412 cgroup_peak=29356032
1791526791 23-normal-b 75bb7d032334 hwm_kb=45120 rss_kb=43176 cgroup_peak=29356032
1791526791 23-normal-b 75bb7d032334 hwm_kb=45120 rss_kb=43684 cgroup_peak=29356032
1791526792 23-normal-b 75bb7d032334 hwm_kb=45328 rss_kb=41472 cgroup_peak=29384704
1791526792 23-normal-b 75bb7d032334 hwm_kb=45328 rss_kb=43844 cgroup_peak=29384704
1791526793 23-normal-b 75bb7d032334 hwm_kb=45328 rss_kb=42484 cgroup_peak=29384704
1791526793 23-normal-b 75bb7d032334 hwm_kb=45328 rss_kb=42092 cgroup_peak=29384704
1791526794 23-normal-b 75bb7d032334 hwm_kb=45328 rss_kb=43524 cgroup_peak=29384704
1791526794 23-normal-b 75bb7d032334 hwm_kb=45328 rss_kb=42396 cgroup_peak=29384704
1791526795 23-normal-b 75bb7d032334 hwm_kb=45672 rss_kb=43296 cgroup_peak=29523968
1791526795 23-normal-b 75bb7d032334 hwm_kb=45672 rss_kb=42452 cgroup_peak=29523968
1791526796 23-normal-b 75bb7d032334 hwm_kb=45672 rss_kb=42760 cgroup_peak=29523968
1791526796 23-normal-b 75bb7d032334 hwm_kb=45672 rss_kb=42164 cgroup_peak=29523968
1791526797 23-normal-b 75bb7d032334 hwm_kb=45672 rss_kb=43652 cgroup_peak=29523968
1791526797 23-normal-b 75bb7d032334 hwm_kb=46032 rss_kb=42656 cgroup_peak=29974528
1791526798 23-normal-b 75bb7d032334 hwm_kb=46032 rss_kb=42124 cgroup_peak=29974528
1791526798 23-normal-b 75bb7d032334 hwm_kb=46032 rss_kb=41508 cgroup_peak=29974528
1791526799 23-normal-b 75bb7d032334 hwm_kb=46032 rss_kb=42228 cgroup_peak=29974528
1791526800 23-normal-b 75bb7d032334 hwm_kb=46032 rss_kb=42340 cgroup_peak=29974528
1791526800 23-normal-b 75bb7d032334 hwm_kb=46032 rss_kb=43432 cgroup_peak=29974528
1791526801 23-normal-b 75bb7d032334 hwm_kb=46032 rss_kb=43640 cgroup_peak=29974528
1791526801 23-normal-b 75bb7d032334 hwm_kb=46032 rss_kb=43604 cgroup_peak=29974528
1791526802 23-normal-b 75bb7d032334 hwm_kb=46032 rss_kb=43108 cgroup_peak=29974528
1791526802 23-normal-b 75bb7d032334 hwm_kb=46032 rss_kb=43168 cgroup_peak=29974528
1791526803 23-normal-b 75bb7d032334 hwm_kb=46032 rss_kb=43688 cgroup_peak=29974528
1791526803 23-normal-b 75bb7d032334 hwm_kb=46032 rss_kb=43396 cgroup_peak=29974528
1791526804 23-normal-b 75bb7d032334 hwm_kb=46032 rss_kb=43524 cgroup_peak=29974528
1791526804 23-normal-b 75bb7d032334 hwm_kb=46032 rss_kb=43592 cgroup_peak=29974528
1791526805 23-normal-b 75bb7d032334 hwm_kb=46032 rss_kb=44464 cgroup_peak=29974528
1791526805 23-normal-b 75bb7d032334 hwm_kb=46032 rss_kb=43184 cgroup_peak=29974528
1791526806 23-normal-b 75bb7d032334 hwm_kb=46032 rss_kb=42360 cgroup_peak=29974528
1791526806 23-normal-b 75bb7d032334 hwm_kb=46032 rss_kb=43200 cgroup_peak=29974528
1791526807 23-normal-b 75bb7d032334 hwm_kb=46032 rss_kb=41864 cgroup_peak=29974528
1791526807 23-normal-b 75bb7d032334 hwm_kb=46032 rss_kb=43276 cgroup_peak=29974528
1791526808 23-normal-b 75bb7d032334 hwm_kb=46032 rss_kb=43040 cgroup_peak=29974528
1791526809 23-normal-b 75bb7d032334 hwm_kb=46032 rss_kb=43208 cgroup_peak=29974528
1791526809 23-normal-b 75bb7d032334 hwm_kb=46032 rss_kb=42120 cgroup_peak=29974528
1791526810 23-normal-b 75bb7d032334 hwm_kb=46032 rss_kb=41920 cgroup_peak=29974528
1791526810 23-normal-b 75bb7d032334 hwm_kb=46032 rss_kb=43664 cgroup_peak=29974528
1791526811 23-normal-b 75bb7d032334 hwm_kb=46508 rss_kb=42600 cgroup_peak=30281728
1791526811 23-normal-b 75bb7d032334 hwm_kb=46508 rss_kb=43356 cgroup_peak=30281728
1791526812 23-normal-b 75bb7d032334 hwm_kb=46508 rss_kb=42516 cgroup_peak=30281728
1791526812 23-normal-b 75bb7d032334 hwm_kb=46508 rss_kb=44924 cgroup_peak=30281728
1791526813 23-normal-b 75bb7d032334 hwm_kb=46508 rss_kb=43704 cgroup_peak=30281728
1791526813 23-normal-b 75bb7d032334 hwm_kb=46508 rss_kb=45664 cgroup_peak=30281728
1791526814 23-normal-b 75bb7d032334 hwm_kb=46508 rss_kb=43584 cgroup_peak=30281728
1791526814 23-normal-b 75bb7d032334 hwm_kb=46508 rss_kb=43764 cgroup_peak=30281728
1791526815 23-normal-b 75bb7d032334 hwm_kb=46508 rss_kb=43020 cgroup_peak=30281728
1791526815 23-normal-b 75bb7d032334 hwm_kb=46508 rss_kb=43544 cgroup_peak=30281728
1791526816 23-normal-b 75bb7d032334 hwm_kb=48492 rss_kb=44444 cgroup_peak=32464896
1791526816 23-normal-b 75bb7d032334 hwm_kb=48492 rss_kb=45780 cgroup_peak=32464896
1791526817 23-normal-b 75bb7d032334 hwm_kb=48492 rss_kb=44844 cgroup_peak=32464896
1791526817 23-normal-b 75bb7d032334 hwm_kb=48492 rss_kb=45320 cgroup_peak=32464896
1791526818 23-normal-b 75bb7d032334 hwm_kb=48492 rss_kb=47400 cgroup_peak=35401728
1791526819 23-normal-b 75bb7d032334 hwm_kb=88028 rss_kb=88028 cgroup_peak=77058048
1791526819 23-normal-b 75bb7d032334 hwm_kb=121712 rss_kb=121712 cgroup_peak=112427008
1791526820 23-normal-b 75bb7d032334 hwm_kb=126060 rss_kb=122692 cgroup_peak=118276096
1791526820 23-normal-b 75bb7d032334 hwm_kb=126060 rss_kb=125624 cgroup_peak=118755328
1791526821 23-normal-b 75bb7d032334 hwm_kb=131764 rss_kb=131764 cgroup_peak=125820928
1791526821 23-normal-b 75bb7d032334 hwm_kb=131680 rss_kb=128936 cgroup_peak=126496768
1791526822 23-normal-b 75bb7d032334 hwm_kb=131680 rss_kb=128460 cgroup_peak=127385600
1791526822 23-normal-b 75bb7d032334 hwm_kb=134756 rss_kb=133704 cgroup_peak=133545984
1791526823 23-normal-b 75bb7d032334 hwm_kb=134756 rss_kb=133488 cgroup_peak=133578752
1791526823 23-normal-b 75bb7d032334 hwm_kb=136168 rss_kb=133956 cgroup_peak=136806400
1791526824 23-normal-b 75bb7d032334 hwm_kb=136632 rss_kb=130292 cgroup_peak=137695232
1791526824 23-normal-b 75bb7d032334 hwm_kb=136632 rss_kb=134680 cgroup_peak=137695232
1791526825 23-normal-b 75bb7d032334 hwm_kb=136632 rss_kb=132852 cgroup_peak=137695232
1791526825 23-normal-b 75bb7d032334 hwm_kb=136632 rss_kb=131860 cgroup_peak=137695232
1791526826 23-normal-b 75bb7d032334 hwm_kb=136632 rss_kb=130252 cgroup_peak=137695232
1791526826 23-normal-b 75bb7d032334 hwm_kb=136632 rss_kb=130100 cgroup_peak=137695232
1791526827 23-normal-b 75bb7d032334 hwm_kb=136632 rss_kb=130056 cgroup_peak=138674176
1791526827 23-normal-b 75bb7d032334 hwm_kb=136632 rss_kb=133776 cgroup_peak=139272192
1791526828 23-normal-b 75bb7d032334 hwm_kb=136632 rss_kb=130368 cgroup_peak=139927552
1791526830 24-normal-main 50a336289ce5 hwm_kb=30932 rss_kb=30932 cgroup_peak=18055168
1791526831 24-normal-main 50a336289ce5 hwm_kb=30932 rss_kb=30932 cgroup_peak=18055168
1791526831 24-normal-main 50a336289ce5 hwm_kb=30932 rss_kb=30932 cgroup_peak=18055168
1791526832 24-normal-main 50a336289ce5 hwm_kb=30932 rss_kb=30932 cgroup_peak=18055168
1791526832 24-normal-main 50a336289ce5 hwm_kb=30932 rss_kb=30932 cgroup_peak=18055168
1791526833 24-normal-main 50a336289ce5 hwm_kb=30932 rss_kb=30932 cgroup_peak=18055168
1791526833 24-normal-main 50a336289ce5 hwm_kb=39532 rss_kb=39532 cgroup_peak=21868544
1791526834 24-normal-main 50a336289ce5 hwm_kb=49280 rss_kb=41048 cgroup_peak=33464320
1791526835 24-normal-main 50a336289ce5 hwm_kb=49280 rss_kb=41840 cgroup_peak=33464320
1791526835 24-normal-main 50a336289ce5 hwm_kb=49280 rss_kb=41236 cgroup_peak=33464320
1791526836 24-normal-main 50a336289ce5 hwm_kb=49280 rss_kb=42712 cgroup_peak=33464320
1791526836 24-normal-main 50a336289ce5 hwm_kb=49280 rss_kb=44788 cgroup_peak=33464320
1791526837 24-normal-main 50a336289ce5 hwm_kb=49280 rss_kb=43064 cgroup_peak=33464320
1791526837 24-normal-main 50a336289ce5 hwm_kb=49280 rss_kb=43092 cgroup_peak=33464320
1791526838 24-normal-main 50a336289ce5 hwm_kb=49280 rss_kb=42320 cgroup_peak=33464320
1791526838 24-normal-main 50a336289ce5 hwm_kb=49280 rss_kb=42948 cgroup_peak=33464320
1791526839 24-normal-main 50a336289ce5 hwm_kb=49280 rss_kb=42232 cgroup_peak=33464320
1791526839 24-normal-main 50a336289ce5 hwm_kb=49280 rss_kb=44176 cgroup_peak=33464320
1791526840 24-normal-main 50a336289ce5 hwm_kb=49280 rss_kb=44628 cgroup_peak=33464320
1791526840 24-normal-main 50a336289ce5 hwm_kb=49280 rss_kb=45104 cgroup_peak=33464320
1791526841 24-normal-main 50a336289ce5 hwm_kb=49280 rss_kb=42680 cgroup_peak=33464320
1791526841 24-normal-main 50a336289ce5 hwm_kb=49280 rss_kb=43476 cgroup_peak=33464320
1791526842 24-normal-main 50a336289ce5 hwm_kb=49280 rss_kb=42780 cgroup_peak=33464320
1791526842 24-normal-main 50a336289ce5 hwm_kb=49280 rss_kb=44924 cgroup_peak=33464320
1791526843 24-normal-main 50a336289ce5 hwm_kb=49280 rss_kb=43016 cgroup_peak=33464320
1791526844 24-normal-main 50a336289ce5 hwm_kb=49280 rss_kb=43892 cgroup_peak=33464320
1791526844 24-normal-main 50a336289ce5 hwm_kb=49280 rss_kb=42840 cgroup_peak=33464320
1791526845 24-normal-main 50a336289ce5 hwm_kb=49280 rss_kb=41716 cgroup_peak=33464320
1791526845 24-normal-main 50a336289ce5 hwm_kb=49280 rss_kb=41820 cgroup_peak=33464320
1791526846 24-normal-main 50a336289ce5 hwm_kb=49280 rss_kb=42424 cgroup_peak=33464320
1791526846 24-normal-main 50a336289ce5 hwm_kb=49280 rss_kb=43100 cgroup_peak=33464320
1791526847 24-normal-main 50a336289ce5 hwm_kb=49280 rss_kb=43440 cgroup_peak=33464320
1791526847 24-normal-main 50a336289ce5 hwm_kb=49280 rss_kb=43632 cgroup_peak=33464320
1791526848 24-normal-main 50a336289ce5 hwm_kb=49280 rss_kb=42664 cgroup_peak=33464320
1791526848 24-normal-main 50a336289ce5 hwm_kb=49280 rss_kb=42172 cgroup_peak=33464320
1791526849 24-normal-main 50a336289ce5 hwm_kb=49280 rss_kb=42200 cgroup_peak=33464320
1791526849 24-normal-main 50a336289ce5 hwm_kb=49280 rss_kb=42704 cgroup_peak=33464320
1791526850 24-normal-main 50a336289ce5 hwm_kb=49280 rss_kb=44200 cgroup_peak=33464320
1791526850 24-normal-main 50a336289ce5 hwm_kb=49280 rss_kb=43036 cgroup_peak=33464320
1791526851 24-normal-main 50a336289ce5 hwm_kb=49280 rss_kb=43928 cgroup_peak=33464320
1791526851 24-normal-main 50a336289ce5 hwm_kb=49280 rss_kb=43136 cgroup_peak=33464320
1791526852 24-normal-main 50a336289ce5 hwm_kb=49280 rss_kb=43240 cgroup_peak=33464320
1791526853 24-normal-main 50a336289ce5 hwm_kb=49280 rss_kb=41672 cgroup_peak=33464320
1791526853 24-normal-main 50a336289ce5 hwm_kb=49280 rss_kb=43648 cgroup_peak=33464320
1791526854 24-normal-main 50a336289ce5 hwm_kb=49280 rss_kb=41756 cgroup_peak=33464320
1791526854 24-normal-main 50a336289ce5 hwm_kb=49280 rss_kb=41868 cgroup_peak=33464320
1791526855 24-normal-main 50a336289ce5 hwm_kb=49280 rss_kb=42316 cgroup_peak=33464320
1791526855 24-normal-main 50a336289ce5 hwm_kb=49280 rss_kb=42420 cgroup_peak=33464320
1791526856 24-normal-main 50a336289ce5 hwm_kb=49280 rss_kb=42436 cgroup_peak=33464320
1791526856 24-normal-main 50a336289ce5 hwm_kb=49280 rss_kb=43720 cgroup_peak=33464320
1791526857 24-normal-main 50a336289ce5 hwm_kb=49280 rss_kb=43404 cgroup_peak=33464320
1791526857 24-normal-main 50a336289ce5 hwm_kb=49280 rss_kb=44732 cgroup_peak=33464320
1791526858 24-normal-main 50a336289ce5 hwm_kb=49280 rss_kb=43740 cgroup_peak=33464320
1791526858 24-normal-main 50a336289ce5 hwm_kb=49280 rss_kb=43088 cgroup_peak=33464320
1791526859 24-normal-main 50a336289ce5 hwm_kb=49280 rss_kb=43088 cgroup_peak=33464320
1791526859 24-normal-main 50a336289ce5 hwm_kb=49280 rss_kb=45160 cgroup_peak=33464320
1791526860 24-normal-main 50a336289ce5 hwm_kb=49280 rss_kb=45100 cgroup_peak=33464320
1791526860 24-normal-main 50a336289ce5 hwm_kb=49280 rss_kb=43348 cgroup_peak=33464320
1791526861 24-normal-main 50a336289ce5 hwm_kb=49280 rss_kb=43108 cgroup_peak=33464320
1791526861 24-normal-main 50a336289ce5 hwm_kb=49280 rss_kb=43868 cgroup_peak=33464320
1791526862 24-normal-main 50a336289ce5 hwm_kb=49280 rss_kb=43052 cgroup_peak=33464320
1791526863 24-normal-main 50a336289ce5 hwm_kb=49280 rss_kb=43364 cgroup_peak=33464320
1791526863 24-normal-main 50a336289ce5 hwm_kb=49280 rss_kb=43796 cgroup_peak=33464320
1791526864 24-normal-main 50a336289ce5 hwm_kb=49280 rss_kb=42456 cgroup_peak=33464320
1791526864 24-normal-main 50a336289ce5 hwm_kb=49280 rss_kb=43036 cgroup_peak=33464320
1791526865 24-normal-main 50a336289ce5 hwm_kb=49280 rss_kb=41916 cgroup_peak=33464320
1791526865 24-normal-main 50a336289ce5 hwm_kb=49280 rss_kb=42548 cgroup_peak=33464320
1791526866 24-normal-main 50a336289ce5 hwm_kb=49280 rss_kb=43908 cgroup_peak=33464320
1791526866 24-normal-main 50a336289ce5 hwm_kb=49280 rss_kb=43612 cgroup_peak=33464320
1791526867 24-normal-main 50a336289ce5 hwm_kb=49280 rss_kb=44956 cgroup_peak=33464320
1791526867 24-normal-main 50a336289ce5 hwm_kb=49280 rss_kb=43692 cgroup_peak=33464320
1791526868 24-normal-main 50a336289ce5 hwm_kb=49280 rss_kb=43992 cgroup_peak=33464320
1791526868 24-normal-main 50a336289ce5 hwm_kb=49280 rss_kb=44132 cgroup_peak=33464320
1791526869 24-normal-main 50a336289ce5 hwm_kb=49280 rss_kb=42184 cgroup_peak=35794944
1791526869 24-normal-main 50a336289ce5 hwm_kb=49280 rss_kb=43776 cgroup_peak=35794944
1791526870 24-normal-main 50a336289ce5 hwm_kb=49280 rss_kb=43856 cgroup_peak=35794944
1791526870 24-normal-main 50a336289ce5 hwm_kb=49280 rss_kb=42832 cgroup_peak=35794944
1791526871 24-normal-main 50a336289ce5 hwm_kb=49280 rss_kb=44540 cgroup_peak=35794944
1791526872 24-normal-main 50a336289ce5 hwm_kb=49280 rss_kb=43384 cgroup_peak=35794944
1791526872 24-normal-main 50a336289ce5 hwm_kb=49280 rss_kb=44536 cgroup_peak=35794944
1791526873 24-normal-main 50a336289ce5 hwm_kb=49280 rss_kb=43808 cgroup_peak=35794944
1791526873 24-normal-main 50a336289ce5 hwm_kb=49280 rss_kb=43760 cgroup_peak=35794944
1791526874 24-normal-main 50a336289ce5 hwm_kb=56348 rss_kb=56348 cgroup_peak=46116864
1791526874 24-normal-main 50a336289ce5 hwm_kb=93256 rss_kb=93256 cgroup_peak=84881408
1791526875 24-normal-main 50a336289ce5 hwm_kb=122928 rss_kb=122928 cgroup_peak=116211712
1791526875 24-normal-main 50a336289ce5 hwm_kb=125708 rss_kb=122624 cgroup_peak=119910400
1791526876 24-normal-main 50a336289ce5 hwm_kb=125708 rss_kb=123392 cgroup_peak=119910400
1791526876 24-normal-main 50a336289ce5 hwm_kb=127296 rss_kb=126660 cgroup_peak=123310080
1791526877 24-normal-main 50a336289ce5 hwm_kb=130680 rss_kb=130680 cgroup_peak=127660032
1791526877 24-normal-main 50a336289ce5 hwm_kb=130368 rss_kb=127984 cgroup_peak=127954944
1791526878 24-normal-main 50a336289ce5 hwm_kb=132128 rss_kb=127180 cgroup_peak=131063808
1791526878 24-normal-main 50a336289ce5 hwm_kb=133608 rss_kb=133608 cgroup_peak=133345280
1791526879 24-normal-main 50a336289ce5 hwm_kb=135796 rss_kb=133756 cgroup_peak=136810496
1791526879 24-normal-main 50a336289ce5 hwm_kb=135796 rss_kb=134336 cgroup_peak=136810496
1791526880 24-normal-main 50a336289ce5 hwm_kb=135796 rss_kb=131944 cgroup_peak=138317824
1791526880 24-normal-main 50a336289ce5 hwm_kb=135796 rss_kb=134444 cgroup_peak=138465280
1791526881 24-normal-main 50a336289ce5 hwm_kb=135796 rss_kb=134352 cgroup_peak=139206656
1791526882 24-normal-main 50a336289ce5 hwm_kb=135796 rss_kb=132440 cgroup_peak=139767808
1791526882 24-normal-main 50a336289ce5 hwm_kb=135796 rss_kb=132612 cgroup_peak=139767808
1791526883 24-normal-main 50a336289ce5 hwm_kb=135796 rss_kb=133676 cgroup_peak=141778944
1791526883 24-normal-main 50a336289ce5 hwm_kb=135796 rss_kb=134140 cgroup_peak=143654912
1791526884 24-normal-main 50a336289ce5 hwm_kb=137520 rss_kb=134168 cgroup_peak=146452480
1791526885 24-normal-main d640b81d617f hwm_kb=31632 rss_kb=31632 cgroup_peak=17924096
1791526886 24-normal-main d640b81d617f hwm_kb=31632 rss_kb=31632 cgroup_peak=17924096
1791526886 24-normal-main d640b81d617f hwm_kb=31632 rss_kb=31632 cgroup_peak=17924096
1791526887 24-normal-main d640b81d617f hwm_kb=31632 rss_kb=31632 cgroup_peak=17924096
1791526887 24-normal-main d640b81d617f hwm_kb=31632 rss_kb=31632 cgroup_peak=17924096
1791526888 24-normal-main d640b81d617f hwm_kb=31632 rss_kb=31632 cgroup_peak=17924096
1791526888 24-normal-main d640b81d617f hwm_kb=33988 rss_kb=33988 cgroup_peak=17924096
1791526889 24-normal-main d640b81d617f hwm_kb=43336 rss_kb=41576 cgroup_peak=27480064
1791526889 24-normal-main d640b81d617f hwm_kb=43336 rss_kb=41696 cgroup_peak=27480064
1791526890 24-normal-main d640b81d617f hwm_kb=43336 rss_kb=41420 cgroup_peak=27480064
1791526891 24-normal-main d640b81d617f hwm_kb=43336 rss_kb=40500 cgroup_peak=27480064
1791526891 24-normal-main d640b81d617f hwm_kb=45340 rss_kb=45028 cgroup_peak=29585408
1791526892 24-normal-main d640b81d617f hwm_kb=45340 rss_kb=44884 cgroup_peak=29585408
1791526892 24-normal-main d640b81d617f hwm_kb=45340 rss_kb=43152 cgroup_peak=29585408
1791526893 24-normal-main d640b81d617f hwm_kb=45976 rss_kb=43532 cgroup_peak=29962240
1791526893 24-normal-main d640b81d617f hwm_kb=45976 rss_kb=43412 cgroup_peak=29962240
1791526894 24-normal-main d640b81d617f hwm_kb=45976 rss_kb=43960 cgroup_peak=29962240
1791526894 24-normal-main d640b81d617f hwm_kb=45976 rss_kb=42740 cgroup_peak=29962240
1791526895 24-normal-main d640b81d617f hwm_kb=46968 rss_kb=42252 cgroup_peak=30748672
1791526895 24-normal-main d640b81d617f hwm_kb=46968 rss_kb=42380 cgroup_peak=30748672
1791526896 24-normal-main d640b81d617f hwm_kb=46968 rss_kb=43952 cgroup_peak=30748672
1791526896 24-normal-main d640b81d617f hwm_kb=46968 rss_kb=42716 cgroup_peak=30748672
1791526897 24-normal-main d640b81d617f hwm_kb=46968 rss_kb=44084 cgroup_peak=30748672
1791526897 24-normal-main d640b81d617f hwm_kb=46968 rss_kb=42708 cgroup_peak=30748672
1791526898 24-normal-main d640b81d617f hwm_kb=46968 rss_kb=43876 cgroup_peak=30748672
1791526898 24-normal-main d640b81d617f hwm_kb=46968 rss_kb=43332 cgroup_peak=30748672
1791526899 24-normal-main d640b81d617f hwm_kb=46968 rss_kb=41620 cgroup_peak=30748672
1791526900 24-normal-main d640b81d617f hwm_kb=46968 rss_kb=43556 cgroup_peak=30748672
1791526900 24-normal-main d640b81d617f hwm_kb=46968 rss_kb=42756 cgroup_peak=30748672
1791526901 24-normal-main d640b81d617f hwm_kb=46968 rss_kb=43204 cgroup_peak=30748672
1791526901 24-normal-main d640b81d617f hwm_kb=46968 rss_kb=43668 cgroup_peak=30748672
1791526902 24-normal-main d640b81d617f hwm_kb=46968 rss_kb=43660 cgroup_peak=30748672
1791526902 24-normal-main d640b81d617f hwm_kb=46968 rss_kb=42948 cgroup_peak=30748672
1791526903 24-normal-main d640b81d617f hwm_kb=46968 rss_kb=43920 cgroup_peak=30748672
1791526903 24-normal-main d640b81d617f hwm_kb=46968 rss_kb=42752 cgroup_peak=30748672
1791526904 24-normal-main d640b81d617f hwm_kb=46968 rss_kb=43160 cgroup_peak=30748672
1791526904 24-normal-main d640b81d617f hwm_kb=46968 rss_kb=43104 cgroup_peak=30748672
1791526905 24-normal-main d640b81d617f hwm_kb=47552 rss_kb=42952 cgroup_peak=31571968
1791526905 24-normal-main d640b81d617f hwm_kb=47552 rss_kb=43096 cgroup_peak=31571968
1791526906 24-normal-main d640b81d617f hwm_kb=47552 rss_kb=43692 cgroup_peak=31571968
1791526906 24-normal-main d640b81d617f hwm_kb=47552 rss_kb=42180 cgroup_peak=31571968
1791526907 24-normal-main d640b81d617f hwm_kb=47552 rss_kb=44024 cgroup_peak=31571968
1791526907 24-normal-main d640b81d617f hwm_kb=47552 rss_kb=42444 cgroup_peak=31571968
1791526908 24-normal-main d640b81d617f hwm_kb=47552 rss_kb=43892 cgroup_peak=31571968
1791526909 24-normal-main d640b81d617f hwm_kb=47552 rss_kb=42792 cgroup_peak=31571968
1791526909 24-normal-main d640b81d617f hwm_kb=47552 rss_kb=43124 cgroup_peak=31571968
1791526910 24-normal-main d640b81d617f hwm_kb=47552 rss_kb=42772 cgroup_peak=31571968
1791526910 24-normal-main d640b81d617f hwm_kb=47552 rss_kb=41876 cgroup_peak=31571968
1791526911 24-normal-main d640b81d617f hwm_kb=47552 rss_kb=43596 cgroup_peak=31571968
1791526911 24-normal-main d640b81d617f hwm_kb=47552 rss_kb=43468 cgroup_peak=31571968
1791526912 24-normal-main d640b81d617f hwm_kb=47552 rss_kb=43580 cgroup_peak=31571968
1791526912 24-normal-main d640b81d617f hwm_kb=47552 rss_kb=43308 cgroup_peak=31571968
1791526913 24-normal-main d640b81d617f hwm_kb=47552 rss_kb=44052 cgroup_peak=31571968
1791526913 24-normal-main d640b81d617f hwm_kb=47552 rss_kb=44060 cgroup_peak=31571968
1791526914 24-normal-main d640b81d617f hwm_kb=47552 rss_kb=44412 cgroup_peak=31571968
1791526914 24-normal-main d640b81d617f hwm_kb=47552 rss_kb=43204 cgroup_peak=31571968
1791526915 24-normal-main d640b81d617f hwm_kb=47552 rss_kb=43684 cgroup_peak=31571968
1791526915 24-normal-main d640b81d617f hwm_kb=47552 rss_kb=44188 cgroup_peak=31571968
1791526916 24-normal-main d640b81d617f hwm_kb=47552 rss_kb=44288 cgroup_peak=31571968
1791526916 24-normal-main d640b81d617f hwm_kb=47552 rss_kb=43948 cgroup_peak=31571968
1791526917 24-normal-main d640b81d617f hwm_kb=47552 rss_kb=44268 cgroup_peak=31571968
1791526918 24-normal-main d640b81d617f hwm_kb=47552 rss_kb=43708 cgroup_peak=31571968
1791526918 24-normal-main d640b81d617f hwm_kb=47552 rss_kb=42604 cgroup_peak=31571968
1791526919 24-normal-main d640b81d617f hwm_kb=47552 rss_kb=43128 cgroup_peak=31571968
1791526919 24-normal-main d640b81d617f hwm_kb=47552 rss_kb=43128 cgroup_peak=31571968
1791526920 24-normal-main d640b81d617f hwm_kb=47552 rss_kb=42720 cgroup_peak=31571968
1791526920 24-normal-main d640b81d617f hwm_kb=47552 rss_kb=42640 cgroup_peak=31571968
1791526921 24-normal-main d640b81d617f hwm_kb=47552 rss_kb=44248 cgroup_peak=31571968
1791526921 24-normal-main d640b81d617f hwm_kb=47552 rss_kb=44160 cgroup_peak=31571968
1791526922 24-normal-main d640b81d617f hwm_kb=47552 rss_kb=43400 cgroup_peak=31571968
1791526922 24-normal-main d640b81d617f hwm_kb=47552 rss_kb=44172 cgroup_peak=31571968
1791526923 24-normal-main d640b81d617f hwm_kb=47552 rss_kb=43780 cgroup_peak=31571968
1791526923 24-normal-main d640b81d617f hwm_kb=47552 rss_kb=43776 cgroup_peak=31571968
1791526924 24-normal-main d640b81d617f hwm_kb=47552 rss_kb=44704 cgroup_peak=31571968
1791526924 24-normal-main d640b81d617f hwm_kb=47552 rss_kb=45884 cgroup_peak=31571968
1791526925 24-normal-main d640b81d617f hwm_kb=47552 rss_kb=44056 cgroup_peak=31571968
1791526925 24-normal-main d640b81d617f hwm_kb=47552 rss_kb=43740 cgroup_peak=31571968
1791526926 24-normal-main d640b81d617f hwm_kb=47552 rss_kb=45428 cgroup_peak=31571968
1791526926 24-normal-main d640b81d617f hwm_kb=47552 rss_kb=44664 cgroup_peak=31571968
1791526927 24-normal-main d640b81d617f hwm_kb=47552 rss_kb=41940 cgroup_peak=31571968
1791526928 24-normal-main d640b81d617f hwm_kb=47552 rss_kb=43884 cgroup_peak=31571968
1791526928 24-normal-main d640b81d617f hwm_kb=47552 rss_kb=44512 cgroup_peak=31571968
1791526929 24-normal-main d640b81d617f hwm_kb=57732 rss_kb=57732 cgroup_peak=44535808
1791526929 24-normal-main d640b81d617f hwm_kb=88464 rss_kb=88464 cgroup_peak=77135872
1791526930 24-normal-main d640b81d617f hwm_kb=121748 rss_kb=121752 cgroup_peak=112017408
1791526930 24-normal-main d640b81d617f hwm_kb=124484 rss_kb=124484 cgroup_peak=115843072
1791526931 24-normal-main d640b81d617f hwm_kb=127940 rss_kb=127940 cgroup_peak=119922688
1791526931 24-normal-main d640b81d617f hwm_kb=129732 rss_kb=129732 cgroup_peak=122802176
1791526932 24-normal-main d640b81d617f hwm_kb=132008 rss_kb=129024 cgroup_peak=126128128
1791526932 24-normal-main d640b81d617f hwm_kb=132008 rss_kb=130904 cgroup_peak=126214144
1791526933 24-normal-main d640b81d617f hwm_kb=132008 rss_kb=131604 cgroup_peak=127315968
1791526933 24-normal-main d640b81d617f hwm_kb=132864 rss_kb=131596 cgroup_peak=130146304
1791526934 24-normal-main d640b81d617f hwm_kb=132864 rss_kb=132304 cgroup_peak=130633728
1791526934 24-normal-main d640b81d617f hwm_kb=134144 rss_kb=132468 cgroup_peak=132620288
1791526935 24-normal-main d640b81d617f hwm_kb=135412 rss_kb=134788 cgroup_peak=135028736
1791526935 24-normal-main d640b81d617f hwm_kb=135612 rss_kb=130572 cgroup_peak=135147520
1791526936 24-normal-main d640b81d617f hwm_kb=135612 rss_kb=132336 cgroup_peak=135147520
1791526937 24-normal-main d640b81d617f hwm_kb=135612 rss_kb=132996 cgroup_peak=136253440
1791526937 24-normal-main d640b81d617f hwm_kb=135612 rss_kb=133392 cgroup_peak=138371072
1791526938 24-normal-main d640b81d617f hwm_kb=135612 rss_kb=131248 cgroup_peak=138371072
1791526938 24-normal-main d640b81d617f hwm_kb=135612 rss_kb=133776 cgroup_peak=139284480
1791526939 24-normal-main d640b81d617f hwm_kb=135612 rss_kb=128712 cgroup_peak=139284480
